4274.763114791104,1025.7379123718458,4705.406199440022,4647.192534605382,351.3241518584309,4042.447182888042,3239.085034891016,2871.4322551483547,4371.49407191333,4805.168700652152,4134.756790718112,4982.346019529138,1703.7818554162232,650.9998063103506,3986.697246403941,4789.413787143867,2386.545349485626,1973.8010774264358,83.92738304670966,4183.591230206587,3680.140340898781,2571.122562645752,2460.127726430723,4154.541057481712,4422.25172812957,1939.8238803813583,3154.7639916958324,3865.5072333479347,3048.490322065893,3019.1336202845605,3520.9529483722795,2823.7484130647917,1669.7627338041377,4186.474437324756,457.87566188493554,1913.725361161435,496.74131051965776,4089.846286330977,1593.180440311861,2867.7574689315165,2225.4396865248627,2276.209606527626,3108.090756879631,744.9453144345753,1841.277989689537,334.05355957678404,4291.0872922955095,3654.354360207233,832.3552208157025,3200.4865150652313,91.8730633988346,4582.451724204632,1523.2409401009577,2584.346512783742,2485.5121047862767,3216.946720603413,4215.981887015411,1579.3554286541632,3852.419545207714,250.0637624173041,2000.0216240744473,3228.717719907292,2796.1592833550512,2880.9117910574655,1336.4298465159525,1859.9730866343389,4295.541021748136,297.72530039119783,1524.174037856308,487.27466174896927,3181.468807300815,1246.9018304124536,1250.2907066906182,3422.968104959888,854.9998927992075,4206.110266100117,1859.397174102248,4471.966423320657,549.9712074685548,3126.031288189659,130.8909304798922,2924.7305011800904,4160.148940194564,3088.48059487663,1844.018123700391,4042.0118361847262,1109.426155643503,3528.809440281371,824.4549459840755,4662.508483120795,1367.3453179252565,2126.660581593722,2911.4221795952108,4422.1450481332595,1043.6704957742943,2745.9779332667,2632.3194723545744,1608.7871437276042,1527.7489155318735,1751.9275261263717,321.1428162482427,3008.4198073455154,1611.9557364628995,640.710430542648,2839.3134005080424,3697.738849397199,380.4319650179877,3036.251103522735,4096.017123556025,2377.070327479364,44.04192890904213,1639.2759700129,641.2249113693841,2306.254303528215,4868.822102836249,1829.9345780302046,3082.3890360417,3181.3577440713834,217.68721883441256,1337.2799289055909,889.6744011987756,3477.2171420493796,3228.629350143427,2924.491377867205,2068.2923083823653,4024.0897670479435,3331.8894478459506,1469.8357494226382,4528.971386882099,4237.134729828751,24.02643372594715,3914.249855550733,199.18282374696005,723.7485235372748,909.1483902132525,2718.717860844636,1053.4129321747032,15.076022728203743,205.2002526740776,4190.448431981469,3193.9372694547574,594.4976057818369,2874.5136689478463,2.8975722104357393,2894.833353003437,3360.677390865904,4119.921074383719,52.368145216343805,3870.760995644515,467.8857846983908,2586.562484681933,2948.5880697921657,4852.728472017952,4560.55591372076,1085.891734966632,2401.6857891248974,3667.4901198442954,3858.9301058554597,2209.94609052408,4217.405917294812,1901.0919772288114,3213.4495047131745,4046.8872571674897,2614.1605523965072,228.83965921080772,3489.1662993672344,260.7858149429754,3511.0090130170624,500.49532413644124,1442.9552538584871,3921.866360753411,4954.290043509234,3693.9860947765414,1732.4578903284632,2652.5674791707547,3006.8973129071396,1203.664881395491,1236.9468394693122,1261.6040731949447,2871.633247899803,3795.4975763485527,4372.6527671679,3553.804252162829,2185.7388478213456,3562.538684493886,1525.419308871418,4737.9242498281,981.2769960364576,4692.315262278126,619.4831362581438,4487.738347201576,3243.521344342863,4923.527534666062,2352.4397133020925,4490.586147584736,2229.9439120991237,2857.800093104158,4225.417123433224,692.2144937357422,4574.003471177711
133.0490166163312,1687.2865673598337,3902.8460199387864,1620.8367598106154,364.84704129968407,1162.376548517054,3172.8279362023277,224.43534783539664,2159.63898535782,1504.5995974104037,648.3546390331202,337.9545574695586,2002.9733955939178,3314.102908159264,4852.505045842153,2682.1260187707862,3054.577622016308,1166.9612786364214,2306.160479319269,2977.0566748760684,3084.96220071984,4869.784953426459,4801.032934438882,3324.7785990225757,417.0177859693674,3179.5620581366975,2381.3378498617626,2641.908168224312,4343.756175136931,1469.8610319606132,580.6947401224821,2238.8948195934654,1353.5846126434303,3750.195010508628,443.16130086585747,2965.9146368801617,4687.6911491208,100.2272048406827,4042.195022008177,1517.9401432781003,1374.8857278358462,3054.0164938078055,3967.3453239085966,3106.359541758284,4238.0539914313895,1301.074574824192,753.3288384371228,2018.6586844736892,1478.206357741405,4867.163993784943,91.32935030707057,1635.1566680840135,1767.1014035079409,128.64425313049378,1072.7904080372414,2579.5953507646627,500.19980831562003,4512.500880665628,3461.534294488684,2230.653723044257,795.8159907167494,123.59119494566029,4075.405041360813,4433.109819826162,551.3490323182024,2050.6118751723257,4998.481941706211,4916.015363934131,1800.8530717102471,178.34114517630394,3699.354728026073,727.9835618496866,2438.3373308810696,2813.9248445386256,130.70567352115538,2896.1998445146287,202.8813206136154,597.1161925036456,3224.1132162470303,1948.3961363113417,2141.37962725369,838.7916721529881,3573.4556268805995,4392.793358750225,720.7438389845372,2270.763103295605,1236.90314257437,1736.1855772063827,2115.0118820721177,1662.6719939630668,4394.3306487465,1042.3701282670777,2916.5331382061,3868.175314275504,3319.7110321677137,2153.7966775976574,891.7810143485566,1391.29345773097,3324.442336092023,393.6232557061148,2393.4920469041576,4527.276373866733,3925.918005170639,783.1758879110157,1388.10545314484,990.303431057632,181.0237414851601,1358.4999678163178,3677.0362899054835,4227.784402438284,2600.9135780447373,42.00083115655173,3586.9468701075207,3670.2095469694923,3465.596253315212,560.641125101542,4406.770348526634,987.49704385524,4775.5166486670305,2831.4746148691133,2322.032227152413,710.4255238950847,3289.7716627970894,4471.189858174344,737.0657057455604,2005.134033124405,4958.105012193156,2001.0419246965878,3796.6126195720985,3360.768702031503,4139.3423432771,4309.13081678381,3772.3139678760676,4062.699741050185,2710.958497583524,4630.945702868042,2256.715686173779,1958.707938227311,2812.257060817215,159.46281894713476,794.7812890713946,4348.087778571106,1509.146453451003,621.8482561186212,3446.54771332142,1856.4991929764751,1506.3926173594327,2207.4803375324955,2937.6142607681795,4682.428653187718,3102.465054861948,3614.000342447239,4672.90978346676,3155.789896848589,3408.261952148768,4115.80823775657,4349.6641389428205,3810.1705713899432,2215.6076155473984,46.60239317405335,2734.838148644273,812.1424556376022,176.85519887943036,1265.895245466927,3585.8151442757003,1382.4450390435022,3265.389984339445,3538.9347213264587,3834.918578444274,603.2684237166258,2187.881624097388,4952.0679959891795,1062.2847187872935,916.6618487201861,2038.4413638948884,947.4721199437936,2580.378230411293,1645.1872445690763,4237.0761002032195,220.29022020535083,79.35166811588678,4926.718832708484,2327.521039565445,4540.909840587891,1219.2863477758776,888.6845918353414,59.96348640452953,3122.3986521267934,3764.3642114918334,3793.912437220703,553.27649072622,3158.2366768000174,1202.0544200998502,2447.2455282180676,1380.616668250428,4228.529054181779,3522.8877779949157,3775.6213840442488,1821.6281209310391,4717.581817771996
55.31815735830031,218.6847210403507,412.6921055406454,302.9309765469404,113.98354414115703,11.854792544108594,177.681008031484,306.17852655185004,299.345792000708,380.3785013391875,448.7420135927406,57.079644765440364,40.844898077223526,310.7936588794323,32.181462337557086,126.71206747122422,486.1578427349564,6.109076534674296,65.76552297228999,371.69748312233565,478.4514027679656,152.05359276205337,492.21991388827996,44.582614429750976,176.84934382982127,164.81217379079698,351.3839621628441,155.12624785107303,49.67556087371228,499.34277619159735,393.61817903847685,89.91866402106174,444.7322222332625,315.83512487834804,289.00263629709434,104.11194090409765,230.4545162489498,94.2456088829437,344.63228818156483,370.45682084216355,57.053437359429026,173.20686336341961,254.36506498738225,126.6771695954299,365.93804606819964,136.9193216983602,495.8255669479939,25.369419598356867,400.46340283908654,225.82174433612528,20.14847144396442,62.421254622350986,113.93335339474925,105.33311933998091,236.2313971645995,488.2681434583634,446.8690926474142,102.70085263632123,121.27917865732363,329.84941813321336,287.38359354014045,453.12440925114794,161.17276895022553,216.56089580433436,94.9127226667606,446.1562147512434,388.5036675145744,444.3434691760167,244.6593258255466,462.0197632446627,290.2434688128871,111.71187620238437,74.8581766176985,231.14602663445228,401.1090178230869,114.88692846927661,319.9223487178374,317.0487429870878,16.412407017169727,329.17981229483274,241.05308272587666,383.43997405242,387.5617036145324,0.5516518609778309,421.5610186228991,44.30396304732553,498.2638845228981,340.87385244252226,332.3467160620031,245.49851646195143,116.96611821975583,400.7821728419614,369.6071098399715,32.75231500462633,180.97107738807844,436.660123418467,472.6142757294897,356.0734935710547,72.56950596428874,89.12412803442338,354.17363376607744,148.55118130445928,490.12343721680793,266.233369118735,375.49109058697144,362.61777311180475,316.1258711803898,196.2606201018719,303.97702535276653,253.7334040958899,445.048296181981,382.3753354923402,17.962729813880806,48.830936748507916,137.67865155077124,298.7953627914195,441.8396043310528,346.1473868073907,28.219930840667708,235.69675822830504,465.69803393624727,495.85452742045453,263.7859532205121,483.68513344534114,20.40694814793975,0.6844427970333911,317.4847648324744,444.6408498950806,265.1179862677073,249.94028006495117,185.57816051085933,207.06695604117488,63.34217654791102,444.8421021786616,205.37918818213402,288.24728868496413,229.91730774520724,88.5148625967993,255.35298791457257,472.2064858333052,225.18325104124253,139.4299653900321,332.1795577844544,126.80707317487611,471.13137021106263,431.99267320316056,258.8495814597948,92.67927182697593,54.800464752743416,456.35018201427187,101.5665508340386,429.3545902923793,368.11189720145495,165.52782771675396,24.94121368790414,348.09679867784405,469.1044582082729,287.05212869988384,103.52545541091146,351.26590659298313,16.666958877978644,464.33931999101526,222.0484006329606,13.332065885053312,434.67409211289765,212.8277920122129,33.77918780433259,131.94507087057428,310.08346427063435,155.19575630078475,394.9152784647752,270.80412765661794,50.5474454681733,300.25151084246994,403.36535248360667,47.22447106488909,255.4741916167803,33.04258674938671,418.10177059460125,416.3656011118739,165.5247099005715,485.5233103482163,327.96542647444846,116.25528144271041,201.9938437317727,469.6398937522194,275.52644418629893,350.69669957674165,288.9977119723561,357.2442561615338,102.56188843964969,9.429503155773622,359.55185033039794,80.66889010556855,430.6185851684496,91.40362399123141,166.07574587428263,10.369488583452103,379.112293514985,143.40130443317213
330.8583670961308,350.8357089046489,208.78943799758937,345.4715244768221,154.09094853614386,114.31897507237926,74.26330408281245,295.13492577011965,180.00959158616985,7.023399744300718,432.1955046331167,323.06556096864347,156.24315328411183,484.7634647645987,416.53887481002783,71.0870140735243,333.6783624397962,186.02299506310683,171.23013978035863,131.77064422252215,491.45852933584723,181.3397606971273,15.548664026916349,78.00043014284131,105.71807091258512,217.74016356400978,425.383325867951,208.72387368442529,223.11677206711812,393.86543112096234,216.66933718103647,148.41418459331734,59.908898377662446,381.88975079036675,355.1297178287594,475.76830684776684,108.10111051891718,193.9054390734757,43.476075291025985,162.27661575486513,35.542943911932745,142.49370724075095,398.30789994358327,22.558396099295386,117.93848743226809,364.44073893199936,222.16163989552425,6.325918390894525,127.52711942245237,129.45605821750965,284.24266266793865,145.2399428631749,136.78807339993747,348.20946614312163,67.09208594014993,60.21700639117606,23.938339700684818,103.59807588020303,269.91817895464686,93.18896338869226,306.327287203369,302.360548267666,253.1542066542642,251.7461630732044,167.51898972335115,183.61321210374194,71.30376980190906,33.86427979776324,52.050586888440996,106.13319550338896,44.31973965085384,221.72840951936573,496.60982191497783,483.1974099186619,99.86916593901474,146.39532900879487,347.92182952168696,398.66527417464727,146.8025565318944,104.36707221075892,289.8197467729537,29.792636861286415,257.99435900781606,107.09988825130966,177.22835882541565,125.013895674157,387.1488307606951,195.00920344704122,313.29029404516535,140.77892677551128,19.960256499499117,136.8263940936218,366.5724874872881,204.37079637845218,381.7422144669887,258.5046671170303,412.2412837776927,428.3833775648034,388.02801135889695,319.04717115275264,46.832619723256805,10.139471042034332,452.56363212474696,156.4921840021391,400.8111242396102,446.9084623980641,420.7145028055573,429.30076875258004,405.13630557977075,365.9369699284849,389.29824671431663,68.10641541865803,180.40055900083846,287.7650187906822,388.80016435835455,116.15730186081619,118.27440302725955,203.71692098163163,127.38567481926371,426.1562996251624,75.08289257052868,110.29373579981954,200.4610699578231,65.00695647076088,39.41378523796085,167.569393361471,94.37366606900555,1.241715807157262,32.038378809634004,119.00280294676485,18.298491547910857,112.4788389068373,300.6045268844583,368.0299425457936,359.6328986906426,284.5001891053525,45.48330847219473,295.2263944187814,476.8912596682698,209.84173276580609,441.43142103900004,276.21183346044546,25.79974669458107,65.95197930606989,170.44295595469194,27.37828851990126,488.742064316655,220.967069773744,331.32317234635946,142.36264865578468,99.5227215713988,488.02951198290907,330.5979462773363,261.09410645193924,345.9398534243869,81.35505296277829,179.96096893851492,200.85860094136078,239.16522316532013,419.970448258358,261.1369047312043,243.8992920727038,115.28774133823167,354.671456288509,123.97894878482435,243.41159231440855,348.25100975560485,83.88785806136856,188.2014500702658,112.50122341144724,101.09052359851478,223.71826445729937,415.025205619212,412.65196003725845,427.7206400120084,45.655343565062566,252.5990238697103,364.330392973955,140.09260344319745,219.19011627444957,63.68283863174301,32.74632625029283,95.11051096031487,68.24697542624774,360.00531112411136,322.3414309366527,104.84472802565243,465.8129451601435,492.45009578944615,56.8926629240728,406.97985191364813,465.6571715519139,129.0563713110966,320.46122390118023,92.24839388821354,196.77650040772315,255.31660050664524,214.21706646785893,446.8965516941967,380.40242087553327
482.8538733923497,475.1532247486527,260.5205765150664,127.4451097332071,104.42379884873276,342.5709446279691,13.883555998037478,99.33640100094404,453.50812482839973,419.7696209123195,160.15370022186264,344.43196213201276,448.348014048171,296.0919403388816,461.85354953208423,54.51258848063078,462.87036342184166,173.8212628767193,162.28004218916232,86.33382692366065,266.0338623266829,459.2917893676623,261.89519925714984,98.12986658760265,67.32372143558779,86.50251966511685,263.02224803429203,182.46842249500972,40.690247660514046,169.32338626162215,330.5731206958614,354.93747182820294,425.79187236015946,225.2749566435468,93.11291360002627,0.9615584318981574,63.68072917348133,114.6369416951623,370.0331559711447,418.08153512601865,199.67162732384537,120.82193717282335,113.43195708913562,377.85868672423953,152.69569403702843,20.515180667934672,266.81706486344217,499.1133219346305,102.70861257390412,56.121325792529206,358.5180791801266,118.97677127979811,480.70945942952585,438.3283043575926,381.2643081343848,256.22554324886573,131.00753756672606,468.24730999550087,133.04505946809624,428.8752201518893,88.44066667097489,455.9991826296468,192.04204898361326,218.49815897682396,370.54844222305985,218.02873482016145,33.2688660706853,9.559564161482347,34.189477727985974,332.7031498235269,112.65124897082795,41.724456477124136,236.82256161100028,3.7471319643080925,236.57064951709967,17.694118704135676,68.97450021816998,401.59009467711036,408.959126068028,308.0993824333138,158.0679382941228,352.8161365635511,117.76980866153197,113.08210216835147,118.7442818040722,13.15578744976531,280.27208811782975,104.55578838883272,429.3558902998322,309.26246020975896,393.0400919843913,213.483125695895,381.86015896929393,314.65292081545346,125.05014961018685,414.2987221484605,434.7724370258079,275.2472306526732,29.596426943829023,420.4192590230332,499.4280199310954,294.91432120695634,439.2380441073173,377.799760327363,16.6756925403202,119.30831619953113,209.62633917293206,468.2189388130461,248.1909503566281,365.92187457425575,397.824517825252,155.84806338941775,318.4040649117311,204.61363336224375,100.63061836717763,175.59928633157978,478.24539731719733,232.33784156043447,92.86905801744533,438.9517138206375,449.3623930437694,141.99298283703044,220.1198611196774,284.4769854215096,487.4573867966448,117.40240017072267,336.52577464006913,61.15531760240861,384.0179143449016,213.85334695606034,415.5709266516655,85.58187728894123,75.72141518053598,271.6540937337069,466.1978598739424,115.40089602339432,47.02065856020599,286.1087901357526,330.5685749324938,484.9987614859187,49.782711252549575,213.54906248885635,492.47371465464346,19.45756805518306,285.1359326037749,177.2282747307316,236.83589271468725,414.2973273509259,453.5342938409347,203.82183463611565,292.7587539073054,86.1538387522684,307.40324588046013,331.2233131854135,479.80573996553517,0.7515748464528849,494.95709626781564,270.7895047843122,389.88238547043835,455.76430094182933,292.3405637079806,76.00430087457887,24.232031322293125,387.70998247228005,98.86355840335564,386.9067395393974,420.6806085478295,350.7704139561375,202.07262547807647,131.98900879002878,158.4870836819683,286.7128865583487,467.9304359529378,55.90547540936319,345.12003203432283,294.1342349736144,394.50815127053,232.0413298048694,266.09001877477755,359.5671212993451,15.281011210348472,18.690694583709533,318.65500211434,246.60873266371001,302.14968894138957,295.0048739225324,268.19821311467126,306.53184087469816,445.82676932791577,324.8831188853366,190.92055400052038,200.01725912254958,294.80893173742487,4.929308377837616,94.46630632334957,492.98609101126044,488.7742083815839,11.179867501478036,1.323813717747424,486.18136886420837
145.6286834708131,90.09745586843776,215.29111799367334,75.68512751359974,43.37829782949865,88.94396270585415,440.540343346713,65.50204169270646,38.66733414248829,404.0405614380285,310.5062288353858,304.6803926017295,140.6264028754443,356.46138197931947,140.7160623267764,441.1202602414773,97.16842806517812,226.31232037159455,190.9812734666534,46.93653300206413,189.03347835905322,366.88359477116313,415.88084768472186,401.75269682811955,13.409995858406354,202.53020321566962,372.70352859596477,424.5619369904708,131.55388968463166,408.3169086865505,331.6434889133676,6.647025447000687,42.154064299899765,296.7733839414306,333.4170248691089,388.2824093758719,299.969873600328,232.93536549785526,130.69778023036866,247.31703326058303,224.61781423030158,37.54287373966558,491.91716803038764,488.58015845458124,330.36752697177894,40.409703101898785,446.8407096390653,221.38485368112975,423.6700710224381,51.45685069621292,253.5747422177124,155.5400859413653,194.35087445042282,446.4945935028102,404.2755000655714,82.77532690756212,76.36474947058252,380.19879477768285,268.7101234978906,448.01997720072245,494.8828261608987,421.8748415644535,61.71381087093858,265.47513678803153,139.67975995488803,498.35083074756403,270.41769460075096,354.2832817668026,229.67836381028474,491.52852452780286,112.39116557658168,312.9142044935282,80.68136533252674,173.2353856225205,277.4741468199688,221.17737220915035,96.51908674423298,13.478195868366683,407.02990451397557,412.58028505150156,463.29199140453807,400.97803098115634,348.6288629702209,475.5618893575359,391.8903258754744,55.805735140959435,435.3370024429193,306.56573567650844,461.84319930706084,198.6291656439247,394.65558552780436,357.6407730560617,189.5685930122375,349.4796846276733,274.2607395510322,475.74115688923393,116.07570484331531,471.5121834589699,28.38604388961169,432.03316961489395,376.8507766338882,220.87369358289573,180.6185865569137,310.78567177560956,218.300200653305,181.05304437240582,250.4159338507213,484.23591405058244,37.63292765653414,309.04818395921023,178.58373877884304,265.7620868906633,338.5664615424276,192.38290068420898,62.997973590471105,104.40675689052325,382.81472518936533,111.72579018445417,259.7432067559996,367.54611349346914,9.07935470764054,135.3848430329197,188.59523977501652,464.8362746629553,32.07439468648366,374.41726092415377,298.5212302755013,228.37809118689222,422.8971717696214,222.94493538568867,19.825527672918785,463.91968605513154,86.55746078715066,440.439544508309,110.11744947583601,261.4311204409315,310.42608757633406,247.63461098338874,330.9965062904414,214.72517697737575,494.3450397655075,13.498793526003695,34.83479287091068,209.20560944162213,176.42576438277163,307.26072825060834,41.07346937649281,386.9210965766744,213.26351172182672,35.133052722326305,84.21099369467228,410.82099892247805,79.40563501821507,166.7449744842201,110.02991293376053,203.5629554280159,116.2119359853937,84.85292169946429,47.62658359233684,168.10204139204328,144.39015096552848,477.3716439549716,273.57032243008047,137.0040050603099,14.82636511889307,310.7290900656527,474.49882203227446,286.22533954604535,259.0174185713232,49.75753642927055,101.27754206787104,86.29407589350552,291.8952265044596,86.96931182592377,222.49338043779,359.3925932749223,17.240743544556068,406.9785121362074,373.5662661390461,387.48678614860404,299.3267078980192,147.68355993332128,309.7171570645077,118.0535246238128,170.06249494683178,100.12179835551916,190.93897798298116,342.03791894766067,259.51257306800505,140.38847644403825,175.31967482612959,432.04979238892884,401.00030059164465,54.877714828657666,155.8364384668715,40.10610342486298,302.9959875945473,111.2109553903361,125.38822870163008,232.59325073630234
447.2604879807562,90.20623356930251,281.3529398715479,11.722810892002943,487.49353729813237,411.3765811172564,497.63505279544603,495.9031384465298,223.3123020209924,468.8446833891062,120.9261251817746,492.08045105527304,203.90939950531717,317.1169085921464,288.44552733009556,462.8904123402566,179.98826235638515,170.9178230796668,300.4421451646251,56.67413677325689,51.252174801947106,377.78517256252746,392.1732767948284,424.1164639432034,272.8009549922323,413.3682086428799,139.7499789351247,147.60349316678366,496.65918531074817,424.9275895880553,311.9562301666905,448.5783263638775,265.2261303366492,0.837258964765164,301.884758758581,446.8254803466958,138.78013536197957,440.49246052604093,63.677387207452476,366.9695556614025,113.60261022656154,123.75150415446218,467.6474997543009,65.52457969549097,73.22433190591482,493.4532608893428,398.8688332979345,66.49971087390038,278.8956675421578,372.816501676021,141.51491109600107,317.9893792018459,374.23324697955195,348.196444525301,332.659881246408,200.00809425394723,1.8621332731980078,205.47465338434583,165.6008248707548,52.17673102109149,154.48058110627437,194.18296164583813,427.1840688391716,269.35177508942604,486.72866073927406,239.8440815534768,179.62122136283298,148.45421153228722,259.01395585641876,402.33113290771615,36.16617131722888,483.0752164041819,486.5460108666726,37.498529138235206,354.1399659327283,63.99076897292366,127.69936080902194,344.42998012536674,139.6853001705431,111.82238591721283,260.6817242795929,52.408166580319104,51.077457739184815,250.80745935025567,297.32045117016435,405.37636090202994,229.08652518844107,198.4569098123675,359.8121259929474,238.98940380892415,464.3819098480843,446.7401772042775,197.09355761141373,92.67070768837077,140.00414366913094,37.19081850284389,274.92215546099726,185.15559950644607,166.33427670036716,132.4249067102207,34.0966395503145,142.61516083363173,287.532004192908,251.85599173834993,294.16621294162013,62.4473042392204,5.477682909767911,86.27887615221297,47.12021595652621,433.91757210133625,462.96977572034524,176.70077791565873,17.176726843291025,46.45592051118103,495.7898619439049,59.42728546285375,236.48703595442188,488.13521648785854,99.75963825028595,233.62106719388186,124.38846016340544,447.90812206347675,221.1062950884983,194.3893810575551,40.90169104899527,241.631673540122,163.38633889947636,242.8755129180998,494.52532972938906,444.65707372788546,390.860140276522,157.30699667280467,53.133642803894766,415.27934556048626,281.93189834899295,150.60150687014772,133.62111384734354,406.04763028354665,189.7157324650432,219.24389166101892,477.74636234164217,423.0052925490577,140.24765446555344,270.7175546327963,259.7831621472083,10.1025624948326,234.94967025168356,75.22723835339434,385.6947336678514,76.43208737702007,138.0422121703901,302.02869474688964,471.205980237133,463.3444887154649,409.8705143665683,239.50520375576562,269.5302653010663,138.80399951703842,388.7410532971626,460.8117670835394,282.88740527024993,461.8020415574811,297.65257631803144,469.7512017583877,305.83663456021094,254.22769373152133,197.92347328638755,144.06183155052793,26.729447420667128,159.4582294987304,18.199984406873703,285.34260682965845,208.5904959264671,355.81812603676957,242.76516588052365,54.874356124494206,416.9838883877948,48.621759667631494,63.335371714467456,207.64678775548546,1.3801079054684418,190.17517804519986,355.4273629398147,307.61175111635106,347.1385815235989,31.360134562659457,137.49146656013738,43.43131938292777,25.534871116123014,483.040067042369,140.43764192189428,110.59866227842008,291.9340588926748,457.66673404799496,403.56213475545667,435.1930098384926,396.4807992235303,473.1733197244443,225.53255673772193,242.7046031584419
60.30645260946282,491.6649251738341,269.06158894137843,392.9935796494079,245.65419716109815,16.140657603975928,11.985875705105897,158.27278115575473,14.180293122331378,453.142274498451,268.2789470666702,120.93034174261625,419.00882509639007,201.08845093585708,319.35430014088877,380.69842698996365,173.99891795360202,62.66216322392398,347.7042838272081,349.480719399505,135.0926610461138,66.96512874465054,485.52120725575384,433.28515398673426,150.88880845611524,374.1102714749503,483.42981093893815,266.9708633192156,372.7210220197147,81.55752779351488,312.87587214539184,482.7389593876583,485.0470737929473,479.7186204467047,304.92895315411187,39.718080345594764,249.12735706182366,88.36216647077106,338.71650993374345,367.3199758237602,65.98883814305151,299.73146795101036,386.92689530822963,16.584174394895957,267.1681387446833,300.93694254027247,309.3162813610427,375.17000196961084,445.29590198107866,157.67526044274993,473.29884816059314,396.8573861344503,461.1690355543682,178.84929020453967,316.6048386788912,20.07402044733697,171.85179697141973,116.00791248677572,480.0825463957737,466.7091752897951,453.61988912686724,225.59544842765095,414.2280425951849,122.35126259189816,189.2088176251973,221.81101766446415,432.28275738411367,194.75472338504258,444.7813944034753,411.5577757165616,335.7629185539614,350.50851151918323,151.7689942464666,100.6253468602214,201.34311178225283,152.00579634606743,240.28542229306532,283.5812233468214,240.11780986842524,386.30562930463697,367.68588087961786,204.7093176672347,52.48586830811125,142.587452854024,484.1779883301618,311.0466235591793,322.59726469358424,281.0125330798714,312.40810090794326,452.4770262532163,428.2513078298752,409.3520370771885,169.1000280772197,338.0719010138769,234.1327382370372,149.06620435144995,318.74160386702664,72.62319903193499,318.8533876757132,387.1559635995275,220.6634848028975,28.105542603715282,215.0869521379171,412.62492267121297,343.1066214984323,323.77080646289323,439.2213172794115,13.820994231283635,405.4473399175058,179.95917775579423,145.27879610069732,499.9410697222235,183.44525752823466,193.91996449547744,413.78307562418877,76.99255376002645,93.42866345401512,374.1848830407096,279.3715798910131,284.5876335235519,307.91334407158445,248.95976449759854,269.34218501174956,32.025343760190175,427.9918509098383,177.8642115149628,454.0363650923185,399.2456905001645,385.4776263473998,383.23937497991267,235.35220756658597,420.73008813672357,498.36040834032025,431.09751861829596,54.1832381764239,207.91562591644725,169.2025750170441,173.0816031097363,392.5271147228247,230.51020706605536,272.1687606591566,231.93803339731755,427.1081308662094,386.6723152882162,465.8079495954804,232.81010006526347,180.81338078216757,419.3254202417826,234.7231337701836,393.92302333033666,487.1130955013022,463.7329592970519,249.63223352522462,264.90874731062496,55.493587757566246,57.36288806331452,116.72844426225637,10.099795102878284,370.2867377379406,274.87344200543515,279.35164887503777,10.975217760757216,116.56798791232225,334.47385207674085,360.3383038931286,335.097057852588,161.61413253876222,284.0618851541545,8.266467584129966,302.74212148461936,263.7395861604632,89.115416975792,139.49604101139235,5.30065758300452,181.6408231475985,489.4678471142526,470.0232654395069,327.2132246659662,70.64334845288,438.2648767539111,394.2899263736888,212.90622212399506,343.8704409644341,199.42042985197227,13.920231377866354,190.53418584493244,72.87439434275782,464.2545240121242,427.9494619652542,213.40741379530925,464.22976437574334,460.4712656370136,211.50547616621273,78.60233597351457,457.8029989287649,73.31315330707511,83.84278337643059,10.806313744272433,84.48377728822004,493.23405405226737
174.3219340082356,198.37808018350273,149.93819532503838,142.22390949948166,495.33128054547154,409.5088229599479,288.4906449438559,355.15596360252414,461.3729150473796,388.79742481023885,473.309114299492,301.38469291334445,157.40694799856803,349.10939325203043,306.2283792131213,420.24408468964873,387.4015998670378,164.76964156115548,428.5269845500703,142.27066258228132,152.5186729338489,499.10746442224126,493.7712852040692,124.38909252438063,52.28470507025257,276.08637607609467,325.64308378928644,138.95842648987593,11.295609333423274,381.2904053762662,202.41284912937456,163.9099358366931,263.17337889457303,386.5110470258764,111.37469317585725,465.9878056935338,380.3097099060021,410.5892678651403,117.28353419051952,336.01454169186155,144.28772474122565,234.28004236324225,345.30684128266205,251.87908631993045,269.9728089150522,142.27186664795667,135.34864186601874,322.0591469634906,492.5656490596437,149.11483743750793,250.98118648417716,240.29563205850346,83.22406134133037,476.5555472959049,343.90935478736,290.81086219218986,240.3627697534208,184.5043346910159,234.19550249190985,66.55723022257126,328.2497914841241,384.9645592349046,154.79600109427082,378.5595594844597,233.8713856312073,463.696946776791,485.52331233783207,17.09449158857168,336.6502287933736,232.92294911265665,8.562198562703404,396.7891136894377,296.576031385516,108.79948949219815,265.4616518874849,249.26345282797524,484.78743958639797,479.4092360110422,219.61106958281644,295.68296423830145,280.5448130544969,135.36548928959718,67.59183449661016,428.45012446645615,458.03546500494724,321.0799141633901,302.9128097290774,187.58076524106514,398.1229010982336,22.807944284898685,498.8793448058882,95.82098119616833,345.82885238581224,174.2543880372669,413.77257859895553,291.68556017425885,365.8086132334464,499.1911922510987,223.5347384379513,17.300535715133236,463.2312677262478,36.448727403994575,381.6828957682185,431.79816624362184,423.2602954415191,263.9632757085109,180.47057689081274,104.45989622806057,228.85287751557271,351.8921673004578,189.7698995900155,6.415352260667195,311.7199111665474,205.51347281830172,365.3910441914725,339.3802094978693,395.03169875971327,194.000311598662,317.27976101955414,453.53506497386496,486.9066268468253,265.1381880098366,261.017082283422,233.55786061697913,46.24860988384505,106.65655248059103,340.4519498589803,15.99281562381416,134.6756592921093,323.2146561247815,69.8516483099923,27.10272262974439,461.07150740363096,40.480455334373666,61.05749489575496,459.68446509094264,1.9560289571610157,97.69699627267813,473.2972538947411,271.41127824846245,123.33054737692545,133.75107687278486,129.94178193620175,95.68746435280256,152.51113485511198,123.4711414690341,421.578617182212,361.1017199349555,433.35264437613944,292.736820659661,223.38048714906117,179.8966232963934,237.97156738507834,383.3535778215511,261.93260588164515,122.90793151889146,110.22823193483983,205.5304109822027,331.11947592420194,292.31470263671525,90.73277235035809,106.00014222152699,487.4905353290547,258.40796408503064,315.97658360443006,406.2786909163378,350.3830998875233,447.90773552338095,264.28215517871485,167.7076743745517,308.6802924918274,208.88827088887524,305.3045266307082,30.35821689793694,139.93072284969992,129.64258523127415,281.98585998871573,395.3480242646876,70.02492943421962,275.78539538638216,189.36721006803643,164.08111346136113,431.39497940441976,479.3995173903611,15.981796925846336,186.58682238116108,348.5162375244052,39.77367543228216,77.30785416603031,121.95991487847834,112.63285097113501,107.75994466717576,398.3464608809182,428.230459575757,149.57680545542183,478.345886288723,251.24171495569414,245.82364604401437,372.14876363789267,481.0251263429433
490.25450700962017,282.4796836878357,32.005487734621695,486.39217965668223,372.71887247564564,236.62649982916335,221.2336510516837,28.38525663306324,190.035267989371,347.1923459400864,210.63769395925675,64.70845742033215,4.2687478131528405,483.5696661822386,433.30575484188887,316.68448314751924,335.2237096881972,253.18825022005626,40.53420322965346,234.945282854076,349.0055095809534,443.79887414012666,50.99937179391911,81.34678552980473,434.83215460457035,445.26588369684106,390.9774123976575,411.88683985093724,112.2788049417076,469.5635651327361,252.99362130181436,96.65656681477142,209.26547011115642,321.15391618374525,42.56851542142825,454.18759144451224,386.8836509521118,479.8211475549449,161.32874170549144,353.90169449937406,227.89921360485167,142.49546015702535,464.62145021471895,365.43760963120826,39.2838386141694,172.22900450708002,354.39295358500596,297.8184210329518,417.44847437316224,167.25503025881437,276.0928266710692,206.74945090918345,393.4783108967341,425.52072182930647,182.8507699188027,148.91383236205357,173.0281782932374,403.814062889073,373.21245894217134,456.6227656828007,46.2333712615744,428.85964484861404,493.026853198625,230.27051759652593,452.66786498903235,150.91669108585566,126.02445172714033,93.5964349619564,310.23689400383864,423.31192049345384,62.760962853897816,442.2424258114643,163.0625922923683,482.40015310595976,439.8150328943754,39.89230310865932,292.2860082288804,143.2310631944197,403.05514237293136,143.89195111169255,81.44595159117473,130.9934012914143,239.55749431320865,208.32081489051612,25.167207613959132,360.3032943370471,327.36578376913974,251.99118469470932,383.4751461998619,372.1334903444001,489.0683307535916,29.13640113014726,98.17698707170747,485.56812000948486,235.40127945160899,45.67310388449647,393.7706034235812,56.45099798618936,437.03413613000635,441.6138107991771,310.6816860722748,123.18407111462143,311.60371250199836,349.80019169127115,285.4328928963168,98.49563140171286,343.98449047274175,96.26896256853485,424.9240285396499,401.7239735007079,434.01849292310425,76.65976627691002,335.15951753549547,225.7248749683738,130.76857206499938,341.36416102729,135.45749077244002,445.3855762112351,126.83366005186969,312.096088649026,87.57871337064516,59.473999328597316,456.70401890789026,270.0090880601423,468.70685186901846,150.740030841151,21.44004482700823,238.59991983276967,194.30138156534355,489.5112195534827,128.812995781528,71.17972408655693,250.47420489582112,38.95809037537862,378.8703443363137,5.009557323207236,77.62171264497658,67.55640906853638,273.0924368334228,481.6377442436995,229.0465361402445,201.50446327147077,393.47292601960675,76.30601545562837,144.96027456200977,351.4346647677479,22.501861037095562,36.01405848101302,67.35107155568215,51.35302767678318,491.16741410131226,424.91793225824676,308.31079879204276,217.4608975897299,300.7810483739115,134.64903807747763,233.5531000750421,399.83039336775556,131.19859111169646,46.14216812232619,31.972573756897216,136.28865440007436,193.6286106256282,310.1580180327117,109.42499775163755,54.21167153134532,145.72021352912844,360.0957048985028,424.30692531514245,56.83819414463842,386.51699958193325,46.159273100457256,442.80759956402994,167.7242572763794,382.4311760291421,474.20226452581755,220.9684996268078,90.51049200409255,230.52222259899912,286.8275282811505,0.5034373113843582,288.09872062171564,428.1147276394002,182.5498101370855,232.81943587337273,430.8324775532546,471.1543874815275,43.26927061138808,310.88839241039716,182.31841820833438,269.3631472754986,176.47081248556933,295.46983357493593,415.9963507932544,446.59144072671245,499.28430498663164,100.39633419025095,484.1984115191869,374.7759207720432,13.084558832316572
107.84383204354431,302.2960789194366,130.31108149746552,243.87071445534852,402.96570406441367,259.5313702782103,209.81609441790266,412.5131967143936,261.5991621384694,171.18471018640457,419.74233736571773,195.35835269629266,202.9823081340269,299.78420847633544,472.4178986431019,152.18693827450892,200.74986733400135,229.97937655742157,190.24826217701886,327.2211172375767,15.622453303646145,29.31093828716658,398.722445375152,238.0680563438064,309.34311731277114,319.8723791214513,213.85246591414653,343.88121017486867,166.88675964814482,89.37235715886271,4.686437685806288,328.81369382923475,164.71561057817502,173.3452410042742,178.50761331418258,71.74135229154737,446.0249793511068,298.40019511583733,64.50550037776004,155.82805371419684,462.79433340881445,58.75491669957944,429.17416584544833,144.65778943535585,27.672032067924125,41.143609377806754,326.24578410273267,43.92327633567245,258.17579188420973,37.87974326943083,120.19298833467268,170.15450653382374,109.2536448503329,269.0533891620899,399.92741890635006,69.48254458165182,486.7548417816957,176.36005049664254,307.08114848045227,139.71000693824016,235.12492438414967,134.028903477403,153.66859443453657,82.1801554056088,147.04602297112396,107.81591070039065,406.96487832065475,199.46731587015515,338.3100756340228,348.8647609940339,94.5815047031911,5.9190520013305825,203.06065441789877,104.84557087284807,177.45180959276468,296.491957114331,470.32372773150416,72.21950952337241,296.0326788965325,59.727524138688594,78.83912681123134,382.490331228129,33.626620278707776,292.3906042726668,356.1201379361824,351.5546202203847,453.5714077143849,432.7459439489383,83.2918416860015,327.0713623058071,9.13725225043882,179.70079898913104,399.21249359788294,159.57407879030578,55.7577074895993,352.49831337216125,376.3994464530512,27.056865167739865,148.3001778326601,106.1875809048245,134.7335426507758,273.6213009932119,87.07560210895838,205.8761137224039,330.39069494376747,426.4497867140627,139.64031370619045,16.193783355520075,332.37332025997625,376.448397964154,386.21208214116155,375.7018151661948,26.984879407261353,362.87038521877406,46.847141610326936,421.39378962914645,223.3062064292795,258.9599218708997,119.2756419735424,13.17991792470269,342.23619811557023,352.86905707078444,212.3481315182495,276.51176816770106,300.0338807942027,379.03262996526973,11.136802233697063,57.63850622586103,208.28560750532122,308.50978481281214,340.32773529818576,312.21720476570624,324.40538912119604,288.55401768444824,183.59299385092342,108.37947148730015,345.87335351322315,37.384914660306634,316.4224744172018,379.295244238102,339.08115629993273,384.97725080187286,318.61876378772536,434.802386461927,191.17159926851625,181.41861360012047,284.9675253381492,122.73925832423032,45.32511243899773,163.1232278640709,487.6658941985908,455.5623448143434,280.6479738848176,222.69652679154223,237.5740358705542,373.55658322333056,107.33927861806264,471.8211805989592,431.2242895652195,291.37907585840946,98.82356883264714,486.11224634195514,412.8165513268218,457.3202018345881,78.16203806497629,487.3605329238184,408.6154871380594,263.05514713424077,279.910912217574,164.57388774629828,298.0030585976608,219.12149221872724,92.57377791519794,241.91120922339277,283.0827614879458,23.061894264708393,58.4933661889685,14.05531530077364,285.78834232791917,231.50517966946117,304.6967391540287,193.34392253606296,379.3842309281946,260.12326875639377,459.73334210020096,27.0027661915318,441.5877691765325,399.78020381495895,248.86249336953182,193.86141489195137,36.38143223409224,158.03439299628113,162.4051345990742,132.59595157975983,243.44188464911647,187.13533186388642,458.879518162204,52.37431719419222,123.63394523366821,146.19382361736922
284.85709801942744,266.3063331215165,389.75817819499,411.8511848766068,262.5318663847081,195.30468266444083,361.84671253199843,499.1217115591688,67.20870923852978,358.5993955902893,354.94680723325007,261.0317811751792,396.5776748781721,354.93379811623566,430.1963831293649,99.92431508034672,397.411749131053,421.33684926596135,489.1372823478112,194.93625732261765,389.84017760601216,239.2162852824648,440.2109213723654,396.4017864150436,246.1418759183767,271.48783359963505,444.51975626413997,183.82871774735588,141.1754013353332,317.35574570258535,261.40250561213963,315.19556600683603,423.40654141532855,114.95298387695124,224.0807211041881,249.4645570464561,380.66562966774535,448.4775770916833,332.4310055823581,285.4467205530745,25.409687351925058,39.756603482413446,290.6698930087192,132.82726972845683,123.73332166022844,486.4554830438348,330.88331829220346,195.6713375439854,54.06958027929459,132.06460227714385,434.68154265127356,135.78094096271587,304.92787610074134,337.06285202517563,427.2745603160914,165.97542244051115,86.36627615765823,496.2764748923479,358.34043803475134,186.55691366241962,145.71052134831132,156.8472004385984,43.363474587988726,52.26098181859901,238.81746934396432,230.43616156627638,50.94576038134946,256.3873753582683,414.94630201522057,189.56100005118736,163.1339369620663,219.98717779226624,58.73058422587896,92.46764572173427,314.87135230145407,469.2916959173973,210.61259709809528,28.391984680360306,148.48353677221425,0.8920450025759474,259.58777839322664,109.44818965492276,72.92755266974021,495.0228311786325,448.03367861007257,286.55546592076206,394.67982591189974,141.73158894106624,340.38564617817116,149.50993776898642,489.44387742726866,225.1604642992006,410.8535442323887,68.7777101880499,336.24019001846807,247.7148153247456,282.39685461773803,170.63279946492256,356.31302051419084,212.02540117526513,117.77697582495323,289.7612412503941,282.2835110551809,498.1598631830427,105.14633478963586,232.61903548568463,99.9856876138635,99.25826010026518,389.26678044243647,18.749357316097782,372.68642657106403,254.445480608761,151.2401432657473,321.4313076886002,77.15799314319644,220.29509349855053,465.3637072346096,223.4846455590766,180.86944339134996,289.9614741980408,126.346371594945,403.5497607701547,353.05644186758906,452.6163012983708,481.3974838068185,305.4658295224303,297.92505499069546,114.93435040120737,492.2757843088157,388.3202610460554,127.78572497359242,420.315823323298,464.3036100851931,289.72871596520866,446.59860926666715,460.7717530614073,442.6484966107144,71.57946303401336,344.9962661758798,334.42957711540265,415.24805624177674,463.7817294419128,83.20145715200411,78.70492143006314,473.9750467269643,297.40850304253433,228.34079872137687,221.75456954456823,258.33717106982357,381.950246608504,461.372695496341,360.293312532725,65.14488472383533,203.19909258713886,212.3150233452909,416.3068618274256,409.0474647780972,269.39537308447666,257.30365226097126,385.95598463591386,77.24219899687773,49.714186652175975,401.075760097181,390.7922764480746,325.795917584388,124.62042364722964,498.12819053724843,487.51184066569516,458.45100098860274,164.06634913794227,78.95547762905508,21.936736572410076,86.19472927796113,48.16116255846231,6.214638686102115,189.38222894888318,168.4589041275204,402.14857993612327,313.4637279646509,137.27474488351848,451.3714778151967,35.20172807904426,485.9442128957744,241.44088817866322,218.53979823340697,157.44669262230525,457.02422147462,412.0827434660166,474.5013765445605,55.24175661828379,31.716504750641473,423.81726599824975,326.9189747074102,495.69126678879275,457.1663171069433,242.99016804701895,161.64804884399848,89.96162845407768,61.48145794222742,250.9252914809264
423.62958340368834,338.9756851647823,260.4859055511751,109.0716037510659,452.2260736805002,119.89614690776412,234.44483496219598,139.49260933562425,112.60656516377749,161.30749350195916,339.78846848629297,494.46642115322817,470.63428266010027,430.9589796140495,386.17391809133113,158.59991942035617,316.56493722198496,372.95170228234014,218.91534755319037,236.19690499680917,150.69087837207508,478.88662403110175,104.68231478888512,243.1391119066774,205.609283183738,294.9515022099377,356.3634536330981,284.55238212039797,34.9365934059358,378.2950942048911,165.36619528468992,462.50845621526304,194.1042267260856,451.81409659399736,438.0970527955158,70.58431023344951,111.69558604077012,325.88187127501124,344.1930176897604,150.29712141979655,84.20931406696808,63.15452780247666,27.335730678916093,120.94743533564983,180.0357899899358,149.8434001872414,380.1768465167829,98.99181443706162,352.9110892326897,116.93594633448618,313.91865250154575,449.9348386769105,343.6885887434897,428.1216786151904,244.683858007479,248.20813853371936,277.4183885069202,44.43372861352729,434.7304000379117,122.37292816608885,253.2298868700077,187.27545312082933,78.1282648429652,26.9596205471892,476.853172989054,305.10313337058534,273.6803562071424,481.16610801029105,68.58807931729388,47.53460741996685,108.9489602373141,83.86036262514813,334.70166536764236,393.34816651141557,406.0880999619766,297.909251783398,174.38151238390182,325.98625397721224,368.13334267069115,119.39326618891654,198.00944797862059,127.31701078653063,426.0752588662286,330.91388551350644,478.95577690014954,171.7058632393418,334.54216931106305,209.78801072802472,208.2046847504715,30.481810729787227,393.5475756433498,293.581023286769,385.35031627061875,415.2632469495307,331.01876138860877,490.88909403798243,304.853320733726,239.63761870067674,429.5234435127823,89.65535334215996,404.1818362842022,332.94957461998354,222.38722887471945,50.06543818689069,257.9254998349494,379.4667657797883,89.80314167506481,366.9909427163501,145.2233185305939,110.0539098053781,126.30448051850412,165.73566141945574,181.40466747388416,308.1096804691571,215.76966800865804,93.42798076806946,103.11073258864822,362.98582729614594,91.09960139327472,9.721245147166325,283.56597751557536,354.70302157054545,279.3011013095281,498.137913012132,172.86572959714047,59.623612162097494,429.18178966417315,14.656237941833295,383.84595845094475,392.6986914987971,41.60426658674143,265.4397126591804,429.81108356820727,229.7591376707312,246.1953494169005,455.368451847804,203.1487991869559,444.450710012383,466.7601268968856,354.9352259793885,424.84087004613616,77.09830146586415,180.35946801381507,153.76333059385138,486.9848207012452,218.88185058633198,228.626904530629,277.49504178591275,438.5662412017839,30.894119447942792,181.7648785034382,322.68126784703753,65.30824810890512,380.1150668096946,189.20510857357402,94.99748282883274,2.3244170603899383,439.1746854883905,62.11903026684074,347.26709852289025,310.4168317154745,277.80993179321945,207.71892942548277,450.1683599947407,293.7868370173643,147.06718205866846,348.378502045644,178.09708950417198,410.85340212140915,250.5484760651101,67.50745503350124,455.8885237209276,448.3476519358757,122.54290392317318,37.232425342066946,407.4781687102906,313.49415635229593,469.87953790881244,463.57834605099157,109.62050115509398,156.48396690269956,214.44938773991572,444.2397570376792,498.7670895039352,495.4339934984997,22.025030261810407,177.18062731650647,38.46454216282974,234.3283488658477,398.550208697686,26.43321347599681,22.008892181789253,343.6578917035796,65.46753839084512,432.16882443965017,423.1808402623314,460.9010249479381,212.30459825233288,383.71225586710403,424.68284526656606
139.92451133469274,456.213474494318,386.6590872362027,13.360151252668595,133.38802917795184,350.1012754520001,404.74969665138883,340.6501187870564,455.6136391793196,407.9683434167154,434.62239094288435,389.8155031300304,11.48486219807332,46.48756961271455,244.94006928679562,139.85962874178927,22.716765060995904,202.82867672936493,298.3362359309223,134.6783007708679,114.31396873541149,235.04994442380433,439.51713839768286,115.95783043044233,43.24458999467651,377.21275712785774,230.0765752724679,71.9074106940909,380.5707330686104,77.6351355880373,114.58463027939925,166.23074036023866,260.95446296918436,412.09000795691605,334.75467209062134,276.5373753938669,364.398372809934,335.29418838115197,469.7608149253512,91.56382620986808,264.1438264374279,351.2645672008293,255.4933951965167,82.41110093938775,114.63057623524436,374.6313748462154,467.3838108394624,221.4414454267271,313.011436833076,378.33722760210446,362.41205667970263,178.8845021525679,156.25915279997855,171.2008209685993,14.634159687333614,260.6599755669554,406.79484194086666,487.87651919583385,209.16777375429118,1.356857067646211,276.84951943635986,473.9389005646072,332.8691966977727,134.96274094570154,426.95012779413787,453.88309964830955,211.32755392032405,217.8316761547985,40.56500585132577,298.57956760121016,276.83808876921887,331.160643148524,450.9777786088394,126.2459454079219,131.39082714827532,215.49324266201404,192.60335758656166,109.99007079516754,198.44059213187316,115.57064651444571,437.6509553121715,386.05054810904556,236.11203740162412,343.46056488962455,27.54623300486969,225.05542192258972,195.1647627495923,51.0877146767032,453.8347737752314,104.46631194763967,410.9071896812502,259.3464693325134,354.3862781455968,87.30257664808755,9.497501615337523,485.0137186234797,141.30743989198814,94.47881731409386,51.207951895359926,131.43300417866755,128.1937280404281,285.91238036216254,354.5527358333677,359.4278205021275,138.1064270819405,127.72915051082833,188.7749357463893,384.6540715073193,456.23965349207697,180.77203717882068,146.25689236045898,157.5767376087452,146.12367452533744,188.9107171916522,188.73140167682013,239.1853326422963,377.46427217881035,139.94769431311792,348.2209068735917,341.5769825051732,479.17485478266093,130.94273110256654,200.2328960284468,171.3801953604608,38.91684934265799,49.793703363015695,49.638661728629906,375.7049942989106,469.3985158670014,48.54466868037727,401.9237811974974,295.50398462443684,317.2828257154199,140.1794101456642,104.73109074142344,475.39235614348246,27.005580618519765,490.22388310053447,374.8460595232392,256.58533776405733,243.77963320104428,42.06940080797722,391.4821124902442,304.7072685127718,341.77068387025906,99.21037681563433,129.3386485458603,81.947994248735,83.22412686841719,116.0191541578735,460.9733471597906,365.63196185467814,266.8888884027021,52.55919875361192,111.60766819880902,19.068498790448917,155.59993599841897,447.4443876383317,224.7829205838801,30.267886471376958,233.84145542393082,99.28435134411906,156.37271087295417,489.75436117940427,285.7410993596264,139.34159238496625,457.6571555093716,416.3763398128435,100.6264630419434,140.9352698564137,412.94014685425157,450.59729971410087,439.67564430313973,438.82428648813845,24.001587532815062,2.8035106981949,287.3398561354459,115.14524748084337,164.0041844649336,93.71451763094075,80.13907144810106,248.85396333869298,168.296050787509,274.03073257615495,337.5768681471813,62.05266257158826,58.831207599331414,464.71799400295566,226.5066091433667,403.93252478754437,144.1812248271932,416.66093240631653,489.3566533786839,428.17144196420895,448.1515760186768,455.2526052798158,259.7350527180592,38.78150811300779,232.51918271235834,62.51255952293538
127.79905083211152,70.0328130393879,464.1882572038128,348.62754966085544,221.12848251258598,100.21308467981582,471.50876333927056,362.19962110572277,100.28747450419523,251.91249242877745,201.79907716276702,171.25306047611704,460.5554640022331,478.4750255045048,152.29433788757652,68.43628520324341,362.51836421663626,410.34526430459437,484.9308526781315,464.70405502090216,40.25935575150813,180.82210503106882,326.7918251003124,424.3756640176462,456.8630411407752,229.20906674850795,436.04302199862525,318.8431808326949,136.06008133769808,264.86469913840045,498.25584327647914,434.35838063658025,391.3382518917716,432.8415386626674,338.48998137391226,325.23234588983064,435.77508239277876,184.97183076901936,1.6070888312544884,360.0771171015255,284.8491078057489,454.3206115523688,288.16860041924065,225.0862652953819,245.83683363448296,220.63565098306213,43.44921700137777,103.19993936283129,318.1734015175438,343.23946272983954,439.08221162642013,19.63379056887299,116.28579986928467,412.31321438114566,275.53068729212805,348.31464079169916,418.8955474383136,221.77876196977,18.106852660103144,18.932130279123548,258.4251778704385,151.87835228830244,52.18919876167172,371.2147337571644,95.45979883539985,85.68994447238349,114.55141214953018,292.4300408632064,376.55233555949627,181.9583462530543,171.34790880714695,297.50263157605997,457.87233484092843,433.764514136818,434.35771275242325,488.9537627921671,465.2765061755175,368.86121242375816,49.18839458614849,313.2165549316947,224.19144320812768,223.8505622899547,492.1092186399848,219.1499511432748,476.5665564690232,457.89231255455246,482.45164128393196,145.00828694050182,414.6827703739937,381.30129115155165,496.59542119281787,442.30622847270996,16.297398278788734,348.1333358984614,259.3431494034343,242.66152245061906,356.1132171578952,402.3995297687724,137.7525173684071,322.3860987093572,78.06209215278281,319.27391714424624,311.5407859543323,187.91393008942492,45.22657249921125,475.2205049251962,278.2362647958177,295.89781566841987,49.99365855093368,155.97652659480133,406.7868626572386,75.54454900689561,15.317971727475454,295.8807754574174,340.3815670939878,147.72856801454037,155.12214363161925,145.5293574119822,84.63629306168401,476.4740987338087,234.37619124229514,78.49588840967742,197.79966303595242,261.5675682097551,218.05559460109185,41.99833919840212,380.1705934849016,307.4323794653781,74.38562514460467,263.0783780820896,123.65274360356776,26.999786565533757,203.64353221137264,382.1033008279799,494.8404723922218,379.9451891215785,225.92856289176726,92.43304674706981,230.47767922935242,372.4745028469128,48.431229300517685,444.40567579682147,275.23081196332924,382.8841571509514,76.72591655334487,52.7904127856772,396.57078423606094,34.43436582557929,151.70020761460023,214.21533803086723,161.82937969887834,288.57292669432417,304.22226027787946,204.46101030801285,382.7967780377103,244.78270599741498,109.12033831274826,183.17412875386003,86.71348863613521,413.55363556570126,131.13283376948266,478.6220691109816,447.66429644408066,196.84453073989494,417.4014918826353,76.93539608167116,227.7757281869886,65.55435580959018,121.04285182382168,53.602054250735165,115.25955912187291,372.4857257153063,359.94846302696794,10.486786995704378,178.2097651194113,38.0678465778545,429.7955596690085,380.68854605444653,361.2892462223689,300.75458727721275,170.5555482979374,127.16848951072446,227.14458623287632,337.63178005079607,450.11406578382855,350.4672933776701,436.65352780533703,251.36611086630072,9.11329980222969,437.8889219211085,277.5699698284827,74.85105375341283,251.14308096131606,159.14059139758135,171.55375240964415,158.29382126417818,330.30979435783496,28.274923785254092,133.550620690491,78.80527116054736,47.05098100892469,453.2155751951296,166.09214307051724,54.14558892590588,230.61470842607977,14.968134013356782,169.40154806475238,200.8364308985342,362.1156423280473,280.46460259856366,368.60291035102784,0.0022971957115425212,256.24546135033677,376.15595580809304,287.29161108400325,246.88638978060374,60.78605548018212,393.9860483060055,303.0031198340849,37.58772119226605,253.20644945067983,288.6618636037936,207.04061586217415,223.5024128627315,386.1493357389294,313.3945770826947,266.2981272043243,317.6320229039773,441.1602129735076,90.15782790672799,442.39871090815524,43.012978835309525,354.3313567959087,177.37978487975647,62.56134124866325,51.358898750442805,77.63276840986444,70.37967241082465,345.31916428005985,432.98332743004596,227.52078323561358,202.32236755043976,14.493378242518007,428.10480834126093,144.28047338514844,484.8745581350104,344.34987454971593,110.88695700076468,433.65177048164145,265.62279265830176,474.57714385464686,50.64683517198154,159.57171333559396,255.31838825946025,81.91081032924852,36.52224885179511,422.8433477314519,153.09970917271022,348.37054018738576,246.62064759087176,382.6420084310533,326.2660194559403,225.6256461624277,165.7128541083928,192.43715984020648,115.19271917854135,220.82847453125703,238.98489964194025,440.6043649865031,495.4514260000559,387.8089161091949,156.01295134743714,301.12638295461664,276.2259703665962,62.41703578418212,109.93131764052278,479.40670318588775,166.7760241225791,276.387131949119,268.81770236528814,313.8162422354372,289.626226008435,426.97887214031886,418.58845219558344,455.5399716984559,373.49088285234564,166.9649281980425,357.45387818284297,367.20370412667586,42.50301762652586,122.87968983703246,248.11814395570676,149.47509422093103,426.0257964980862,57.87058312282633,426.86058904098996,294.4898838999892,272.44915829532187,123.08179329754593,496.81864068256056,278.44802228367115,382.2564446687897,12.699897288202866,362.6224370918095,430.01534314307264,256.9557693225487,87.49108100847508,101.77982471538688,408.8028760904732,170.0362168142915,195.28005996616548,151.13684791639287,319.5939922772911,13.343850690320124,442.01054800675837,258.1494948363534,239.45411146950724,18.78079140003308,34.74200025669971,123.68415392888265,127.68133689532918,364.6818958825427,324.3436137588507,233.42891859264313,99.89706251417118,199.93728449054177,124.03289836966913,274.2341857357689,41.42571826353747,416.2768274191863,417.2547127273644,69.85538976577094,134.9916567904658,55.41506839645871,420.6456438078332,359.2577113941138,58.04774600965407,322.8437712426104,436.7767247488019,271.33284751223664,142.2772805369217,1.6050088866219059,266.2704364720182,426.3823559170072,165.66248705484583,346.0467353027447,223.54885765716227,134.91488542865648,406.6827134483028,301.2696666963257,323.8234948974946,27.044281927393556,125.37259167677234,180.39187488843294,226.33803726051522,427.80727055772246,413.33440509176427,298.0592023944098,268.4621139753199,105.58808250841506,95.99036344182527,479.6987905464115,409.01268784211953,157.89972204632892,413.02616016813835,419.26069248231306,65.12625897565482,157.9943608549118,344.6910016646975,431.3355750674581,346.6057246454429,458.3539810250859,60.18808110034257,348.02400138572534,127.60794406851022,244.9579841803955,380.53947082715814,180.78653695622626,49.42996352934165,422.7301706318527,76.37328154701217,135.3982339079673,156.577536776544,23.978309000943497,440.5478229234565,59.303709838817994,249.9349795765498,486.30574807263827,257.376046119532,497.68665314112906,289.3594632340147,417.8269922223899,6.2484170575876075,29.001489238637824,51.380426495995444,279.0279610557661,187.61752657761943,229.41120843215955,10.388462287919232,416.5030272912744,262.51166164882545,183.25369775573492,364.71360173409374,416.5711566345518,418.0795744304659,368.15821191134177,432.17008471059165,225.59624678703105,298.60684044278685,125.83589474780894,288.7055813633851,123.00472966127568,128.2708529364436,47.33098814363834,247.9095653932626,85.38404168869795,291.15212977487,374.5820581268386,309.9148642705602,266.7229663432641,218.71371647857407,391.7738051998999,462.87341852976414,162.51232346901813,306.28036330880593,100.16863046470509,335.2624810195642,173.8855160593953,408.84335434149125,224.60925140897902,316.9876191991525,245.64074020553545,110.42349672447743,435.19491885084955,181.96146701673644,301.65336084956857,182.27956554812624,0.9975704768031002,100.3048510450697,394.1593929318883,133.52761806079965,243.11344244565908,449.88631405583914,143.76797327338485,384.3450538868295,478.5101548064423,492.3047738402507,382.3701553226033,410.3686050459224,323.3029289545457,457.8250271371828,235.42001633524052,9.072864833592265,341.6309645694002,194.95744128701293,278.87164289885914,130.96802467257518,448.5573913143283,303.33735009537656,226.20522054118203,207.92518774559636,143.80017589848964,207.07816157193292,406.3140248700774,36.96604775590956,304.0765022342846,118.03160321584588,48.93056160224929,143.47379626633406,266.780330870311,21.435310484084813,5.68202661206052,75.16621246414506,184.96389194083568,295.9601289600892,185.1343649721463,119.59092727063353,366.24025021469544,407.92379891229376,409.25216930174213,3.3584504501848467,306.3594446362831,289.30240957250726,351.36642308545026,422.92276053554895,175.4094425033597,27.83408814797855,148.7562831997511,5.484630098447852,229.61795067567147,214.69256160105715,76.21738292703839,77.50832027795673,235.39661351705098,348.78495051581416,25.098059869689216,435.0728507652536,215.37418798027147,237.90877701412688,381.58785812318973,91.4317243167152,112.09791946256526,109.64578106042161,48.55271296857511,65.62361579523652,328.3219693401132,121.31711978354947,426.8352488607439,94.37820396130398,491.54592731604475,44.31078951239198,203.50516900356297,230.45880590943213,313.37522916902617,93.46136299450392,447.2416972805534,321.5711091584747,226.2465955534606,168.22868342089376,273.10594743623625,330.72374776382344,155.73713640786713,81.0134636365189,188.2360061641532,466.6789565901117,229.0981294586031,38.85490248265944,110.42195030502933,452.82611511167704,54.799615617525056,221.89477102350764,411.9748422747869,398.51743437245534,355.63944817274086,269.5010899520165,55.55343239045635,466.8582429130101,11.9399913783102,77.40354092423979,378.0947218582666,450.4998321188813,438.4322178362183,468.67357995464664,129.64138843110345,19.2674395593726,5.5281943066102235,154.39195947335054,17.10967058598667,111.86264838227594,85.92377273097085,57.35927858568823,470.26526900968423,480.23523607943065,256.8204980697308,7.583031308882882,51.299966895514856,309.5825389239358,230.70615054936238,307.5053968843962,234.77926493047823,491.20742057937525,372.91195575108736,361.36117170612505,104.84700157640253,7.904973094819356,211.88906929034846,239.70424991843527,362.4135590736639,68.08585692369468,414.1483870168591,7.1466451963727025,332.1354115381219,371.8800083018027,76.84858034618635,429.2351535902704,102.22708160370597,228.17388460135368,281.7762569466092,247.36988265215837,457.54349678553257,64.48568387922526,38.31397666759712,31.147887538973574,194.60897531372413,42.7425806692287,407.9203058455971,208.24625832863453,497.2796364920258,51.12573928548836,127.4991565626598,66.63611235980343,116.59982509192108,366.0433266000712,301.44459345796935,160.99088048193516,233.63559689343944,79.26381700259549,170.23995236947465,415.5476475188733,210.27240234813388,269.59104016385197,191.88619862084423,278.7649307495021,59.12573471760074,129.74058052758042,452.9251089241545,82.51731850813626,263.21528141033997,101.0855537045045,145.83101287931,160.09423637007185,438.65852866436626,72.80830181601789,65.51698932789685,351.654187516528,167.86344739731064,152.55629215949457,330.4702061500183,113.98435024639947,484.4970807764735,68.86003347136382,260.35867048261395,76.46000969384865,371.27853783164915,383.87152978125937,229.80791934373153,281.52073812217526,8.723373913866904,128.8679009229606,456.1449921636732,380.3338634072391,318.0631795131393,439.9917639343459,137.29695744823422,322.8757494874477,396.13554172626743,190.84689670098615,434.62443880117684,273.4651504746995,499.38033962549935,212.3523216724677,149.3639253994119,241.23637655701697,372.6654303641012,216.17807402230977,65.24741884431012,423.1459276471383,189.42894998156333,60.408421837712886,88.56078012569901,393.5463243540984,271.6245652149884,335.93162000580446,15.752244069967114,17.672446274853648,490.84085567354293,302.7939020664439,460.05718422070703,438.29053631929264,84.34518317469846,59.02172587891552,367.0331826239782,89.95558012028687,348.1531167671214,117.76316575231132,238.04507241369566,211.4246747558271,374.2244843484689,111.87615042644944,219.12192894763666,153.67751916377566,347.09490286864747,117.15988194378885,49.20515440248091,1.8170545374683877,338.0899498678428,482.9987166271096,201.36398232823632,96.25044096500179,137.7213971531298,107.50095705947432,138.60425916811607,358.3434103992235,237.95276945307836,294.72680232742016,371.880561388364,476.42427341847355,395.5449640666215,156.7785927491746,10.042022780298588,477.3784671823583,234.74268356955207,440.85007927349193,159.60153145998595,35.32198418467847,461.02343072978465,183.2852261526386,480.7959941278632,77.147164107427,2.2509717403909613,54.23035603693832,49.28383541226733,228.1404749175071,201.07496286473759,222.94873559259,238.27871559870778,216.38827979922394,485.3494476049445,39.504273937904564,269.47290634661323,171.66190749599863,372.0708150727163,295.3796588151672,126.5350252615155,423.49083639147693,161.64316249071646,181.8069369445598,345.61329505094017,213.63557342123048,417.1524439312913,209.8177803521657,61.81981715017365,488.7844637644689,153.47382806662324,485.81596010909936,473.818495207106,331.2277753753084,65.98730028403799,245.28655542122956,61.38871270328633,292.0854984438978,226.31462559331143,188.9702643983258,450.02705771401895,144.91425756416103,134.9386928417446,16.431326717737505,356.8655467501083,451.43476452200156,111.17345979228355,231.44276771098166,334.0610298232833,355.80339525764015,424.8137630283293,381.43779713398936,78.24044235375405,328.25699622917114,163.2519640810947,8.624625356219163,30.692312155325475,264.67994073797735,389.39955745455023,191.75602010117942,340.3752060669511,109.28958218820328,157.09398329978424,195.98942575562145,462.5870949997463,343.3999779553719,39.09998919294144,158.31307957879287,477.21937656034544,213.432731398349,385.23410249082315,120.04258755706803,94.0637801056386,123.30835314751864,109.88944564944903,102.44078113961031,10.83760745032486,346.4541803619135,219.74055159156143,230.28748695492118,114.99936525085714,469.61852745107194,309.400009841295,466.61223379277476,91.24055575888623,182.2082289166842,118.46659975555978,465.9351635868961,48.85883558104459,186.8697413667263,97.14170627273944,162.9574060482956,307.22836594714266,379.33688714558775,2.3103187749304865,65.20193628957688,474.9611533505184,2.4017703104213806,124.04090970742554,181.04182704662537,419.5972868563857,282.82049826900493,122.70110518056305,497.0429106643115,341.71767339521693,42.43576144209216,114.08992159574632,472.12008389750423,102.84196790320304,293.12558588948707,323.6678565036405,243.1241997472099,138.49527622152303,49.4652668628684,152.13827022932009,396.15884825661914,307.1241967372954,372.96279131391,169.55185372107712,8.340800627269108,229.0664329362318,370.17339445223143,296.05054179505856,30.40308619994464,36.045308894867844,291.2729911449984,158.27908860933837,491.6491556104163,377.97088868633386,211.88581510084038,378.2823563333399,329.6979843359547,223.98411762739934,389.83365137865223,284.1836857046313,208.3592959962536,266.72703224551697,60.51783704880931,142.19562471581233,145.6579555724256,444.0170787938616,329.2499228497725,429.198399020743,87.75092228966392,444.047990598525,16.493401009571805,177.46844722033705,31.339938861583427,360.2966354411829,443.01343361116983,286.1418089965248,91.49826806255312,18.607826165915164,421.9700210801756,233.16666142419646,464.64895421679256,97.4260232637143,239.33554005221768,170.06751255466028,209.97974798725332,246.89560674444832,141.6442785527809,82.43582234644764,364.59498091375144,221.7253775396394,244.9127590991655,394.37486286288294,36.78078364126719,134.45768419267466,335.42348376437087,496.571783828191,430.3317001122179,485.67521377908315,208.07120546583496,20.877164648517464,314.87489714588713,104.34274964236828,246.47656330630218,327.7717179788808,96.7536747945878,166.8233572730563,67.04918498289392,67.02245712945826,449.9581674164087,347.1426538067049,490.43808550285274,243.37358556149252,143.2471539118732,343.6718111270326,274.6486081177165,363.8818867497264,294.2742181570034,241.329154286681,139.32083137476846,118.45292366156978,336.6658525293461,407.0173103572459,172.22115994427134,16.350568829328616,112.18405704267792,243.62711998507052,371.4843315341595,383.1861646731029,100.03761339152051,403.8160788350243,102.35128665700532,458.8412308590043,105.53176887863842,449.79093114615006,270.0015537747797,263.37192991260144,296.2656175716356,282.57360175880336,48.721218998302064,85.46777769940294,293.97068352285106,461.70048026384615,153.39033750112958,279.88936060740866,164.75798110557432,382.2459280049294,117.580027861654,22.19692967808118,119.26793875952791,2.1977361442619414,133.17849093375705,160.81392343944307,388.8871444679652,420.2796204311845,82.47883825821411,34.049784714696884,438.29114278233413,14.388813098696328,276.1728289699293,196.49986004723107,382.11622686915695,178.33484668568883,193.4148151036289,436.97989973344966,473.91125009380835,258.14922424518966,99.14588050203143,390.42840777419974,58.990463825055684,192.62589709013923,296.1146901542225,477.32085730357386,37.182607853568804,470.723604564131,56.26379031387208,95.07441537437555,453.60448419102835,68.62192611332657,173.32922940604723,470.044216190815,409.6690902844179,276.6105077272167,40.844691177320755,428.2104418134198,269.08514964573436,92.4076524429448,378.62325297558914,217.96875712304404,171.77799588028626,365.375796830446,276.0342438980108,353.81018251273747,150.02215337283263,381.89902741917206,207.76552796956355,302.26442330487333,245.65632576991104,470.815959985334,304.76167462157747,32.841466603878104,372.257325832036,347.3987063816108,167.40024938216814,351.5717509912572,431.96758449510196,57.95787101397926,355.8584902905977,172.76575361042222,34.542038933029815,378.298039575091,220.60370908149014,91.75020954320789,35.12824333918368,144.31553383996498,146.01314451492354,50.289601647631635,37.24939897811724,464.51812763107813,414.90077161804766,137.25400514603476,267.3501042145316,175.25300495422962,294.6572566921773,413.9558420473991,274.31873479298724,430.90055258334917,208.86326139479294,359.348933224804,251.40524522602337,499.2223604334273,483.79809139687313,33.4584964337859,86.4993988525703,28.652710269923055,103.22581246366519,14.673010202374714,120.58040061204228,425.13188638473116,60.1202729843599,127.29935954605031,35.776723418556145,192.74839679741302,301.2628993713115,431.78328713222663,66.74265676375335,423.6396423413964,267.08333231124436,323.27052776681455,162.21721213495277,15.11161445187481,56.41528915127753,257.766657575361,492.6470224802612,337.30653834074207,123.01324714640887,362.1961712069279,90.00951207577884,399.63872161097163,417.4227887777397,189.64158733404406,368.70071187668424,66.32014721628882,68.19310831903991,498.4973501362495,295.20448821348464,455.478171049407,318.18186730554606,324.8130927094623,18.939391047925525,295.156321577718,169.63407401195042,175.4936186435637,321.4916596667967,179.8072605464453,205.17713861100557,59.85410439732264,253.07100765151412,431.23656044856716,350.43065946408876,184.50145861733685,132.2506071574029,30.61288451921329,126.06199206293105,102.72173703332533,156.0226677140335,266.8275005328236,159.81369005221623,349.1376434285779,349.7127039099505,363.76027392396213,50.05885524356823,181.776479898427,402.44163368964354,422.9596705871506,66.99587943876011,201.07899764721253,269.2243642542145,438.95693565088277,139.0075917008168,198.09291119841532,145.8013040823773,110.77322804207607,494.37275694907373,207.99614817360035,478.12576437454743,281.2633225837717,363.823008549097,378.6121154575101,419.39690095960674,33.946355926355146,331.8019914591416,332.58318599680837,325.5400444517574,416.3962600940224,320.03780840338203,437.78800737648567,4.653598466650033,397.1104312952413,69.27858003755333,332.6248189808635,279.586589434284,14.571875939704881,168.73397172584586,54.849688792648735,355.6969161356191,25.63966386301919,311.1641305184748,443.4150373273316,118.61283437395137,463.8333403068963,302.03120634493024,41.68426407703024,95.15733880946664,67.54577188783189,455.64693080834707,324.32849671025116,456.0595745514184,274.13354563270696,87.94122626615841,448.2788901230251,186.661878529207,466.74674436934276,437.0136518925729,402.46712390228,486.04864386837517,370.26403955295314,20.24368459107312,146.08812569492142,89.40902216158092,170.23780402510735,446.615780187512,302.6522173939295,42.61398953536993,0.20274121598168326,39.501474822444706,360.0777611716932,369.86633611342563,14.62701971579239,155.31701784496926,138.38037522503467,104.19569409046164,279.3805196417411,160.3132258959158,0.9847137201899892,318.84597999496214,480.23790464523535,183.5447784408626,92.28908018385157,54.848158440030936,333.471478898107,319.1551250557237,477.3213209950217,263.769886326238,356.0208681503646,117.5581763079751,341.08499387840163,245.7821337421116,390.3384903988743,6.3494947275782305,247.74684577961352,27.844349746159292,472.4607602987276,472.85503737929844,128.57785616244323,487.096358419994,276.8352174086876,486.88596858604564,122.49268035758715,346.03907665706095,47.55802469000064,427.6739007479306,188.70391278553973,336.6630573996815,94.7068068495186,170.24968846706972,423.1580619512807,145.01262201084492,234.99893110899873,220.0053932973926,294.77600485856567,368.3247538027471,435.834474524958,34.18138761657502,225.96849866863295,282.7004552535158,489.1543553682385,424.1600700672839,455.58855243668216,441.98262303481965,85.41285768117352,316.8966808232506,37.739434146963234,345.36315253635587,291.2359793280234,283.5794221389598,5.862474591269762,118.89787743836922,156.0338312753196,208.2635158760596,153.07725065014054,200.61769336905988,424.04351799451416,416.11805703981065,307.5260389062347,36.895595482235976,275.49224435460087,484.20407357881913,259.19243726054714,59.75447797675437,312.0991870586441,52.02756708721989,65.76706759040124,241.7336998569413,487.2803815082406,67.54569956789442,120.13243358310343,81.11814503506749,361.1943547448705,422.1603353885458,105.70238163116203,399.0438425128184,48.28794436784833,40.24316739900235,35.542397984014926,238.01102097711563,375.9023501082428,145.3082485803712,191.17839613046112,462.36110875527237,372.8436937914384,263.54238708831645,478.69179994756183,78.83194746277744,25.833680141978952,102.83294099935897,121.44074774757735,381.1013040605703,336.033822976457,18.75013772371187,100.01366385221428,480.2655660375553,492.90747428419206,287.6799034074279,372.81124143924114,365.7773113280095,152.6462483507636,299.87891364854465,481.2441672057318,158.64345331188835,458.82171030558885,39.31250600384284,55.39122536254298,153.05450051798425,72.9130682410914,111.19287756829132,259.46725142912976,249.10209155112355,367.4199124400722,204.77555723786756,222.91304657155047,397.0766671480202,197.05279184880138,433.77899356836474,250.81402120833874,205.85580502002938,335.9502191981766,156.1296417197236,248.4195597312342,316.3221505408949,68.54515770232655,292.3095498896542,237.39255589814323,100.12677755968919,12.467960912417531,174.13825379556437,294.35365536865726,202.38315425753967,99.381257532346,190.11399343244184,4.925590172807581,117.60874141292221,94.48106625588653,313.97959278207514,142.9144999984467,145.46458836832198,354.29849799192755,473.4726885178693,212.1132447419421,299.1237396762715,91.47258665890529,101.82922511322533,8.474355341319296,443.2503790539373,287.68793000278055,370.6408248973328,221.0019534878634,455.36988062325133,70.64039442038967,222.04991330385272,6.900208252718754,289.3936805945413,214.3992881190253,12.260829212924762,206.0930018739311,413.09024804536756,332.41675846322295,323.6123213277755,379.50395827752266,99.12540880499282,375.26258192888207,463.69237449705105,32.36329899275886,473.3479419054937,425.50254541246915,100.28666751329862,312.39675268884247,141.34016233744455,365.6753559001704,258.6399089558946,173.5252298529204,321.40661257874,381.9487530367743,150.62310884229723,355.96891603825793,429.59234688454586,263.47638715035464,180.57581738149653,54.605539063705464,170.1143144710915,326.50020647604026,379.5390223173404,243.00756975613436,449.2816220545987,446.96305962462145,74.99105844521759,256.69774013769864,25.308738473447445,184.20446587552198,34.286261101490354,497.75015924040565,114.23634781127218,165.53656879727862,107.12357563033325,241.56754926645968,31.524730784703415,438.9444501834,102.26155368751638,400.3756572008735,478.8700616148521,379.09494993407435,24.409838302139054,373.6757174450607,265.65458788205297,76.35931786274746,79.70832610469469,461.38702316273714,258.63966155357497,64.3674240858459,483.01039432721524,303.9156855076444,380.4731697904114,246.46681665343962,336.4400347267815,22.07350705503336,378.5462093796713,388.90125080664626,154.2884077852079,496.01277420001986,105.47575854938223,107.3914267884058,112.69753847033526,248.61782978294156,386.6439743650569,107.14392910995684,79.50752208335571,95.43223256989263,456.83182278770636,85.49527110340338,384.5399966497159,84.69829751586094,199.1079700156443,446.76003500679377,132.0567573511619,189.03653387999418,273.24567133467167,366.58530161204965,153.70351927636105,22.828523190553618,483.87533658968806,154.00405749537393,360.860458652734,268.450373934411,411.35099197646804,321.8983863390023,487.72820656665243,457.4436723648454,101.78240990862164,432.3947221341844,474.52543735640864,27.655915505420904,282.72280166980005,131.54931765415085,237.44831273001344,367.96293416151616,343.1627477815503,490.5755270334926,8.293007058203571,29.098424999828843,65.48009240599335,446.7766460796584,161.096688587734,7.885567831660778,164.27094242605423,278.08795444491864,175.71591180407736,101.52053081976109,287.4679742194432,139.96678005139955,353.8502535141255,334.2339377814107,133.18474049974787,473.6080235472912,243.13228659766096,251.09323620522233,15.496537921177723,486.1952310992278,463.83370876298477,115.08121548133599,327.9702263108569,211.1465884012232,264.60019292638947,225.51676514930364,289.639536715765,420.22775448499317,151.98916610223517,352.032944487051,313.4842740823141,485.8458640732986,228.74533256897678,210.3363473722407,58.347711491407104,456.602273465581,27.10332554464673,181.2348124950421,41.430155257837164,106.24312991490554,171.32289433002558,237.1597953965069,484.47806783812496,179.8141424696828,165.46052345118122,240.2260217194057,28.652649291862453,474.49698805495365,79.74655125020463,24.00142463263899,438.6354042788898,112.32308901898791,107.82742754157081,141.65485547962982,459.82538096554396,443.4086394484038,10.420184186957005,326.41705021634124,362.0792408090729,290.59923045198565,317.62115056130415,272.92927038808597,219.69183723520607,466.572411565834,308.452321739018,476.415703184845,155.41813570569292,43.5839849872357,241.44049462618943,76.07695843734663,225.35658275723574,215.3587179655258,318.1268151926117,475.75146901413376,295.84564534534155,33.40392300952283,30.89867060954238,40.05906580903679,221.83756832192643,227.04551558295594,166.754743427448,244.36825180763222,476.3126345847124,451.19394481109236,469.8826224118097,22.1321947836326,498.52609911648506,250.37388111956045,79.5699195216737,183.3892775552212,245.946646299538,148.22582398250495,214.2612816588086,48.025861588912086,480.38750678335447,154.96200791996338,312.8816676206917,88.58161355532873,191.0808618106336,29.040224775588598,241.3022066454116,235.91091557296946,301.29136510967896,186.12365643984452,142.9820225262956,436.8485799639627,339.45415163875043,370.6542826403553,22.549310524515754,180.92716403202473,411.82618235124903,488.40471118435363,426.93575140709527,278.83627452637086,119.63771515410659,217.31599132105617,68.48172334150459,160.48079629713297,115.88942242893918,357.1662532268836,221.2465603506851,209.72295387394828,442.4875872148812,469.8655797278982,58.60287793842151,446.41151515484023,307.33088412438207,53.69356305772055,312.2696459336856,409.82411506578364,483.2860210096786,425.1605076164244,122.88877612595623,154.65581036617186,320.56175671438024,288.70253290999784,149.5140040360041,272.8852105417184,358.84350977245833,307.0864563601128,141.99748150032949,103.81937009793025,228.86747576935517,310.1358298801482,49.03732824345436,89.94134092649226,253.50346805985373,3.292171387842324,21.191453721741247,101.2933184808057,175.02061549132463,124.22481656004214,270.5606006996949,137.11903008001818,110.1251084751334,149.57650060446437,75.12050605467473,387.5053013154544,109.59041281370419,238.3096891808808,24.393377497493653,44.57439437683547,25.634643323979688,285.2028203853114,72.89500606158789,258.307288831016,175.99552274682628,126.45857091392826,295.7810376218531,319.3458231091413,301.63983705116397,21.225690528098752,338.25112550100397,399.1091650719586,488.45971681196886,312.1270974149321,423.84035482715046,460.5959617670164,279.0818696834049,219.35202040012103,429.9127316902249,306.385225241262,67.3497532095671,38.811608290251655,456.95019666983376,74.9292932892055,361.07376878400385,105.4964376429518,359.00933906148657,173.49254326691516,419.106670261082,263.12518270119557,138.88255334963873,243.6496468223027,489.3998848310163,423.96267165206194,214.15210616792996,336.6310012865828,262.06165164264553,419.99204894000957,206.88663568404385,491.9947959682628,75.59372305370555,105.47970835091114,125.34716219883573,365.5970320401419,499.1994162091194,487.0754574767047,168.66692983786564,106.08247091803958,393.92732574155633,65.57324206137166,180.6096796499203,118.22861051430905,464.16892171996966,130.9071039901703,272.93400115953176,297.219341148138,173.8956802810257,296.9320502848157,235.19690159386897,226.43706792436663,170.83822522251475,403.58278960656935,481.26235786991504,6.441040117766472,14.440546699931279,86.10463993225149,257.7217436098923,318.35392369887995,216.82713009579535,357.4251370171509,372.29147235753874,10.747230484090043,345.91637668865457,496.0674256788567,259.96788788393786,339.07517916690426,136.62578466114732,100.89422604638688,391.3593854764755,264.21863413070787,429.2679517212767,97.24058178270023,271.24767863084844,248.96986004065326,184.85100816488642,157.52395959847766,365.29867997371827,116.96298993565601,459.4728018791113,299.75402023734415,466.4645352444986,221.8949527238317,50.269929490068755,230.9901875212776,194.69775654263864,457.8005367483615,336.81982676264954,139.20823463460303,176.38557530182598,108.46014059046804,123.49844755040034,359.7790939580156,387.2379081119052,88.90157510980012,93.75269736321357,271.32263952655865,488.04987334945605,5.90197693093425,341.44829216764987,63.55540225976996,354.0771326225694,40.21815338848872,341.3282599358844,160.36517924987714,197.68009311495445,105.46211851509597,226.68767554262536,441.3623923857723,408.30374185132723,321.19728133962434,106.20634657374495,356.1439235682721,407.1896634590435,359.49707085039387,284.42234739373856,478.6605302438304,421.2399084982518,406.7034000061486,227.02945798101277,423.73221498619023,186.57557239084022,216.05695009335201,197.32736029407766,197.5327456325111,267.98379920374083,258.8963294802043,258.40577645765745,374.27208896584193,48.090204398164026,420.4648006286086,477.5072894081801,190.18346706143197,185.96672076878696,444.0159696493248,458.9873947484609,443.2535695010735,341.07197396249603,238.2779850631914,24.344796006683655,330.53853416819663,248.80636468397142,237.50569711427693,487.90013575019407,330.37806731618576,292.7681248774737,387.8603396623546,180.743937280421,64.02884645382845,224.86971775103294,210.83134730043585,273.61437539300056,485.9198148530865,313.70485085012257,256.71078359361957,133.92598036336778,391.8811522490522,351.7571930415181,377.0222417408751,233.1946515560831,455.35829643851383,83.40390387549846,403.26152522105923,335.2465667892429,66.76462336047506,224.48365958120053,365.0604540670484,126.37788742830341,240.92064570092876,261.697075444884,388.77169590054274,136.5149781987532,475.05561930539386,466.50654724022826,158.83711473169836,286.8112230528358,154.06427258299348,334.50105348554837,263.6914016562927,217.60276166800352,436.62969836712153,338.79687939934087,198.91762806381618,326.2714572264216,270.61056394317086,384.1729652744029,34.49377669159037,489.07873509411763,437.35933451491246,194.27386671979158,271.3230826487526,35.70013550330975,100.08392398565341,306.99520055827804,221.3700859665038,318.5848712121508,87.99360186002065,480.68408649561167,102.09039001022968,445.12454415375964,140.9626156178288,331.03981471144795,287.48085553953257,45.898834690533576,483.9721291543261,418.4637755144692,218.7646993676553,436.3482909914724,370.8432027433225,345.8839017621795,485.83644752661843,87.54800964084974,210.09629636405867,109.43139423899927,430.2448060645086,153.57084091596963,177.4254206740845,9.531861606104641,189.18767446133938,365.24676751927757,315.3685868299707,262.0037911356853,182.50471018063203,494.33274356606563,460.14709842724596,172.06412275666216,344.6740416756722,404.9936415540769,204.5985676235154,443.06817758027154,444.63070627012945,83.904129386149,302.09650537200275,299.3300197298963,177.17198937080892,175.59946674548914,408.63621666626653,491.93862919944894,165.109421872162,203.16468378022063,84.9062700072995,409.0674085993031,275.6796083124397,117.5636876836404,14.204671263677582,439.5307795636062,420.9116659942283,319.32857201222885,288.51500663278165,50.50419625174868,419.71169374556297,45.95253907221625,411.47096084652435,167.51990685440487,348.19956914270125,132.36655280889204,138.59027483223036,21.6411597104752,96.19405904828326,142.1727773227495,271.3355995925817,117.5772272416154,277.65717680121446,437.23259580758275,185.82734482607688,260.8316381469634,203.57614073031272,111.67726135101286,316.48284818717116,92.64793608622846,397.4336144594445,113.47619425151507,354.109955098926,265.4697250973166,417.0060813108017,204.03329877027863,392.69469222846664,233.13009536912023,161.7312731369134,314.42806309258157,422.6740202859413,66.09496520570396,465.53485898975185,432.23558056898776,12.684821759403386,43.45930061405273,488.4058029534508,274.51108121055455,275.0340701341377,386.62609517840315,76.73332018027091,359.58853501033104,280.305097740864,200.32129643625456,332.3104748504668,472.5474143443471,8.261485421084346,42.587975175859995,335.9910616268441,321.9669413688713,490.9475422630927,197.8194132451543,56.639336678193985,78.21422058214061,6.929929521775846,402.323208052686,355.839753874828,186.08585155349184,64.26863702702329,24.490800458261685,204.6150523624863,210.23139806457763,235.72863529951698,209.61850696480377,103.65394652923932,56.18918807068096,304.70957441117207,287.01657417302704,472.88270432705303,49.70606436533587,10.563226702357099,480.3510101266314,480.10876396246937,346.6932813748536,340.3302007898442,428.3913768374519,3.13181829644138,448.87054382472826,118.76326334671455,395.0295116053994,296.94182305396026,377.76942294558654,331.46047028757425,200.25163692803326,25.02146087712648,446.83925410195855,52.59086189651973,31.37741940041089,445.74343327909503,107.63073548828433,199.30639464401855,165.91018858583158,205.5350812397417,257.38197157620027,63.60890690304982,123.31402039305489,482.35368806598,249.271056988816,312.64031658190146,444.5757592895951,104.58909166645041,163.24381541218042,27.926662937623913,206.77730827584202,177.99200423785317,118.18834268617562,59.366921069294534,478.08338311469765,147.1604246800975,16.63162659730233,241.79796950495518,258.4614398702054,22.576753368826697,309.9774903826249,110.92957617182203,264.91328882009276,490.0381773578558,312.5590735252397,204.42294270069544,192.51739205263485,193.80823897976762,312.6934350618013,93.78248800503613,402.36030505644396,369.1808862089175,494.66409185777735,218.66217104423103,121.68762319785637,102.91558559703113,26.771843328913192,494.02943940289674,72.78123238112715,223.38583958463272,286.2864267187172,215.8572676866421,436.34077908781165,494.67219179998773,37.06251080942719,194.0522099085064,59.17439315196721,458.253024673071,405.86709278122737,457.77415037850847,447.480918878726,257.9286820044063,266.078423555474,244.98778498387043,439.1289351838055,188.4852953547485,473.1509545315273,40.5058826760547,445.10504657790915,6.483249818693693,336.4110084034706,141.99316483198515,215.21790118387707,375.24252939156696,471.4569483187611,291.14497403846383,238.62914292065028,463.74684315254154,26.200248925320857,494.9014854940474,294.90518612278805,92.68030469388583,471.21821779225024,56.09181428533766,23.39760689493664,10.550177843482722,460.4488697272947,130.71486364082406,442.89618582447406,343.84492238327437,324.77850989052246,373.59541350751533,193.51642706059496,263.3307203896711,206.24461565501235,49.78984339506226,273.39510308933893,308.80949391315033,177.56528458030706,221.2244459794055,108.4344508244861,299.01455898109407
91.46029108254739,27.7300645474588,463.76460077801835,51.22331309889233,234.8752450354926,140.85076625305575,436.90533913364965,356.7357105882016,31.83104565857353,325.34493732939234,110.12884847601207,25.88618068558185,366.0365864989677,403.92607207132966,335.043798353082,483.7830197174052,431.4215843857208,40.860501678182224,205.5862242734456,481.6396889202894,466.1937789702653,421.5877948450492,321.5492391073732,286.1732008987847,142.67904637970398,481.6304433622981,234.93972282122732,318.1003587546129,250.70865694037624,171.82868220223602,189.57608330411784,440.8088436420672,373.3051692124062,316.99331323856353,91.60249641317336,52.412121725153135,78.01921230981263,388.6547452882058,291.9715064059092,19.033735260072625,50.51489996981873,165.29114704002873,207.6353277164728,313.8262921863878,381.3650385106498,192.87915355536006,475.2867848445512,393.80579720207106,156.2041352422769,193.9792963228264,55.992186432000764,477.02417007297447,246.95925747654928,365.1993394787642,346.8736465823717,118.65062838042006,321.065364385186,343.441155172167,435.09132804516537,331.1795384780167,57.78942241946139,133.23486233569864,345.941764404599,33.49292575280288,211.99489736540056,262.67907801658055,241.62936953315523,460.3182347196296,299.2021767137567,433.82566212966697,72.5828492040671,409.73652772089156,192.39864236179181,488.82054288485017,213.00111531748766,22.109999733273767,405.08765644165834,167.37066520005718,278.95445992991876,273.62347486034815,175.0571156768741,29.555530186779976,54.317462425773066,376.4935117459768,290.2014293232051,164.0663226562904,2.994885230413802,450.80439814262326,373.6662742247018,220.14617450084185,435.4964482775729,51.62149241311753,246.51991346840225,133.33998410460845,55.802834914944974,347.1711855645799,5.791226956515794,487.05094939224495,336.3407673604394,204.497637238171,306.2690165978502,476.65162237175883,329.40691873277734,320.9204514968656,227.8438657022424,137.44423109787525,258.45004269817787,258.0572686440126,354.4174592001541,200.74748700203565,2.421966014694077,35.35511799739011,9.55403353849471,266.0108456408431,78.57209281135164,96.41423672295446,39.081256344616676,392.8259368154163,351.58228453798256,260.9438890265228,392.0944259429644,486.17143415551396,220.9214653910463,368.5177758494248,108.29353979617295,424.3157438000065,188.13545806667403,91.47154247219169,237.28927447270476,152.60462216662395,323.8839932569615,424.4712132955082,448.2067056156931,265.1508372516996,319.5971470340189,200.1058463367994,326.4328380162869,5.954901986495342,292.8390182832668,80.48857370429164,492.8932106098788,319.225248806209,76.83925023013211,184.11744861654782,39.51843336612537,88.29528425017219,447.8827164823907,105.26961644620259,192.01947793133084,468.07731048443964,256.42319992814686,444.144434686375,372.38655114782256,119.70491671310573,308.1870469858171,432.9343356379826,416.66730194022443,489.96209866070797,22.868087409831872,149.51416894473985,476.0146045006983,309.1547173883855,143.0565556650465,467.38893510039145,137.28270716207967,52.82696109096702,405.4256860064839,293.38357080120034,301.8367897358066,191.29876066591373,334.0949331906354,311.08079934060356,72.27171192255949,306.9971333194618,225.79511301108502,498.24877096357596,337.806717616964,59.58500272058426,435.119420170129,103.63942358411133,14.58364308537502,315.51700760547806,263.3477517664818,344.16600297284054,219.86935647398292,459.06493291069904,356.66953197200843,171.14823776101306,335.5480623592166,315.759860704731,75.05192236105451,242.77633923854768,12.688853334190341,438.75119633743435,412.8432495385294,449.56581137080025,288.06350989699865,431.10289774302004,257.75140499470086,74.41188127913162,461.679321924033,365.41093146090833,355.3841787717737,14.03168700704871,275.5531694284914,449.7283821729888,491.61707306795455,273.13810951547964,357.27617452333334,60.49107069262421,32.3879163330556,408.5790801991044,271.654947172609,55.95698095443596,105.1233987368686,223.2617285815287,196.66574391267756,12.293084103966013,372.75276900271626,283.378623536007,289.23008370653923,486.78795465084414,135.16889402067673,319.2079671012384,141.18313630548474,406.98350073737197,268.8291996007529,56.62233429874192,224.2593407190241,53.15840399348487,211.21912811290395,441.2827364236767,100.60555704341972,163.91100576443336,165.3075363685611,54.569355932777285,113.60531527251155,449.0918557057481,313.5976873680022,489.2653146134601,302.5127269925968,357.25634859846025,361.4378218498998,5.369283993046925,14.838084006274176,418.45687206337175,57.085833757570256,473.5966016864104,391.04272544066833,69.76778099284314,274.1539550900934,22.128020531333835,123.17551660491178,329.20523152533315,434.27117993947553,235.92860272362566,305.38798637963674,234.95510071504506,374.7716042341356,200.40840542736055,485.415085599982,154.57145422705466,56.24927630152937,438.71868137902095,375.174953502374,104.35862203568853,216.08108983922085,215.65912491977872,372.4401901102044,315.69674068073044,252.8096210707131,345.23898576162003,182.48572186801044,52.21339261824842,160.01609337153096,26.693390204485524,461.7193143956898,454.46499166063876,289.8473414244486,209.48517130629563,206.84734881964388,460.28622211005074,183.91533798027515,187.86649102650483,450.0590206003465,413.0915362529454,309.9707175992172,100.06785031351868,337.82912501322767,438.804603753252,387.7910996607899,144.74213499745974,292.69040198620957,366.24684951024494,297.24890152085,143.16725744439563,492.55332932675316,147.85392525599417,212.92067868489923,142.63074722972095,30.46280873596463,405.87298582198804,380.2863190919326,35.334717062236564,291.55195255688153,127.03410091681222,381.6527794527231,198.106885318008,429.26996935010004,313.14826738838826,352.520738809975,293.80433794071223,150.9674022151241,375.00866158037974,223.2409059338531,174.05990439133356,473.2509639036745,176.71997234350712,320.2252815595668,207.6183241221537,5.506593890431677,162.1201641440632,476.01674782313165,311.191307281603,31.454763300631296,1.8964938288922872,7.517705784905349,274.49008802412,398.06492107083363,98.01120466748719,186.84647457112698,333.85114735647005,481.24271476134857,255.25769464421012,73.34771712830829,424.57491743196465,354.4368522179935,411.6483274339787,253.49404167087042,300.2824815888337,8.256581546355779,388.8056555767528,484.36924848758497,295.73575664901443,21.33885190025492,461.5325314489977,249.87658983280608,62.758857664429236,364.903436603257,5.8703276272117915,393.0799365059998,322.33556673711956,442.04366342687365,304.4118082209526,227.17510498043652,289.83440025030137,453.27899501253,173.19268390851778,176.6831554765615,159.88640734312952,258.47681887766385,289.9708324641246,463.4856076315266,388.72394700929794,91.67980007322285,171.93983301333859,352.3235806822061,46.33652787375125,467.3926478830051,216.91919400516764,443.1753655058772,403.0411951062748,479.3483560323428,33.361693375447864,97.16930582527117,47.32183546970376,101.31162204143335,256.0959735866224,68.9097927801171,362.58479944065385,28.455217055529946,211.1899277381248,250.8319754701669,120.53433816697684,284.5537709883827,201.87401886107853,331.23161224883194,273.4103207444039,385.8873722404093,308.71410690687884,432.4811514083484,124.44278713141466,198.2967930423276,434.5494814927452,416.8559852007012,107.79697413288797,465.3272139849038,46.661182739177356,429.8310599059871,199.90395609453282,415.53127230496887,49.55059457646899,270.726694249135,15.488446048359028,135.14929161693888,286.79583962837296,491.8480005874697,224.6588504346455,96.40282240059922,115.10224739039937,436.81157808688374,297.8483404380104,492.3769063301764,93.297301520135,225.32427869547962,275.43958158646734,405.10236956920073,273.69683086135996,125.55406260228114,457.4115563623163,18.74741036622096,187.42670316540162,499.74033654252753,6.293548518604086,310.7009801017838,247.72901777875887,241.4631095786766,102.1102254543212,425.9019232599652,7.71335054477057,482.51658902638815,201.6423731238136,312.18907004431026,311.11451529388205,249.69576896051154,471.3229167243295,215.23575826376384,124.05610796096617,156.9058320684601,456.7246740361113,207.12246929848428,75.6548978566317,472.8136708090267,395.51065431562165,288.38707627066185,280.5032587669054,313.8340366342448,422.16692685375494,391.0944762378764,419.5302853597318,94.84514247931536,236.8431793004836,186.76314069014694,24.523906249579895,361.87479164256433,422.4969759341834,52.59224651629491,480.0196826938753,59.69385092273583,464.6742800335278,482.66141486534787,50.433002522795704,491.83846667710367,128.73999844285328,378.9754000153286,361.400660946166,470.2009201141169,464.7410711813372,154.95962578361667,195.5723498291501,117.31269862412607,330.898308007904,87.45933389292726,171.24813121175936,421.1485729510669,40.3012098684577,339.9324946551065,330.50604090793814,346.15215423317466,17.65780134574918,493.73881819160476,37.05814674825064,259.8475938176553,219.4795312291201,90.4038347469316,359.73052926371184,286.90763781371066,413.62751351437066,147.36880774693745,401.322429767318,334.25186568939534,306.60138257388456,283.69795636918263,384.98922681391156,429.6673809317078,55.30657842718573,47.95154375037131,272.25496848367925,34.16826858292171,414.5730688872867,349.0409922677037,218.3276408639554,319.621179638039,287.2890136265676,131.50386609173276,15.821749066270375,198.00966836357404,97.84036202079032,143.130481529131,393.7752636698028,156.8275007091989,289.9499844307762,132.93791033945794,439.2691415387361,185.8167302960314,447.6351196981514,33.66417996626436,194.61199952102925,452.96456666565985,262.89669072463886,240.70755895240015,165.90825083153877,490.0851914903314,298.80124312766185,254.44752451006303,290.9752310792634,66.22223821619284,422.65049798327925,441.95961140956695,298.65435209267656,274.0684119456599,417.9915808992566,169.85577834397913,462.25497675419984,440.55534065370136,386.56241633378727,273.07614397527533,242.81250553591903,16.203753832988276,20.527953720206494,67.44388437936382,294.886929667233,70.65861393519812,92.64445389449317,119.30485481358427,45.9701720253552,30.57729766082462,211.9247230566368,102.4957537649625,312.25922833398675,59.471681582940086,465.1441596293205,102.05177796730175,223.29443618793732,23.172865443047698,161.92947588024137,191.3075738773863,145.88124937791636,245.3368974854947,289.7755474207001,23.161197532037548,322.26862417740557,94.58608426716353,345.28170791722226,443.9851155777503,311.36736954138024,226.01951897766804,117.70926481778704,306.84937594944324,302.8972645619159,159.07225042783057,42.71436698890818,83.86919915562841,36.53773692215179,329.3913683517974,265.78703900225696,229.4790425921971,102.97929886954132,427.8197947314302,256.2744558355904,243.1983625478969,196.6445648130628,8.309054782700331,475.85242177056637,137.21439737614594,417.8705697421442,273.66838921264844,84.37599496566934,219.68017504215982,375.02699878520235,211.8058897968633,295.0841787633584,63.147812025372005,96.82647325945004,44.67089304900146,279.2027255562208,171.1818390094414,406.61659302274023,38.26989415644122,469.24184420140784,14.258812475183458,389.19996495154624,113.0726736700427,271.7236612769116,340.8683911968772,399.8003437346419,53.49910928948931,116.47255793364353,200.60440555687947,105.44892095103353,302.10961139818494,455.27124879534773,103.55534553114421,413.22772944083016,9.598293857550455,343.3909184908021,94.67493223409812,495.1357394230444,168.72565143775702,411.469920935106,130.1129137985163,301.1383415473301,221.14862081906972,393.57548167756323,142.00432455744055,277.92544371655987,219.15231644700978,180.95253643446958,223.65471620833378,38.595954295410465,243.2787179523355,124.61139301200109,230.58118179988546,310.6001643157257,255.3992604169471,493.839802994444,417.86771844082995,387.9599937440762,32.14228049790802,48.23405391507962,189.4304076252427,369.53731985223436,439.28874391609554,310.9373775729418,296.80539811083105,398.9463602519409,118.55683115142406,63.593308700712505,339.94350169051665,60.13583174908521,407.53025943742796,474.6212083661306,376.48597269777207,298.9880309367753,396.74795370298403,414.39977602978837,350.36741938546515,407.9349549094039,341.08668610919113,155.59049573117767,25.489729247268944,439.04792487548843,414.6870496706166,70.85212279064451,4.120601917645683,301.47959068971176,390.62612744673174,292.40228273295514,282.0434987351143,57.584718405841286,115.48123601148858,6.138956629632764,115.3216565697105,256.4321304579091,231.97644014503504,192.56920931639277,94.21187294772848,355.1115389708456,179.17394000665615,487.09431385319033,74.57025526566824,97.39149103710193,342.3600271455319,2.6333413212277224,483.2185141070247,436.58678613258763,172.6989747339176,180.13925113446265,21.885989311309416,279.1190054283321,259.7156130613685,151.73499025617687,37.0860702197644,297.27609761483706,353.8281398078983,52.32082695230861,140.93723731227138,112.15007979588887,18.661070406483294,260.87671894788804,338.85037302423075,268.2783462774997,196.82940698628792,294.3621704648084,204.97758930007643,321.72054912887535,101.52694262279877,2.875470578027617,15.3458439136398,119.82686967669271,66.22248099943018,472.4658391740067,320.8612131650641,436.73945834600744,89.72773632004738,54.98900760509501,476.6226047829347,457.8081047464851,466.15797446433385,474.9147345394426,66.68286489941694,191.6033703701488,246.70279156037262,127.80769621556887,295.66482039138765,353.37960798858893,383.4673658816409,207.99299244618956,299.3584920810065,108.47395075269489,328.70185889102737,449.46869696038254,336.457600262196,238.47023260071154,94.66542550213819,197.50781029826157,30.980127137573866,153.37271330326584,428.1946743128459,127.64684280671473,138.46018053192515,272.69838792507846,52.35491495233791,350.52431105457083,496.0981899333454,349.2565911833198,498.0099346079364,239.31318640597553,231.19255233798125,35.20995205616173,18.39475924419026,40.97544945569537,216.64052018269592,224.85147528126453,251.83431327000733,104.12751398274345,279.3335705594459,95.58188361168651,494.21679262814496,367.8149495951221,73.67059344532717,146.79845731007956,69.491329781731,392.3888066719011,476.94445598178424,261.8236137315882,487.8419398671087,410.4595883988627,103.8653406637003,393.39154001290905,195.9010448722318,146.99757546126423,159.58256803334726,36.609648408552744,303.6947358272943,76.2832737701421,298.82665264950896,93.80526243524301,23.305108577484134,223.409562120592,300.0074965119611,215.03463731013733,354.25616142763226,429.3432960444346,383.6554186056709,162.70741202749522,226.88040334262948,85.09363574849577,432.0850120978792,146.42115642327497,177.9034083816295,118.98370265260627,58.3045166187397,358.94885758291156,299.8709790488805,471.6145026111201,4.007966836194365,376.09188193160634,139.01689140750645,237.13272441637045,260.68561626489503,381.0545620043826,472.1251389110664,414.2807682554995,465.02323165776795,414.0496004779178,32.31201432820979,17.72016716292857,268.8255375238463,114.76932741790485,191.98524843313103,366.2428956892464,364.8848079985841,182.95579098070175,142.37788654528717,205.3673291585773,266.2006587739319,280.4824145321297,307.7743700402962,399.5212710305767,429.72141939561124,150.9370804732739,175.6118059913042,189.36113544593414,272.3528805334488,59.51603039072545,429.87955757530824,99.69121773842593,184.9187859018513,116.90514669801443,396.3734892764811,297.01798929454617,324.0511997632285,204.36797367679972,377.16417601572994,247.16209087861068,135.9266617009881,395.90770951345064,466.82587309824504,196.2088515915541,391.91506864944614,77.36212137369763,8.816456462979072,138.86126339017667,351.63665534614,85.40767254954085,70.98013674286375,376.8681535393469,379.38583364589107,263.40046129457465,160.0511955352279,167.19897924133596,15.693425802936812,144.50731375883151,32.30576204970187,356.8575774382431,179.64191557284377,399.6668004495827,139.11026925383828,293.65413677018256,347.41571665800205,218.58130987419955,347.87323801667856,497.12744458543443,223.54412036605527,293.9727678659168,243.59724285323568,228.2514946624149,415.3843826333987,370.74245402573246,141.64757503014124,238.3612879328808,40.824544699283095,32.789982380745094,156.24112197234373,23.1711710050308,451.73340005738714,211.64024222592536,238.3906254048802,26.35057948172409,484.43216802360524,71.80696078902326,286.1004919239037,38.076299165186235,246.15342902647285,50.639484468045225,159.9609914793919,458.99162788892966,353.01137933508153,430.8740294999116,281.0876584590229,149.3609447732539,155.0764098392042,482.38717339058707,1.2332915425859459,388.46382387826816,307.30373505642376,419.55609034991545,453.3419446319836,268.71728086507255,278.3365390314455,24.550989254888243,341.23610668811307,224.47008873812297,277.7883753208972,388.4394279500586,170.90999725170235,203.05341178743714,147.80991790165248,411.26447177989473,425.99495205096815,424.8276026969493,357.9685490449312,32.11590410844689,395.6578435059597,282.98919596651905,244.28315452864808,62.68932817031586,391.5677086368798,441.93394039715406,127.99153156188703,167.7110825335293,323.7217585780326,33.39642749699401,138.38417810104227,172.4741277464112,22.311017223281937,352.6198548081523,192.17325599596984,374.9199188212689,464.2383898822667,456.53822076613767,163.11539594049097,321.3567165379602,261.8920939547911,464.6678898075564,374.6517345455947,33.11587525695347,284.70465748841696,74.60558504188796,351.5759111790312,99.81331461669734,0.3389320766472581,364.7125387301761,46.08870289483402,31.135558104857296,3.506695555526851,324.5277552545632,342.06433390293626,230.6162221375983,365.25379110660253,227.33011459524798,377.371363861311,344.39725316782426,199.92571492842077,107.18657298016038,374.46820081721063,13.510456458276089,391.30200253109575,62.750923791665244,203.2576897302781,279.8226735723178,184.63037927476623,104.79835755645355,13.324422591562413,458.06373105377037,277.94390493960657,402.81716201874707,246.16717877229271,135.52088356614252,171.00681371872844,414.1723891129224,55.7796849807422,40.292443768985166,478.8069038965503,201.5219026347757,381.8881696516707,483.4821668782839,258.989527003157,487.539030725754,127.35459244413222,486.43209849251843,349.5532803615426,76.81083580333092,175.09743678722256,164.58285236876003,218.19866677459038,374.92674336563306,36.01388510346703,260.57708027857785,253.8238512552612,44.78622710389579,319.72655883637276,487.27695237165534,143.98308477641058,18.093989103836527,26.915166780966782,110.36978668089914,39.20917897247661,233.9230328923105,227.74457848369732,65.18200940128472,196.03696080245157,421.1881974568423,363.6170752277323,12.58632675096777,308.86807157567114,290.0680037778975,310.60366876997205,386.6008446532084,153.94620213468096,220.70762379227415,345.0773862165445,94.80821156797059,102.04342337649547,440.1645212139407,50.968055531389,345.3105787863869,352.6061731291093,451.82726630549615,453.29170600280696,120.65419438101887,456.7685457054723,285.48523012751565,75.99462055358114,284.5374469661824,452.8130018390354,178.06978289963027,477.01986191732465,214.2556687090248,445.89849911336654,198.14160957577397,467.92785127401186,257.84603145744285,43.56106650981661,252.21044216059386,495.99897574394214,18.15825420917244,377.33267336333955,207.23718346536717,360.62535193830405,477.7397472930913,251.2336131913151,207.81966948781155,161.73788142534613,304.2850162087847,18.907805888741635,205.81326618421087,269.75127366573906,210.89443486902297,355.8321692677594,82.97207826726006,442.41361501808046,57.13704963326683,281.6963016726611,328.15174435186924,60.91650788491765,91.34332747369339,442.34381078943335,432.4575277505243,27.47514659088568,29.31962265875615,189.24470331194527,406.52195784938465,307.23341240161824,108.4387547573049,240.97738104427324,202.1330915060397,87.01334801556787,249.3620877049446,250.45574682370852,178.41897294397978,217.49977286006816,309.99379033069835,137.9967799815161,83.36052848279962,326.35646249182906,143.4711149411118,179.79569180565963,18.079488641252695,3.0713852729552515,161.91992806019329,454.33598003269674,315.8375036828458,430.97623409421095,409.2738767896116,484.982116079243,294.55517277603593,330.4593851810687,351.86163876675363,37.45039602724304,172.20808969054846,220.90482946299383,475.32392717467695,39.07488103402329,393.8185340257727,224.14883877663928,398.21473661683933,448.71904636327184,472.3089581637359,493.915225458781,4.312029373868375,423.2577519425466,213.46198517350123,146.37204813947218,133.2504811920488,63.12723806616055,168.01523572273442,68.76417788342803,60.65608654547583,200.882493602837,89.43338928234074,229.71505919494066,202.37124445895276,390.30545156901053,416.23916991752236,399.87043180999996,200.85914933070924,261.7300843162357,159.0608483830931,325.6064570592666,206.7437937017086,265.25702776481137,134.1779386058204,2.4532224111014633,226.29418769715286,34.765931110624095,186.33151067068792,113.90567964423293,442.0473742016657,213.9087297342952,165.79764126609996,430.8583030768045,237.94333179206657,160.63572125507304,162.81667345045474,157.5287076337989,235.80657457187465,204.99936355010684,469.7642049898343,0.7779051213721577,90.61982451266809,30.732024856023,381.7697279048952,445.4749092491826,242.99724667472455,47.57378354580166,104.73949765545088,326.8690661583554,182.5678052686186,228.493844193496,89.78963504378895,222.89335543875538,426.1210383746772,286.17963438429615,459.46283084428933,251.37483929725067,450.8569130342234,314.279790671565,323.97522257439124,17.351452353764508,54.220140293641414,492.06256325206203,312.04466085470125,181.65293481529537,228.21028678451577,243.60002173107335,209.3341992221261,292.44058337011336,367.34179180498825,495.9436781180855,286.46143962785476,7.119412826912031,404.53725135535353,187.35494201540075,85.90624832975446,447.5175150502404,271.02332391524595,45.18737071260037,345.74515575013277,483.5562794459842,397.8933914063096,166.5908499668815,206.72989702010358,275.4379326620983,130.98882866888266,199.39435455878186,162.30698063671966,7.520121829639681,315.53103734767285,126.18001158709208,438.6273705111202,72.90405056479399,227.45661017721525,218.42773705751378,200.06735165752985,95.74090801639134,12.435979370092943,436.67379294911944,151.05180682342018,142.66593191394256,279.2389870325564,352.5850710202879,101.79889876359621,274.2522744267687,246.86559122167668,459.9901071672742,198.36962973672024,51.61872138938206,98.76460108864077,284.74832913718285,292.0750496498423,168.26889759863656,383.9447890192498,10.988733634344605,97.66449842725223,340.14912627746617,256.1013180945458,219.2503590007339,84.79592918204986,119.76575590023047,10.773860870530061,448.26831549897213,420.0826241494753,374.0238973776117,131.63847482489695,277.5774314781814,174.9759207268209,273.2873026778853,362.32267248839304,232.89340777800138,158.72855125952418,43.99486613459541,252.84120733621057,413.3191072548944,39.91367255880029,307.486593441984,204.56179200720092,57.46268630560042,465.92498078362803,476.97139717605876,437.9458117799332,173.21625956040776,325.4607161625031,104.76379650699153,409.8308947871761,338.62539840442656,297.8454688668756,103.27086974688615,161.05524178336034,418.57308461412094,51.33807641834159,60.44315211340007,268.96373849137194,47.73502483620939,107.18458560056493,299.0185849811766,218.76023461008776,375.35915282779945,370.54893072327536,297.54331485376406,103.06976083101421,409.99221134673854,367.23958234836914,143.03941835354038,52.41242669238433,234.76350587603213,319.4965620134076,296.9949260720947,325.89656671861707,110.81789568979377,154.82742994065774,448.4404836946268,180.98549091566147,370.5902800179895,372.55596491219825,492.3466609239938,305.8938542236628,65.48400424361373,287.58871015212344,50.88739519322777,75.0418225903563,340.127127976356,453.2673771828431,494.6041630348682,237.8608951269679,465.0280122576765,252.75063081076067,439.8230923056648,354.9959768642216,405.67979529030646,496.4424768009025,394.2303457127075,203.77116430634595,95.66158512345562,299.02834259462634,186.8266844091366,273.13670615089916,77.32929055770332,482.6005552475552,437.6546394576112,244.75993390952283,226.36384125302638,304.64918794611884,490.0642640628031,35.466009149487334,379.12434004958357,498.22018344383696,34.942554998203704,89.59851000681962,10.65511783240558,202.56527288114214,425.9271698908227,417.12073868537993,207.0125801256945,417.0555518929888,152.0976087844707,375.9116360817149,181.89490376283536,114.58038065515197,384.3408802156355,278.5577123493691,122.63894675254511,152.70873785636695,148.0430950078888,286.47220060508755,122.18428444839535,315.2335724700175,254.49496144696604,341.9107750371212,52.26911471864515,75.99880480625859,19.447479203615615,181.60106997104302,371.45977285460384,385.99996012160733,236.8833876962935,423.5096510321116,117.20488910056076,489.42538139879935,189.72252572684994,415.05259633809675,383.58583312657674,167.40989154817441,239.40642353528918,444.03083932906463,139.31812609896693,234.66332960568465,17.17408486554356,9.066494110959722,166.37980222791327,125.81356915651037,250.7924927916955,131.77248990580077,388.9625711033821,216.33226218355227,223.995994667424,100.84802947064037,42.39465096764289,65.53563666016404,463.0276358478096,385.16938431821853,213.20927816619007,461.56486290509224,255.7229633817635,217.41218834955833,340.17207001029647,178.97093084621085,476.1217760583598,455.6613487105294,241.34179287697583,143.74445701798865,107.382985882916,396.172530529892,269.2374141622563,398.35035593005705,67.7867888966952,240.3082660815299,381.23032822353565,44.368698682632214,283.5606433382653,477.6826010334125,119.92314976602647,327.7523544963869,351.74336732926173,463.9727575068296,100.62379563677636,370.5854885438266,124.14038087328183,296.4371490818069,358.39196913940805,174.80424594437775,202.76112414501964,77.63414132938867,449.4074446584252,318.2899072339247,434.3108631964943,420.81555428651916,207.11383432846864,192.00609616886817,77.83078463648468,302.5737809844524,83.54824413645623,93.00490899064911,302.4122948790184,257.250961704,311.4636459744374,6.039529565525614,150.63378764510583,57.89643471773115,105.1811551598329,264.84980297919424,301.8182213978319,362.10371790097304,369.59670154006494,320.216024805329,360.36551462029615,379.2967419493982,303.3796084364651,234.93907013185938,133.29839346999634,32.71872830778039,392.2086931760579,193.15775790717987,173.42176326932702,243.42562225065012,245.82747492588481,255.96836083575093,201.72126995957535,210.3322600993059,261.41895225108146,278.155426947347,486.26195330135477,440.97697292478455,170.97019126277996,200.53869980299947,200.87054543471018,371.52446591485005,323.6692157450013,186.955156690773,25.640814744828432,31.583658527514935,159.2892198825432,348.77608728819115,199.63593464761863,353.0866575479414,107.2458202602642,461.35442185607445,149.40493831640052,70.65591142990385,256.70199129497956,201.80011276667565,401.8730089349887,188.76741860575646,20.931894554126085,224.67914694517444,43.03788666778535,212.72222709762084,253.55827523701052,362.9685522236168,473.061665676988,93.15378007474683,440.871292597664,237.65460028452034,209.77832881035928,308.4638537985889,305.000974410799,67.98190352626365,243.62683502922545,240.455623383676,472.2453840141194,122.7148331172499,488.8096840285643,289.4727199432423,327.47767185271744,125.38809629871228,299.5747306408988,98.39676654417457,160.2701668827724,113.4808850313621,125.73931469006949,293.07440444491783,418.03526001745627,236.17175289138638,234.69084473198416,157.1823759145471,372.60718589069586,378.8759751160618,68.61043085399382,18.387943764987536,116.15147041433566,355.7548661393845,459.3488759433188,325.5357716048769,419.9792674168828,123.55786556700227,127.13557776725808,487.7138053804687,470.58840813331284,248.24514090342382,235.25200249817118,30.80666521531372,445.6315747000451,55.93973142684611,477.7163446204687,342.6961004956364,46.05726602973631,88.3374152265644,358.4616715693702,449.6760473534113,253.17236757936078,183.38650911283506,171.10128654716002,219.84784798290096,145.69589206177713,157.41187173349658,151.2444733917065,397.65317192659927,17.86991990641551,239.01070424336874,10.270639780693202,202.73855180276652,417.0832249148848,343.9625997774489,364.6708456743953,239.39272688047873,402.5368237483344,393.35296487834466,237.0536660597225,66.49488760390582,482.8114487810537,194.01311362495838,252.04382185863395,140.65883065668018,345.3362651454108,105.9044438971119,407.0371892878869,109.7143914929698,413.5199209137512,201.626876023629,66.73075114109506,65.29759695352283,413.0658944436066,193.96879789325578,439.6816310561532,8.658988416328839,118.01941425285605,339.27976877366933,409.7821011000564,322.6698053829659,445.3610489829431,120.77811722385884,297.45879251063235,422.51873822685474,253.3804475736522,258.8409852662817,25.144031235226848,82.88361060379368,409.60713154026877,436.54547478791767,287.15530247153345,15.342466604649996,112.8200992892578,210.81895572680182,301.56507269900897,416.1711946797177,187.6309319549497,376.5399214227539,69.34763042296139,201.7157716812318,344.3559666902737,401.9193387021736,371.23164433853583,376.52897804919616,497.4767529635355,351.50617773592114,294.3422513939444,24.505973062812323,489.1151108990272,15.363308846469636,465.87711012227123,153.68917055498855,34.44222361165317,221.4170193085351,74.46387070066574,110.42372957399377,202.0353925487805,0.5559835697733218,494.0388344296864,143.17802001138674,95.7928654246471,295.58324664945485,19.413569379551355,434.9107437144437,476.78089154447423,149.85292725209015,213.00338621513532,351.9524825598543,42.155919488495506,244.4763273493137,314.8774975673756,415.2927268700291,494.50044123544785,466.6609256782527,118.60925027580971,333.1997595218187,260.0989019732298,67.74430856612994,50.15478884109498,117.79957054087348,338.67783523424464,379.3159480172893,419.3462016302649,389.4966480376686,118.31922328771854,75.03334205613277,482.38463891958537,239.7526361744447,448.07951717147597,212.89431457594426,309.72537971635603,37.592818884870596,172.99755833118908,88.2357956975574,467.01434561352494,476.6756313183498,381.6778010485902,375.5731162559046,213.90635202984464,144.10188557935106,154.0066315470585,262.0567139659847,148.28273380850044,321.0653486776758,139.68796737594602,201.11058156097766,169.78223708794837,448.98744403980726,42.565115736804884,331.1572030505879,245.06308061426756,202.08573052552308,150.59915065555913,35.93095651183747,224.20380559057213,372.13072289752125,486.1031027167168,488.2694415933294,95.24069982191446,300.041984121049,25.786725153560287,334.90499872733534,364.4262442074927,249.11629301177024,10.977516214778548,117.92184894342289,345.28928435123055,421.3163714744077,9.253853956508461,313.4283301864494,392.7650348179103,481.27659352087096,438.8930480538042,321.8956788868336,430.4860579637063,85.78452261134167,86.70050444597777,188.37941202071045,283.56583937608826,229.50784569846422,457.1804210648927,475.722724387817,22.079182870143764,288.01459409007145,213.95735309496172,458.53727090363896,279.4336557391102,466.0066148459387,295.4700751288901,256.3215544019922,472.143855995258,341.65783292819407,34.2023338782112,235.23962889747696,170.5476216241708,254.2274589254303,141.51195848571646,480.3716819214704,451.8488433090387,229.5520043945094,106.4717457585439,32.3473404688947,320.3753380508633,216.32233103905497,142.26444637713348,123.61514304895022,72.52548253684176,301.24730821163826,380.9900249865487,215.75304807552521,459.8029677965321,302.7127974316623,391.8904624385369,233.61795602661272,254.50460142221877,294.31651156602,71.74595996921285,33.051111268312894,36.393231975253684,113.39151028813104,33.8416152633309,474.2023518409043,57.05815379890106,221.1880567433435,396.9909001195128,111.0894327967561,200.80262002944983,20.878034975769122,21.133723950875314,3.6814193922118377,188.47684199346082,34.36354116529561,466.96716080644046,259.30681641745105,402.57079645535765,66.06108107789271,145.0527799985522,154.49443928744088,336.23535738175383,229.48407586270187,232.60277672012964,375.1105566756453,485.99330235903193,341.0048972900675,264.81964911933983,148.7864486442421,291.7556518168748,340.6948474315522,392.33950591068356,254.77037870587594,262.1125221806865,140.8016508548835,291.6312745742434,449.9736736813716,308.1891618035816,279.1722418726861,156.3276802160442,48.54440241511704,335.7261621462347,45.497886511505605,57.46509120562576,432.205948274193,45.61376536049877,107.39816678292735,213.87585163495055,84.94241649903745,299.5609171624174,299.6417955232473,105.63105115609567,95.32498099367265,331.77861503773454,209.51460805304856,440.1878190272263,296.1983507612215,190.48914566223408,243.46552722889814,21.560360891567765,465.61935356337045,165.8969366160739,64.39640090720455,292.38921894948646,14.418480984957016,453.9811465761676,178.66032241021207,390.59948252966194,121.43011089269245,323.36621206605224,331.9383981974935,300.3018562746197,410.57811301028244,345.18670247856164,411.4271542988363,206.14034590729875,276.0873235789382,473.31205411469585,348.89736194859864,455.17851809575757,31.584008217330705,141.48416642537887,447.81438593899423,149.9542155666664,160.10614083758367,432.3416212897342,100.6977097185593,220.22031949690802,306.2982799964889,74.56374032449337,114.68074934699291,396.7278126561851,19.309906677794253,65.02333091850382,366.4390968679355,227.63306136793864,96.20917743026037,317.79545263562983,390.5391731408819,349.15456269364967,391.6701759219941,58.54365495280511,233.88256577224092,151.97695543983792,89.99910617211849,338.8467492638037,132.79359819091596,113.2902503420064,73.6094591526345,59.31586749165746,471.88659091397415,124.16884837410657,212.01300299661906,38.28788065199856,268.90773008045886,24.29748709361068,335.50676308854406,474.83478989726626,321.3122746978917,358.0135272946346,249.59781582667588,461.21724122780546,431.87975325826136,427.13828376589953,69.61225694101158,119.20255397504503,143.1958345021091,107.72597372133352,135.39430022119953,239.24434546859501,241.27581883981603,146.47146773150754,18.502676724286125,254.00332620955217,87.50867892702563,244.68438612732106,164.34289521402218,276.92973094617736,103.25090644044555,126.15550151431104,148.4600391422375,382.260621716996,61.947793476612446,159.80053326946668,139.95277330411383,376.43268340421093,221.66152639673248,206.96153284068453,393.14150781494976,105.88043609013337,142.48855961888285,48.28339061745507,118.69821976779116,260.7034679523437,345.2483545550381,186.4649200728663,141.92290012741725,285.8046303394312,78.81877651230984,88.03883681059187,74.34338840028177,51.775383742967975,161.02058666518488,175.48429487571642,147.233368650455,453.9496609619529,382.2544483054546,97.77630594631381,293.29694153763234,162.89384011127612,294.0021913858556,83.78531575215709,387.7485011184887,16.528432739923826,2.371114357631765,480.96525021944984,437.59258767934915,275.7579941232562,465.59211609833767,25.58673911107262,493.8233134095425,67.72984692641903,355.7999904971081,344.8887613669823,19.593984114601724,219.0937159923579,162.13464466103233,483.11327114256574,381.31085541365087,161.87123117489293,442.33417235220867,489.14588248002457,367.1846848885583,321.469577858478,110.02739021718322,231.40272689854007,36.878543818820106,316.1472683622521,266.8707156908515,126.50750038837771,93.78820639234408,25.6007598205375,389.06155287062217,369.85631437653814,348.96763944228127,194.77587730991164,114.72963131194541,288.16791667283513,468.3100949261468,328.87487531872847,343.57757425059674,272.89568769531763,426.73739891932456,126.16152456155727,250.39796910007516,312.2351723962905,97.82643396349549,163.28954774764048,436.7056584372368,283.9596466629371,82.67090281701489,250.29205431525608,190.0694579524046,399.62472006924685,330.5325378661857,38.17117080455379,40.96998523862294,426.11733353200617,334.9214212347419,287.73448955959935,193.8687794629689,254.7034800379906,255.68751573981925,51.29330639712898,169.09428712149926,296.4979896010393,67.49951045570945,71.3752567195674,396.2828353612184,286.94592388553633,124.99295682821082,33.201825262938854,235.90504573580606,31.722072661037938,107.24758588380662,2.9920563351449325,192.5508230738004,403.32635585399424,498.2934258876732,148.06649259462716,288.8559378769393,21.368018330862103,12.610132246395677,257.83502202242164,331.20093522932996,217.7186445313442,29.54364335238846,408.18893543718315,231.3621908485262,368.65727186825245,479.1018841068931,188.84415536642447,343.3460530199751,322.19548346405077,227.6751498984662,322.01677320780885,361.4570698947944,67.6622522612989,291.89996567101264,301.21414863798924,270.818321749217,67.89014544482058,487.7755733770394,308.5142881221518,51.85551066171645,328.68668286788886,152.5258496871994,460.9699306354519,268.9496621395088,131.02339327173613,407.0658987901326,294.4409337773071,365.0365500612722,239.64030289606902,155.10788054521268,140.78360136087932,173.2244758228698,56.273806881482535,434.5336739129627,428.7310942092581,447.40752409441944,82.51940493819043,435.16627236585197
412.25145701484627,305.04992812982465,278.6782747133149,416.4866014703001,182.1373890161705,406.2463024500655,73.01313979960666,25.541609557731714,431.18997239847965,274.05662044031493,56.48035603884993,337.8252524587759,130.8929666557016,177.9672497837509,17.272007909063248,464.3759087181944,165.02110836506927,244.83073252495802,152.78507014637495,46.70092215323518,254.88741913457474,369.6859252746453,497.4140196532865,101.98145703683747,101.37984269310252,236.42689682268258,123.67944920387663,329.07104296216903,300.42836373086664,451.47302491242016,201.25765151576192,201.89734296204531,399.19464945551437,267.43315690857463,344.169578308512,250.5032070919284,275.0886042493344,90.52664633275714,299.648027823824,308.1201384556508,398.3110486280055,22.242238970641147,143.94047063947042,167.83030317214354,245.46325670084613,130.67764825784195,75.0163281255346,53.9971836684815,421.6501249882433,337.4789702940444,409.3330844563016,232.70557670935753,38.99019387457875,98.23313140422118,305.9442268526028,398.1451803021175,351.7663078234934,134.79353703521417,78.42058603440427,194.34713189312401,174.84473823141732,53.78687353104017,168.68087828888002,227.41383786334802,484.3698790905426,185.73769180494776,36.11045958376258,343.10375755346524,195.15458544452784,293.9554240373787,229.73416821603203,401.6344415325767,371.77069609777186,243.46871127187424,306.8532019335417,157.67148372897998,334.7278508012579,323.12181069280535,324.3870158872477,309.33053674353465,83.00560571640631,228.0770715582624,190.54169517460352,396.422191303688,193.4883670435722,323.42406612042157,45.661759001901004,162.191483978381,437.2315976282346,160.18935865708767,304.36033936869586,315.95064352791314,95.19818976202576,403.83734616217566,254.47563389965234,477.8857711094207,182.891398234082,295.2951295582619,23.935962505712784,219.96125418319855,276.0354340559755,239.93924256838173,386.6219493412209,342.2549210201177,155.1665609328014,476.7909055804126,249.8295138994462,477.2626852467523,342.318850079789,423.91602611005356,158.20549159219854,388.6173487009363,103.9310117904198,142.44605184041902,382.3185228443754,453.9578221471521,53.035394402034754,82.87520912692203,69.14908922175506,349.4118430646297,482.84002298225016,226.137169317702,438.268913385721,130.59778293256923,90.59034563630335,235.4355036393847,135.35942646516764,480.5900802586079,435.322307122028,182.40964529196557,361.3317588113745,388.0146612511287,1.0211961763453292,208.98054985194088,373.01090345298326,449.957137411294,369.1291061564859,43.28054412613408,400.3461007761654,242.93951217269728,224.72471484846028,261.5124031696791,14.519147257139931,497.64534053441025,178.10299303440968,424.5323771797848,257.22069791848907,113.68507238842729,307.59817280158023,472.98109761269603,148.53664357742647,273.83829798028734,278.85464916251203,97.10513179288743,113.14695795797469,314.24898854069147,192.8335498583098,43.17516547917211,144.87391930130335,269.2041224532533,8.640571638197315,373.1343299698894,410.3124042292595,444.43760453629403,334.9955026757748,188.97071947931244,4.559738887443876,250.26942442948192,345.3413752038871,65.1014575972993,108.03485654681843,239.67285031179935,490.6416331974999,355.11249852189314,311.6384202630139,7.5598897512224035,366.0459528747762,152.35434209791543,75.49936015080688,302.7051721109836,138.95961511565307,197.9977624898519,10.44536398083884,483.0523048535631,422.0791979106684,400.1955400940857,226.62374569489825,252.00662715221134,153.4471229705177,73.88184328336939,118.70939858020962,409.2948862484606,498.42397184862165,273.1873765091543,251.7301046527985,130.19487668452373,376.921069586522,418.98735872011616,446.79315150752393,59.34160258997778,426.39534267836035,436.8750185652362,224.51963433554334,332.05740329868223,241.99001025802986,48.98826959869829,248.64755353172163,59.6745689785691,49.04588794158826,166.81578274673464,34.43459407460614,410.4530145254791,16.002870847964644,333.7341857267896,29.041287195159526,273.1177657446211,119.17496807990469,314.66062953992713,402.1730047338093,158.16659554831892,261.2177774852628,425.12546393384997,402.8885135299642,201.676962769123,86.91908580297181,93.6218406901061,121.56056822921818,363.6515640745412,1.504880207677306,389.0865964325079,261.9646609737335,284.61848383780614,50.380359345838066,266.2095370255502,225.59324974603427,332.7836574922316,372.02808833934284,467.7505964675331,104.23573349125925,468.59797026817733,236.85828094888427,433.9313046741532,373.48925228027764,162.55157569115102,91.26417217235367,431.0466296434189,413.03461351138816,431.72429602815566,429.60207785587556,287.504463407022,320.9936122749469,107.57133376104116,97.37681880147136,469.8254971863054,405.71358561196723,74.5382910237652,38.257545866544504,364.45330068553005,66.51619687740146,386.67535595138105,310.2324468604364,264.39763345225117,129.79379386980438,174.15715040600844,204.1912031132857,92.401641965347,135.3883820069894,387.5455646262055,337.52502622767065,324.37796290014336,160.5863454353986,333.4559716123343,338.13154872910536,147.11912399502154,80.00299080874224,134.71396480753768,380.9148097154627,49.913677667757725,23.729195642904156,83.90555140804373,9.616370449065547,329.37815417260094,440.35805431057025,486.83110902208045,342.1414888978207,71.32923407295554,499.30740462493435,393.18214648499327,298.0894513556534,364.19463204799416,307.98309563758653,406.90711734026365,421.26964151522964,181.80946660983565,363.92154569475287,335.2038601309058,448.78710061231794,210.3755900510496,322.8387283485465,222.04156310089863,182.05010644772662,229.8508512719914,217.3092415539101,238.24036752252226,107.48017114067987,123.55108711618257,31.991449868207344,65.92712927046662,52.145128131353246,274.60939387075166,335.74540742202345,163.89498967481353,359.9901828287156,189.1283156482948,365.3854465558183,234.69472010759424,396.831992391784,41.578689513270874,389.10171798423585,379.95635386280617,425.16786673447206,383.6375439762133,85.81061505657117,482.673830069918,10.694715682069255,76.30918192440184,42.29714964689202,199.55429307729477,207.21041568525044,418.9830357912512,236.2856318458088,38.58862527847301,41.797650088064465,54.03992026432447,128.7445928889322,101.22397823288954,395.9770079734836,182.7568329174009,332.02899703703275,188.83727011395916,473.58853842869553,411.58570062788414,57.69677664026135,130.66594714748493,268.1210902275938,436.31281787770166,48.9967769482636,479.1640306368734,406.10723334249144,280.98117592205557,466.13037416930524,270.19087538382917,347.9124400229846,107.12726983684261,197.28944012067623,416.6132286512056,63.053754386203586,490.4835218275216,48.502807843806785,325.71652284749246,365.98750917211464,332.42208636036906,333.17990342445694,301.41450144002096,419.95026997087666,313.96757621203943,144.76683105281361,79.01307894119375,287.3709203991955,499.4810877167336,147.28818184179454,482.3126049921256,406.00092628369697,193.1135529681159,238.52330610682077,140.46000804556218,418.8666357866309,301.97237860464156,235.84615135467234,488.3617079031114,345.1659007633916,36.14795393191572,475.04535476983966,407.03409914400396,21.167879412349432,7.924354825780522,32.321051950154555,266.1218242190856,10.588792293880879,167.8481197766339,147.7800326378226,488.82883948605496,279.80429289281085,246.4102516536199,263.98598299862664,325.5274040623218,350.54399630164806,276.46854473357484,81.06583299119835,410.3118596090483,216.0554276357043,321.4158384340284,476.0421724584876,432.5647734487641,150.4327424717438,411.620957857818,79.80568388937303,70.29562531326388,392.27219760545177,274.8406499815629,212.24764031962428,77.4083544687768,207.01538407352882,394.5261001891717,193.42724223800118,279.2575573113312,372.5284485677787,148.36510840844508,28.247660547640052,234.02031852374705,342.8935608451004,206.9326219606958,497.997111254578,193.2343719774686,344.92986407591286,257.2638337493951,62.45853519164618,166.69518443237337,328.00961187869575,177.92506926442815,256.09479842947917,236.62235475180887,201.79470414761263,407.4685455452232,305.82670999280515,455.66495219751414,196.3758332946987,421.11258896485595,64.10648803012748,412.93016182906797,411.7543636301229,321.0316610442357,492.23069822932945,4.364598963945642,285.6342027188162,1.1292466382160637,357.2532801675247,53.83887015086053,76.94394922172332,20.707979304191216,458.0748351004905,316.2668879934395,464.35586814179294,75.44194938267279,339.3729990034665,138.34883031885607,136.9541024830429,128.06258517519515,143.14648615812803,367.1558195883798,219.79571167109341,61.69037790293325,342.88668271751413,412.6074633336015,265.3423025813008,354.0981968200761,18.63885571924273,133.45337196191048,447.76896550277945,325.7878498712773,198.47686965364696,269.9009970715443,159.99700868277466,368.1667378185116,339.4590972361628,323.3143633905651,139.67728998983603,112.05134926392662,53.56910530905756,284.99503816386243,409.22308079080193,295.99454266154925,165.44268933688215,165.93255632480057,281.94270489742973,199.23168530648755,193.59506316827546,206.44642592137268,370.5922053465414,405.6660891254172,397.6464575975339,94.93584666010429,431.260710987422,278.59510661600115,97.2134733172736,229.46163939439685,406.7170756212186,486.71602469462124,268.023769757727,266.49445815735737,221.94093508186657,340.4189991855896,240.3491309945004,291.5582584218224,437.9354205748364,245.0157602542554,196.941010525074,433.23209179476896,344.59883224218476,312.72102132566215,366.09195589547664,481.53865206013506,201.39952166063458,440.25341426788054,203.48627676911164,215.6914261758786,364.9480055495919,288.11848907542,436.3002565721958,482.0862517194037,270.3678488689488,451.10229796841253,441.2876120526273,230.1997671036561,15.685730881319081,136.19578599178195,433.56067277893186,467.10273946478816,286.8936536148444,451.10442215492816,108.57180864076204,373.9395049450863,135.91085264600838,492.5265176316327,87.47293066494777,272.82532279034456,334.3445049626522,417.68640349300915,382.776104044971,493.4215100957817,414.6451005261244,21.23132532681793,130.31326276925304,413.04445925165703,280.9348503181104,72.64242954076738,496.3393691701417,326.8426939227121,421.4708210927457,146.5550763288046,59.10926847187425,67.37019223071012,26.257280261226313,342.66624160940876,442.30612101797743,284.51611277617667,459.16305702902434,204.78777743487058,460.2202088471828,79.58541815827802,185.20457407692254,88.83294767474138,266.38841555978604,403.45540089447735,425.95151987805787,303.11857045226134,274.69981792796887,135.8269335961309,405.609019378674,35.814966026725955,170.1278108168009,201.62000063050672,82.2616651808083,85.43728997542877,198.85111868719247,80.62309923561838,130.85345575669177,213.41814697383944,314.6857219436047,52.69720325347893,53.756750931541696,12.067022756596657,279.4395967133404,173.06129011077348,78.35785195139938,93.37777455134888,264.91436467184144,464.22122903379733,336.26726982827233,162.24950889068884,399.69545221462766,192.76474062827802,160.35594688310823,48.9487051208215,382.76833959821624,275.250343010122,83.08698436080314,478.1000841747501,383.72066588319075,417.0186097553291,378.82066537846265,295.86811158455805,189.91573874580624,205.63504032747727,145.97930879383497,444.6743206980735,55.046552885100574,175.92581889597585,316.407716259808,394.59604508801095,78.73944851374326,250.29462476934273,2.8681800736078955,167.17833696004553,180.73045653165593,199.23104465230068,105.88919294119859,296.3488486405069,162.50961951785027,415.22919231828575,220.5664117121809,147.98537167452176,446.11379073105155,330.39057427197764,239.36669276964935,367.7477608035451,209.32378713474753,338.5382326665487,57.620004172297676,330.7373639581472,110.53045247433757,460.22606258357536,166.9506650551272,80.04557138638685,432.53640864866145,8.316574016730138,367.6173922546423,60.87523762985436,300.14421604324406,269.6647184192571,399.1990186058532,437.4953280512123,486.50443119343544,114.6858640581393,336.44246047996234,416.4951130949297,1.7147018701810235,305.0822355598628,131.0003952684851,342.4057432819207,415.19000807289075,97.84459527394141,273.074069309307,51.8455795086592,98.67310593574952,102.53046551934425,391.0424378344108,343.2037917234557,44.35303498572829,99.34799595439081,262.8104418992248,117.41997640527035,483.87804232391954,210.18054495667488,204.4673350506344,120.8836140537517,438.98580756095805,276.12233897313206,249.55528962219748,21.912605893255886,321.1830775716917,421.8490417987778,390.77733968657174,375.2799524056378,22.09162300176315,50.00318864519693,187.34592336239965,39.9707087185609,372.01371647094237,159.04867365797386,187.219446798031,214.58260675256534,1.5406188623839912,48.3998071469518,413.6994572717252,187.94586156723835,214.85971020321975,334.28945919021425,314.3007608060829,467.09487515620566,141.13398921011327,435.47970328417006,276.36011001925687,59.99751522051172,104.97754676878363,128.5986544555211,232.63498796490418,232.11231429221147,70.13782167272525,100.24017100025645,327.7436112552456,303.42705791795913,129.2219564402588,444.55385051123454,31.390410671060522,4.675656012336605,95.81220920524758,351.5533290398986,251.68404406601925,416.9454894345429,149.27454643401288,89.39374436799197,225.6233071029271,106.33772361796645,139.35561080311993,298.93427826502244,258.86610367636166,84.70584577047796,95.2911184317517,463.2383840111695,386.60040248272173,269.5091670065735,180.89927561455326,368.51359871338843,254.2728725067932,342.43311209097675,160.62448555918246,173.23753257352848,153.0607666180232,178.4342460667075,452.28382154501725,413.6662122591656,20.718553769675406,198.96503905988288,63.725047581839945,290.6514293025476,123.07490776869811,254.70264834821492,480.67247746397373,190.62860116956264,330.4331044782044,342.4138568665602,457.4734766080252,438.12390333728325,366.53590867233015,189.95003146512906,196.7666074614376,380.0036844629098,440.23621800472245,209.29693372959795,22.88627872993887,49.85845234537989,240.98466398473744,96.3197274875281,3.852852626321124,468.50450819358497,25.387042732559316,151.00626890190517,369.45765739467674,416.5091863778549,155.78561482184296,93.32902124003189,150.28431679344752,438.0776565253578,274.17200162775094,282.2065548052819,469.5428121395797,491.64227279538034,259.37642966119,49.102456454474144,130.6271040832306,187.83921889410271,72.6244540332604,199.17073273089187,40.25955360758099,253.00991139836276,425.2534515598982,471.94606394557377,285.91493267350455,226.98646850436282,95.49397496996164,275.7421830872661,263.23331190337785,357.6738035226147,46.8244814808571,149.42555764087163,139.07733867467942,372.122895853576,413.0735272426663,333.1277215771895,96.46989236490839,189.8730420517563,143.1525533935078,25.780107251110184,126.89614054806874,210.57589195840475,281.52789616971074,77.3287111421031,257.21481772195034,429.24341147139484,40.12481585258504,102.66995659342021,423.380237487003,18.581835221435806,116.11798946820856,372.36517003180944,261.8937199916679,380.5146778862641,361.07075831787586,399.6614878348295,472.98680791292816,218.25705970292387,44.949315834418194,199.15310048245604,6.557530295632274,325.48047678436933,80.41622391661829,358.6144596054002,207.81471104465453,421.3465558339184,7.218863665954201,150.31276534476828,495.8979287687224,368.41400055412817,247.49475055854091,370.27004232741064,395.33792169745,312.61728270744516,185.37760305463402,414.39019399247985,287.34737150193456,351.13175018783215,161.86579042970234,119.87325979258506,344.1040936476225,237.19910527917833,327.42406590733776,478.7988702325224,427.6357431444754,207.2718448316539,329.8001377023343,128.64167257951854,392.2442968475441,94.42413233822661,239.07214612931827,187.02285516777778,114.43179494311295,112.90656713619579,432.827636869625,169.66784668677028,311.4460959655485,224.24940733337823,227.68836910421163,76.64616107927918,36.67828075740553,308.1738480257012,90.48836649909303,50.348393562806514,450.23443990460817,67.7476252261755,380.05331104759193,49.131776325831325,288.54678755851506,8.48304128064925,402.3507076005421,126.5850925872002,494.99706148280643,256.89597166859437,50.28725364761566,45.670657496374446,94.76430322657642,10.247289940792214,492.7386879697749,411.10669565526894,215.42275087896496,80.07213013896248,351.63629804792777,28.6009878383649,275.8194937167193,408.7127604029961,396.2268970147658,326.5549906036504,336.4558305051949,301.46451907227305,388.9266355754003,477.26896945435385,186.8075430589221,499.3893609353149,282.6561912233539,412.03635010640295,309.22264555605665,446.38652683768476,259.820480993144,56.77501516405531,290.66304981290216,36.65927969601546,37.16987746047945,12.025526138074948,435.7976473832253,397.834660818294,370.3457037726088,248.40961315174303,58.69968476326504,20.5326319003995,430.64830715503933,368.0056711059129,494.4007477937783,238.15681432458496,57.70140440125127,169.8396743338087,72.92754613704655,325.3228428724141,432.0249724450844,184.66545288593267,316.39969127278255,233.1909904091508,122.34472776887434,360.320909543263,207.33242107736288,111.86912427573914,40.659913319759546,313.05449239230944,488.41130722446854,438.8480616180159,444.4072136631055,38.788456771961634,201.4433603483844,50.40788881547847,170.53941842829911,495.04123730581335,324.5569276926971,367.3030181414741,267.97371518645184,365.58395189995235,487.32249533728617,353.1004532018313,368.15004558659035,267.9671055516024,121.00152947157211,69.16085009335255,152.65519150314495,47.39430716692367,430.69098927221904,170.9348254867797,446.10150078637844,354.3740672893905,287.6056182466796,366.48586594691614,124.36156892511929,488.67672582124334,127.47997237291725,467.42689831282337,198.97989872016785,160.1639784268366,296.411824131443,113.02027424978178,348.87719419273174,242.6870096544863,45.362502087544,184.80306719824674,141.70822366462227,72.41386016653722,456.6979694169814,363.67037484749915,463.8395395122067,453.00583292781636,349.0049053439926,21.085225360299887,303.14877099450706,115.16467230277,0.29065000667227725,84.23390603887299,410.6710261090908,322.82703268308194,99.46629865707047,271.7484248176944,410.1874674633417,105.91191623199065,352.9720051532978,256.11539511688767,465.5636212002328,449.35899134660855,460.8046766476873,441.37423783619005,87.97613648000713,7.1279684433009365,457.4270258759547,239.52744072673482,306.1441756840428,142.50315592769098,143.63302353520075,251.5984800550114,469.7955338247628,36.71340487071906,37.4756275800765,408.0290949838187,198.26727319602654,325.894336928474,143.22228840283242,400.78366964704145,377.32945528288354,63.499821580073224,188.14544251645316,144.81169927708248,299.49259165337685,215.58466853604847,425.59262720496025,394.98724171297135,180.93333004327604,74.05958353310166,289.63090713105726,268.630553012234,163.23325223000106,87.00220664421465,91.02973303451462,222.53813166857438,276.1032068961403,216.98194990910562,63.7240967930916,115.14779070631475,131.88763103952394,47.06083120455495,241.62767468908896,373.7876802147074,435.94660143727197,112.9828481181086,327.1337559454457,461.358595350306,123.57910909704245,223.49276382582917,239.69368066101887,218.4727758965459,475.9732538837402,371.02561080810773,98.46049195334888,403.16917522549994,19.806248598536747,484.4931080404913,150.03279259168062,149.22744838739277,137.11948675372048,212.01735935308812,198.18253802588558,418.7322543211896,247.23536278132923,89.04183879639615,329.5139220450013,29.5323431623124,341.9620114101267,302.5320831988342,273.6957100449234,488.365089722715,13.250688804123001,313.90210917480806,381.5872117918339,357.5308652300348,311.89618870336403,279.82262800133736,382.80438775536356,88.43852202814206,384.49967097500206,363.61182308453715,356.5119867587027,4.2616908745936595,419.6370401065446,39.19813954053658,55.85127049361282,14.441309895159794,235.14993356198312,55.72997291442711,414.7762505465273,28.0314397788608,237.14184666690784,302.2600998744031,321.1222630450684,10.713376930675034,40.12097746275462,47.16411000018683,34.91208486078007,186.80339419738522,466.42165422844624,380.14811199573086,181.57295173545123,444.47943452098303,449.3604173820217,231.59948762592057,132.19705358350768,347.0757037649388,471.9650836051893,426.0721228105356,408.83156873089825,469.771160837699,49.18063926340199,373.82999976600985,492.42409362648937,58.071494292987246,375.7194491662337,418.39214094871426,228.87160650371035,353.2219310629725,348.6403220953639,190.4010561035294,391.2654340913757,122.54057810934144,496.33862465598725,437.38378592251973,387.3201239868853,490.8521551849414,224.1797887999406,347.0232370972969,372.9119245549212,319.950007721,381.7427568681979,256.9640305520304,73.79917816922904,104.65943152239477,409.5527421853642,37.0629807451085,496.8558208229168,24.37804937787019,463.93787538791304,136.4170596239449,91.2302554966325,249.76338814987042,485.61940445777054,198.34295333831992,469.5830607321504,50.14051045399609,139.21110800702297,221.26113764199062,332.78924153755247,113.13508231213815,130.6245310944097,231.51584643967215,346.2124202780202,379.64880556436333,324.78295879631906,65.52600424083715,180.61291103083448,219.90413675733373,449.9289877601674,318.325049881014,455.4396983668155,290.2366203172859,254.5357013832114,319.36143773728384,311.2748719990643,54.20006327288834,106.70144354544165,329.0934102682006,19.226447785465506,498.44717441504383,124.43580040455909,303.2460440948378,203.57041173562396,157.19754131447917,352.24533925146926,162.35091115457445,187.98374380890064,78.8889139220606,215.10893399891134,89.45439212880407,213.62371325185597,119.84311481859406,244.32886237955998,97.46841231723997,438.2522089322126,155.8682588467219,358.71986383803585,487.6804919683195,85.74211681208533,215.03315387553602,221.12407114496284,276.01777935521216,488.2549237669498,203.6356455031888,443.3516879371157,451.5901819277494,38.37314382127832,106.41215814926875,248.06526652949972,132.26969369561138,360.70397593710925,300.0477245660689,162.65954113760583,73.2068706070767,313.57625610493216,52.55040313235432,297.16392942365485,470.5168966333324,349.1600318169168,422.50095905360075,149.51151020434804,410.39996660559024,92.27832282249132,397.55280633624665,484.36320295949196,2.5800033469108863,233.75673151181115,114.2166859436341,159.79528519276576,407.2233300607402,461.0081581559431,254.44674338691792,446.7000086143477,396.0672088156218,163.58283956648944,361.15818678559543,421.14611871383346,432.72743409991557,388.2699972805217,47.75550439334908,49.282638894835195,91.27173469782679,161.4269521839043,217.49129832949043,380.4542384330139,342.62456062768257,464.16964438323134,289.9331324659576,434.0905528975106,96.33339838321453,99.95139186062069,376.73594529411497,406.6832100504688,282.7127205037409,386.94108419319025,144.55248165087136,189.11064227737646,208.26229230015088,103.66183678072343,289.03792085538214,40.19574264417225,112.6825774155284,12.232568583423308,382.78231708231385,140.8150333172068,417.00713241897654,466.2935014634804,488.17357505360127,206.79555410452687,78.31534156783593,29.59031722080885,1.589712723044645,169.26885162071892,205.3255257820621,426.5364531318659,227.70591613907877,301.2900357222042,63.167925668958844,241.6858966065173,152.520037696221,449.4482090983622,148.5784410846152,188.36691052355997,266.9356146480249,417.6976217809777,90.2459987427554,335.8270831665086,449.7632250718554,245.34357371519417,131.42426147926213,202.13386686105582,147.79444451464042,381.96148316073175,24.212615767160163,339.7499763381353,392.5259097676241,330.85695969162106,417.4550937092893,180.15364819420998,236.99101805280287,172.22255016658465,129.41583141930647,10.236453051186478,33.805849958600085,55.201704131040806,432.83673293277366,428.3892387229879,95.0158347866748,428.83886081806855,60.354956997755394,376.1549998177556,493.56351534825166,496.2573357908593,287.7181834256799,344.56826980514484,478.79236432821926,474.70893609592446,399.952592361635,282.9825779644993,489.24841725608877,43.43111220045254,108.34572246644919,331.90998504958566,73.95120102195712,73.6508222446936,177.52130275880657,474.48628393645225,196.7705288562495,114.59307994094658,197.63867387667344,222.56890841522892,429.3978398535776,462.60608913686895,271.59092873190235,345.5981771631716,418.65365453898374,215.12131916751957,299.564578554544,450.27889762270945,153.21664769744174,303.88115404201903,126.50797375748252,309.8711427081611,135.3689378313242,341.0670907834195,212.0399831894323,387.2431304318119,299.6959680288826,411.8742885742729,455.19066488608155,485.9472337826154,190.92315796561306,221.83524859375808,235.47876347554026,123.672855468691,179.4326006061282,452.28878988129856,114.55587503577786,34.38626485087526,301.8182472270532,97.48893743327113,39.88519153915865,49.34960009439982,384.42015039875514,367.6789599848799,212.75793127102628,225.75901338604277,79.64637775930893,16.573011589469388,335.03208745912116,300.4702775972104,243.49814391851422,9.255800271127546,8.699261862071205,276.9207165125139,301.29094976849916,220.25237779440621,250.31668591300976,324.19199047339026,119.88669469991348,192.7438142829182,436.0722297972011,460.21445918010033,135.33040341985304,52.996022036929716,363.99943662742623,104.7257040174176,336.26862023412724,248.19512502811813,242.01619205557546,391.65750416234005,15.882113548811528,98.84580745780063,30.61210864789732,124.9134602357782,53.1068458897152,317.9194849008285,116.14920228915915,292.87238081997833,308.318833770181,132.52139946411535,456.4403045566278,412.2751234679856,166.9198013877909,118.41155730290554,212.04005793344982,114.2787037992547,136.52913101636764,449.1742033965977,427.2720407193435,68.57688129356742,242.0150896326061,44.54314366895784,344.4044762343475,489.4591201438498,87.16988584487001,341.1504248511434,45.51438075737391,361.9203100995318,18.718876417870344,421.1818105183727,28.015359722393608,330.2956141431767,32.647029554014715,481.3952896297613,56.721080869393816,481.484315680185,72.93130586741903,346.17642609499916,420.51791777638783,151.27591080446862,319.1667257447655,93.61569527467711,7.425866628791688,337.3891276005279,471.12896692738167,326.4105711791091,308.4638663043113,218.5692598163772,367.62424121274734,17.79484310257584,158.8749083193473,196.32512111934375,104.62918733805454,412.1499263056213,478.28076002916123,197.97986752933087,490.31964755088336,473.7213877227306,145.4004973505052,90.39767755192452,451.8748819376275,166.54185408993206,46.65364410670109,354.98065065391273,257.16017966842986,427.92090675178054,413.95495640516833,45.768868062404714,154.49697342982975,14.57198528356296,301.84590792442225,403.0606087517343,161.88388932458835,311.5169474233509,457.9862643914934,471.9066869331284,260.884761615077,414.038608576364,344.13622565155396,8.141654483604487,278.294999250644,421.30922174710145,220.06096212447162,444.1011914748579,320.10808381285904,102.38114604826804,258.6238607114614,379.0710371382469,296.52524237746917,4.553895632298854,153.67361037925303,77.0025339093578,358.7836942027884,348.2351401786872,214.04426457256025,331.28406090309863,58.56185287860832,229.73085204766323,110.57502693143856,43.510474933422195,25.011741813506628,71.59871083937652,341.4980936113945,114.81941277718211,257.1989372138593,257.66447955880085,213.2609867306538,198.50684553675703,404.23693187799324,158.6521958409382,330.87000803630946,440.7445856476943,454.80765708494675,232.2412935686488,424.95520266898137,289.650794026626,137.48920407411535,42.5029022447212,120.1069731360822,110.51045628479467,150.7424749726176,147.8394386294315,222.96309188070973,417.0661285750226,267.76270828690485,98.9453922213952,212.34605092081216,180.42834633202665,475.98030779757477,40.266658706815285,60.42032280980392,5.959393889649944,441.9558041369479,31.4112404484711,110.11817423174408,65.10150249652908,460.6670717261939,124.72661981495814,341.3719131765913,34.52417095513022,69.091563809546,437.2757474034713,182.96123269459446,160.97132647366985,233.44019740529347,195.07773154965534,209.57383552625035,323.2341679531574,270.73584508737486,296.4729979387871,491.90391274634675,117.26622921992319,289.87588415292913,421.8821325759289,149.30381782269953,321.56276691090665,344.18886641974944,38.73660486620156,185.69275319283852,77.36257282029818,252.4913345909154,361.75031389220743,102.07219504011961,213.9036373546439,108.79412824651097,432.3471069573408,323.33683376504945,187.64731119095796,399.13107034517583,445.5463474350432,224.38547248150746,144.98574900074084,118.03387055232318,243.8979622510123,413.2458168625216,486.6096285067256,28.145591047273044,438.86672180640477,166.0489967228242,73.13918730876718,240.27925297737562,63.66665905225349,219.1436005126045,268.0822615923884,90.59580422674851,420.8586982832297,397.6492914144921,63.531330793489104,348.02972638834405,178.46981838907678,371.3677636532501,134.48202073606902,332.1441403468445,405.2716949148589,182.61405403406715,187.003532173176,325.1409798333728,176.90647993115132,458.6566029538148,425.4699635910115,58.369839074851825,89.70074881091567,411.31971676708724,399.2232762210722,86.30269882657355,63.964908016878766,16.039166500578794,238.46508129625687,124.47299540504613,389.9185230001771,102.00237405015599,118.61498690163441,315.59505749983083,87.39986616591777,133.49812254814998,338.83682694591107,350.4941317651618,273.0789321304515,296.02128510129825,34.499779180473865,304.25542573921,132.07655281276797,172.0676617992294,446.80020315830114,176.05548998686993,146.68487716782218,321.3777905568831,243.97710401147006,100.27280466009114,43.80474971196047,169.28262341906307,61.282455255234794,173.71341578107064,300.3060935962539,14.195513201357645,137.0446021110271,215.09057130269943,186.85133966954785,299.97698616921576,249.86218613394047,256.2068256181511,338.71199139155436,158.74336206971108,335.76757829367534,28.709586853139623,415.9651389273235,430.84158104503774,462.5802775187896,437.4416787856775,238.0444548059491,332.2081536185834,298.1956120335883,245.76719009939717,107.42495768889154,359.88479482236556,143.9632679783245,45.07907103441761,190.87913345036134,422.7664829855961,62.628974292831764,203.0056235630817,115.9102736606608,427.49129337569843,291.65309151724216,66.34616916641211,143.65107343643223,95.06885077112398,255.24318439470335,351.31725031713876,78.63639363256947,483.90338988224573,417.4089896954705,325.42658676114013,497.53000051237746,388.9456038324513,359.9762253667992,216.52966974085396,471.79725046039215,377.4019547563364,167.81639797237352,236.3021853895948,375.78933678619467,251.51077615767153,221.48136750343227,456.23405510922896,438.71648586441836,445.43187977074933,152.3255022855552,275.4014534691777,88.42683970648346,178.54231827163514,296.5797395845922,328.3754295623438,270.2495544305844,56.27299290588472,365.40822146589255,49.82946499914998,471.97615032372835,444.3759073079887,160.93065687393553,123.99212656578645,261.40839858535924,288.64903587203713,337.2263106609642,150.62334636795916,286.1471873883863,298.82837106547635,274.5367946414163,130.19017954149768,432.8033856541763,196.8649886698909,471.38263486895175,272.6441642939661,171.93870519817528,478.0121246840687,149.37622497525382,155.57716028152728,264.8106488918506,212.76877532614247,280.25676952809897,141.07017947254346,32.42477150365863,98.33047155718589,171.24902915339564,323.71393198284045,146.63882645618688,489.43910202940646,354.88195058851977,262.41387906072254,9.634703952411062,458.2810549697206,306.77283331866573,193.32506668974625,337.60504558300386,61.05717417594803,309.9739837801361,162.27141559420429,410.3560267691274,186.93204894666405,133.60477900097288,122.67814240270192,66.72258014525522,389.02327962191725,67.36434141586012,496.9480546142151,441.1030413564048,11.032538314660446,67.68774299532431,202.10085359543623,418.31058876133113,428.8650027713851,347.1383568130656,23.4312109447512,288.21643427414733,452.7490039304091,110.9024495358904,316.6401220235541,50.32641872916332,351.24992507755724,61.40035841819452,45.00201712146562,176.16559389478005,297.36826610898504,39.67325069711458,164.23702567747432,119.49614371307088,330.72621280183307,247.9962331735261,44.93910607177137,433.2672001906296,189.37570321083774,114.05686143305866,219.50348838131157,195.7490865024421,201.7197586894911,171.6020436177012,120.80055070371837,18.936700253470494,352.053274048067,354.0384103959985,365.19584290547414,114.14558218795823,10.406563051401974,168.52278264909958,456.5105170361043,293.65085794745653,448.29509055424984,482.23939972736423,166.02017148627783,265.1244152264618,365.2283243897448,260.7678815863827,59.459447511631126,441.8385820118095,491.90991504199627,319.4495766401021,290.6119802186449,256.7614803895593,427.6999115870792,224.71767286737344,229.77795629200287,74.97919395405044,75.7257603788426,340.92970025096116,490.0859662475154,452.2810282515115,108.04364668763905,463.4235503289144,159.49106938599235,488.6479651266063,492.25667288517894,266.0178601801386,258.0722518433388,197.31378181166238,308.8820487120494,268.8805909073227,4.007994216516653,130.77902143665105,297.33251291879606,258.06293278795215,54.697220048835206,134.72661952897676,119.17274343863676,166.07924417188514,76.1646532116252,396.5930999025369,247.56429963657183,46.83136631246343,449.27132851598697,120.78728692962737,351.3975720246367,453.2740103013741,142.130665448075,23.916667639469647,424.6638555521848,429.70239166191385,495.2342726124213,256.5968570676016,132.81765386347237,87.84438304406156,383.9475454029978,386.18735039197185,486.3918484569301,71.22788455316787,358.42169574015554,411.9325649650779,380.3177261101673,153.189606376936,387.60953035314867,55.75858270428202,146.51343318311316,258.95203148078974,92.9614757199953,25.359838172305192,177.6469869192495,479.408613399796,411.8633153371502,218.20940996549072,259.7807357954768,125.36682173371238,299.13533207142683,31.28851301577995,198.1288025599534,368.19091255783707,497.98392074222437,133.64188933028254,228.66404529973772,442.5230127423559,138.79622999175163,80.22355600835817,34.381954293421224,34.777161881162144,224.10490775992437,223.79065489341332,81.50194600408666,435.61765995051013,91.60809317084306,444.7363680110439,449.00457096207896,366.1277000501896,143.9929093272973,221.70498875473206,307.97051224026745,326.83827178927663,367.4790823642259,225.83842173221674,34.41985903412426,329.6663093039309,264.89008187473996,343.8487319942499,91.96402325904695,16.669158039978317,333.2727498033148,51.785528227825175,491.91036381760586,127.41045306472193,231.92697804635338,297.82891298918025,129.16583938855896,264.7224849821449,392.89545597019077,483.3837425111858,381.32140882760245,105.47584815548517,402.05370410107327,218.65828678460858,267.77123847806985,66.12715965625054,295.2158104260185,22.989422399054828,319.526378726135,153.2572825427478,232.76534489983365,95.33146653524676,69.48990119283654,298.15370119297216,100.96949315153914,153.96756418623892,84.12411819064752,390.2265285577567,306.24585522763357,273.7477782267152,128.16019105303977,289.7177738743016,392.28116376302387,247.78106543556834,211.7538039891823,292.5748799885751,225.40763398081515,422.3223384466997,486.8715567000403,315.3580734907452,101.18087265980041,409.80473046430416,354.8238325302781,270.4020239240927,3.2414851207870354,36.243780360381784,473.03504258655056,257.22808517034616,427.2501539828394,360.2157821324982,434.5256079753196,297.0673626598891,473.158538204206,56.53171945955909,450.35609202043946,78.02990751123833,140.8250695562845,112.32726515184105,78.29641454733493,322.53967966804424,2.9454260941506605,28.36388548581653,103.56625194723007,299.0294277605126,4.83859018530608,15.920167013417252,388.5988275558207,400.60005806941365,461.2572790123456,148.093209620003,183.38007514545285,113.54005131789124,189.74059600381798,102.80711099973833,52.83382786669699,216.0860327283872,443.7469813883789,463.79435224442636,220.0233249711242,242.44549504678713,375.46002391344365,212.39766209356964,205.50294569534856,462.9094354685995,48.35684831637271,320.23272527109293,414.2168847574844,479.0742876948869,145.53406677929098,151.16296343055092,291.10156982708065,268.0575331360044,354.9958101846691,230.04028719971575,77.6601698045547,277.5143882770088,387.08778527801934,74.00589016532916,241.74337381841565,432.3875456728248,215.50957049727305,108.94175601851968,418.7654787995673,491.3775380264028,328.0734763113808,312.78815078969717,386.72800040326103,477.24315429275885,404.63867084903296,252.61833786717213,377.36175068079683,152.90050665345262,3.7712231293716703,360.98911877546976,313.58646438583656,446.78325438893114,65.17596872794573,229.4022692274646,95.18840191527327,78.63174478268192,111.46594700588963,335.93456302847056,46.95294239499614,479.29929163276995,382.0358521925345,338.63557206865437,319.27064241906004,26.202212564890694,110.51034389552083,172.72240826267543,480.32693175332423,401.0370539939338,461.9092028382291,230.81037797420746,467.10890497255775,38.3323740207363,181.42299039011883,293.1559873545479,439.1727733638184,143.17204033279586,403.1417060615989,250.27231109271997,488.54751518669804,122.23409213993119,119.14941742002783
224.2382201123701,256.24116342572046,294.28163517582027,12.182806885798481,155.32989436130092,371.26359488567135,437.0339743192724,135.71107937343606,317.5926531115603,36.3270606784587,318.1193579961547,335.32797594731,393.182560721849,425.1102474777785,212.4188763052231,204.12734302238684,496.60195376604014,462.1183142930802,433.51334744029236,219.16582832868508,268.43879758130055,207.11808647684083,357.5169183013732,394.2887945472914,175.79784131315114,309.83671673414017,127.68772257391647,387.61853030799426,368.53884660016854,268.31638570818814,390.23321551374147,387.9764429615721,440.5757489856229,406.5579651872189,58.22339501095092,41.799217941980935,78.65323740379715,238.99821136307565,469.5828410051962,163.0859121086553,146.1719572535562,276.10524312110465,45.12772511506197,319.81570782544276,218.44969475841097,358.6551150852927,278.78166897468344,138.2850500481063,318.46319253539576,121.76366626882773,202.80366934550975,60.30114424830602,191.86629688322083,140.7354983983769,402.0227314133042,154.0380137792331,368.7449320778023,89.92937375687853,258.6778279617267,5.190157256067362,499.1622077173693,200.3645599152647,443.2709476250842,60.175814646907575,334.96534443516094,110.93434285681263,199.4148164949575,342.6323492940742,397.9824020608018,287.58326006652675,370.9567586080413,217.06056974521366,339.44606064438,326.5418529368042,186.12732487922628,102.08693051001005,129.5469194472752,2.7834771714984607,153.20868899090823,161.5690916972156,466.4045058398873,158.99491189503973,269.7832382170358,313.8301414078241,76.393481624848,124.53442016547001,92.58616763797106,252.5801803384712,46.521831891982,393.137084020355,128.3595836552049,318.29010951426045,29.05085564035087,66.33034981915803,39.07227940614355,79.09662502776894,334.31169039511644,17.27857402970073,402.7073064834741,190.02233882830816,232.85272683692602,20.492326425760375,49.51630355833741,498.2515257044744,454.50952148190316,87.30698875354587,479.1656780476213,331.2386012506748,50.092787394333314,336.1237995770456,376.10088701869694,419.54483918087266,379.24107228661796,108.81853762162197,106.10053449492318,62.60543367461852,152.16425686803865,388.19320848520067,267.1739538595974,60.68111754149952,295.70939359120706,32.00918924587642,214.41332998874884,271.46720290798623,336.5128688128436,276.0726389719187,188.44193104908717,135.5740312383469,246.63783874520766,453.2459527508765,488.4632548285951,280.7226459949758,332.349715475877,393.89042221125817,130.61933241656504,401.03383562894965,311.93509736939444,196.8448015117254,356.48269380045684,27.363442572957585,179.86534334983062,252.40794378042835,431.9515761837712,480.4420793321629,343.1685441198311,273.25731571207297,344.4530414828511,65.05317415343382,157.79637741709666,163.21543595719058,398.0984150618725,34.01124961318425,149.84084428060706,399.6010662676104,48.745081037326166,387.5781220626924,480.58413217625633,174.39984483248017,83.65473880266478,172.9280839823984,360.24028430137014,22.904432044704937,70.2051064878489,309.35288800307467,466.49412168577174,57.33110954479365,129.6427848206782,261.5176405917441,406.30757678848113,187.77176414606285,100.11498232637422,481.6601968930727,26.321541493723956,37.82599444750817,314.0945100284007,359.21079889924727,136.6301159222053,450.7997533926627,26.81969575124571,296.481132318213,28.193838946178328,128.58003365730363,38.068693270295995,313.7438101858149,442.11140660866783,301.48161579894236,278.4257094384839,316.28426962810084,306.834738565359,30.310738012484794,184.77110311127132,283.98484884892514,345.41519485881776,134.8852424059887,368.7267907795471,213.04064230216113,336.4410616039398,374.8474600702747,175.45190094625434,176.6651082630616,329.38630396017015,472.72303224317074,59.434572867171354,437.8610091955653,35.86176722667833,478.8726412857146,338.41063731539936,218.54529655600274,188.1523730436732,360.7322076227215,31.167062249481404,244.64837828006696,370.45751489510303,62.01909409464018,308.1143057838563,4.672207277371109,412.0894174914161,74.53202254833047,39.03094288995745,74.44445714486852,366.57654116481143,335.954940776215,409.28912965746287,319.212067793971,30.843170649696827,483.5752449567259,266.17795873551916,229.24023885709204,9.474124684807572,14.606567286619631,43.150317044152345,38.01283141363465,200.68893273441535,403.5219256831362,429.4938755669608,215.46187113293698,28.22048513502695,353.78465340431023,60.88183724228086,356.80346597977314,43.230832730612015,116.27647527850682,104.93483819566652,212.79161653298345,84.11410863026647,311.11992803862455,219.53604626575245,427.76611141190904,148.00628900864072,251.01310594232706,52.85665998297551,232.15124203689496,452.175938372427,120.98935592461085,190.2578155263096,139.55596333222948,499.9586774219918,11.737707294193767,499.79866581531115,57.06113758487164,133.16010871746246,144.489683920502,77.33006217333372,339.0277580052567,493.3214336913057,467.0009231548603,61.94534865836526,465.2532458688289,65.03894691697393,410.18745040582604,214.27093622745912,258.24981719080193,171.7615221705233,241.90133970833537,72.82728825556212,158.66440311807045,451.9544704200535,26.126000211839752,415.7457230243597,15.053476759964157,107.13610438001503,337.4583497144569,148.62263272635124,369.55457420272097,113.67596198075452,203.48875001572515,373.12212987187866,226.6451880455806,369.21087603594526,482.7828624713667,381.00499324935396,487.3152834028455,134.2753152210092,4.831238109142544,383.0548508274648,194.28742920895016,221.99784920066995,131.8473771747517,330.1848606681114,304.7928466995961,149.13021130334246,140.6327326830098,458.16607722261466,447.6912394333417,72.73293115566504,119.58062618943494,313.1948721427028,128.3349389448955,90.86081330007218,310.57463086196793,20.864951845641187,336.9842905576309,321.1533553543436,434.2046584915494,185.84115722850098,374.8524223025825,309.74527802796166,466.1444345553839,478.03117684324116,264.04610640187565,158.1813277001579,309.5118932574781,444.20534176853454,59.85459543903654,293.0484676458412,97.86941055779408,280.81927324149086,36.894976113386214,43.22015959287678,379.3001684649282,390.2884415281999,42.46778877068941,125.75232083859179,287.4014110937026,305.71306583189556,428.49549255819267,172.35229134880797,62.1598708299167,279.7742752898115,40.77794668717727,381.7087800871429,413.83694317121723,181.7046391249157,266.9210078719756,72.90397242469714,27.643514121245882,254.41644037140364,96.00907389115204,259.6133925323786,388.88162868153626,378.93509706964744,45.47600209489233,388.30826303095415,21.377093695482074,237.50238001031016,477.2070936355925,367.0760426006951,347.39786438187343,443.9722477302423,103.80208218046671,285.42470049863635,9.831053049914107,134.4798331246962,218.01224626068495,211.7829612361114,292.70985303982076,24.13148516468683,155.1212607982284,308.6097853716013,18.37196548809672,131.65096889294654,246.5009939569357,44.492267234089276,370.60497043958674,173.26814925269014,470.818361677278,58.531782146028114,333.2257357022185,424.9820761293849,381.7402422634037,418.5972518497281,27.211446885073045,267.13139415410427,26.77643816907921,259.90543441843187,55.45502145500386,288.4405656028232,279.83671874552743,188.1412374389485,427.6301893701452,311.42717937134205,329.3632342713075,37.72750923243484,164.48944530056426,397.09913961312327,463.4021524336654,497.64591417909406,464.5455286990048,122.15473957073719,14.775213331920888,314.39192629551127,498.30504082928985,487.05819975991375,188.1687401920772,407.8203492154993,493.61465592247214,70.61563757853101,104.97113323303553,173.30910385658305,185.39732779545443,106.34523220497977,48.86092028395483,308.70568078012025,414.99199262241376,272.40709414958036,425.80687381196054,408.21514230387095,102.7350681589691,14.029287001556535,333.8537545162531,335.88385779330684,38.07526509485054,313.12795718385956,113.83283060427895,14.799205726931108,474.0892856501383,196.0806860533565,284.39385920195576,206.6344086277625,411.4853238886127,9.652966898828385,86.19128913718643,406.56283257282143,448.3949650690313,248.14119419796677,71.20026020555898,14.009441695368219,355.48607607867353,29.468207553570547,151.7239150779433,454.1319202210093,263.03207596301473,97.92539492794184,105.29401530406574,296.50176912225425,497.5998656073403,427.5092558049238,371.43665590364986,189.46246605068606,77.3111849482313,356.3682997153991,219.95209612573314,264.9871500111318,478.1474680080908,106.40134568116089,230.06504171163772,358.3584760632541,43.43627334631234,43.08587505029465,215.6700633448043,115.08502339616034,439.8390785543255,298.62357193016345,168.61701078861773,195.52503898743367,299.21430315543006,475.61942604802863,329.9308941945123,252.83719853054615,244.13202832280066,210.8097735107554,336.7153806711468,490.56885577862687,323.4822587126599,445.7685162581711,250.77014381239215,418.40865564781654,179.89523823948616,45.264847285472975,395.2004903484513,149.74340761096832,476.4148314802446,156.25316296100027,276.57002699199427,53.403787717615,93.26213918233522,484.53526504338885,297.6397728107598,418.2176177306645,174.2057638514134,327.7181687577951,424.6716967735013,474.20411200366556,451.8203559625893,217.7580642696539,297.25742605306834,41.702579023620736,231.03769863052943,171.39955985999998,233.48215953940522,224.59514754437632,369.8369012480986,10.829901050075751,450.7139702021421,361.28054129538396,106.68413289826456,404.1457364361259,259.688326289797,159.12981373826307,42.99333515752907,464.3041268096557,147.99826775330877,277.3027994805262,464.9433547089006,148.9309985988679,111.35438629572064,99.73492564621522,116.91122999562198,360.5007343643092,24.012186654512657,97.18470633022103,127.62741983121973,13.8610292195383,419.20801309980374,197.44900170054208,338.14148520511804,406.71846589096856,286.2940923250398,283.58580933643674,486.25882398386614,218.21802848355904,314.20773304936137,380.6104338721686,476.85765325115483,426.30882978788765,132.32985454595303,92.52386937154294,260.0693841542486,255.33627372664785,115.95529180464086,252.1258298650233,44.920507091279596,425.07355539447053,233.76058315007265,214.93921600640843,62.45988737402786,117.62498641384306,113.11002088310696,92.9914905891478,358.3324217237167,292.0552185160481,53.557226068967786,109.29481523625168,151.60594323137505,168.591433138921,331.4171810170984,256.67612317739923,479.7536830549924,64.92262358872509,166.98340494729558,18.664178813390887,6.198892099666342,475.28325337027377,264.81110356506395,48.48627323289073,461.5030086566795,18.496079395300626,389.71546768547444,437.45943214046747,38.56092269572675,125.10293606377377,147.45753696539998,354.09519819168094,55.65958023294071,329.7686639248305,327.36073034874363,428.6010748323431,236.47586487704353,395.30756113411815,76.92627812325387,87.53493812256275,455.64053652860025,20.920668762557604,467.89390527785713,326.38693406848006,274.5403242144707,449.7128067443301,85.67675192742014,330.7667915299216,343.9320197005081,257.43977172932244,63.018492548374105,90.71073842857335,273.721288380067,467.7361301267292,167.35563371710887,153.465245452639,431.18852288963666,447.64971561027306,397.03707612360256,92.02977054128758,129.13468425625118,62.76299637986593,386.40388533222114,21.06843245516754,74.31793050364566,163.16204202541246,295.88050355888953,356.99173345284,48.82946122782628,62.07820172931455,426.6929285795461,348.4193841039095,384.12796464356774,322.22591685350426,57.15144862345356,96.40616605014807,458.42562323488664,107.65274298629951,286.85003667077996,391.0022242007577,232.6290071368209,109.50466646467034,401.60548025641214,20.42585202740399,367.5301705142305,50.54057156565428,447.2177121302678,302.22763995415596,163.57561518047186,378.65940733810777,443.5303652513273,365.36600445460573,143.1735591833222,300.47396921280136,230.762031679473,466.89473203409506,331.67894507221763,182.3372253053725,64.95059074693759,186.75126482630145,474.9442603128114,68.44964579968338,234.74312232853285,385.08885425468316,132.0515878193324,162.1079457138052,326.5371859508189,56.166921244883426,266.9092352359871,41.25927090750531,89.24138305340873,479.3908567731394,422.8067662645722,473.04454133171225,330.73067632274297,425.93517951333445,369.2291996407871,466.8298576147458,8.439424333826384,47.111595842946215,152.02332563655375,213.3901800298715,342.0032125477283,394.43744537261006,283.5308945401472,229.08142287746918,32.05038856492126,51.56891016750542,358.92991335374586,490.96424413047777,188.15669580683996,446.3141386312721,106.26355398570597,119.00849543412146,63.149792236556316,454.6176972653924,133.54477102358868,63.18741996761329,410.7761373235808,286.3192976774383,289.71113650982926,367.11028820602996,242.6616986896813,85.34836955825209,215.67742409254703,423.4041731375572,178.17344637193173,315.9906878249518,325.7393833358847,310.01445511780753,99.82561024486031,184.47783691357185,62.93390471500898,490.86969550615765,97.41898662004044,334.3421943093099,497.3576970794305,2.9998804120781597,454.86581157432937,59.15744269963685,328.47231855013206,434.4687470963781,112.00051337247984,393.46459435933724,212.36138216085772,269.1303968470486,54.85654013321628,92.86096554085759,144.57656356943411,265.2497463783891,167.081842777663,482.8484299826061,45.65556219485195,91.92450135530078,29.184446610450276,377.6137112113679,203.54083186791988,389.6834632408871,99.30967748538683,431.66983044846404,245.00939039357894,320.75948262763217,196.14488037394628,380.42333148065313,417.09371010962354,147.73792815956344,482.7485208889213,71.18247807513983,382.2905765653019,408.38759320262767,284.71893342306146,2.535037932934081,278.14230787746794,420.15788899506424,105.44785684649361,480.3545291458228,79.62060718151714,468.2210505945258,450.54413260257917,234.26785017053376,461.97209750800516,147.00022697032767,271.54250531606914,369.09007653247903,68.05260122962348,406.9546393614761,74.46208857230641,290.45956699789895,162.92980845659244,296.63367461860474,297.5116030434313,269.90924748492307,11.035237896123206,452.0518713276144,258.3715561971201,158.06270171507185,433.04903638497365,322.7293863718259,167.21805859482214,150.45125508811964,406.2977294747726,127.47775570330056,372.4573453322261,444.6499271763626,295.0771993578127,162.10454087896952,329.46992396087853,499.8681235228008,9.392022926073718,78.01270837545925,20.559002594295663,94.49233302066945,16.3206264327026,250.3929188952846,93.4712780487788,249.86474457317547,402.72157157534144,273.06429508553754,215.97202837073453,316.2449085149709,417.5747346114564,160.56045726933598,449.6297299014494,380.6577954393752,289.6448114109798,46.31334550629995,309.00534604445187,201.26708245403125,349.75350089761224,235.1971244577995,448.8326281855814,213.76313466499997,282.12546405970716,101.71270388990838,192.20807010711965,325.6607521566018,353.97253346713666,449.59027415080834,170.24855446507536,201.31861866921858,335.3495103943908,320.96102064886503,171.41291489923293,346.480855389984,274.4743390868183,459.29720040122737,443.10853251903075,77.1420941661592,389.24428354843593,358.1779684168909,13.844206448475727,278.78162652406775,470.29383365257416,389.4607388181986,351.5043254620356,49.141852496421336,153.87632934412892,8.917177844566416,156.64809274783636,0.3362985810800301,260.846239563134,499.6468686616471,280.3823686611141,155.97871820029175,360.668910786937,255.7002109887639,69.90692916745694,269.90046247288524,260.1574818289561,159.1950818921139,481.26768311771303,30.853396712423653,113.21559765805344,208.86733130330632,200.1004437471795,249.84774967132327,379.55328585696145,405.2217063188784,152.74218997032935,86.47591015837335,481.6353404445966,228.86365705776706,352.6437736678481,323.88549756966376,398.728880044859,101.40831188308658,333.0009075681765,288.1189819690875,338.77188347349664,114.74913774414475,118.62100658403895,408.12706254069883,27.218462504549734,153.341817616647,56.656240861526044,127.53064238118577,172.91444685218354,120.5431993904591,64.31603873905672,434.48928768960013,14.445450888573797,258.2680543534214,454.4148996974299,438.8687651167025,426.7972875523283,171.5829782015097,104.65865548481979,134.78938867514196,444.80117712651054,397.9104000717315,291.85124020469107,443.01263047305747,342.6472234783865,255.98409943611983,405.42774276762833,422.80610603162927,351.16631915027244,27.526830516809262,86.64256872967997,367.18687352175914,50.27339503836997,390.1867087490428,463.8219831743074,27.925529059188214,237.77594554229853,478.5869227213079,243.0260149032431,210.50375832473256,473.07473855059004,63.39457777637713,279.3052609338544,437.00770907670113,253.8217048317853,188.27936151972392,294.91509960698625,9.005165278951566,127.13215943561806,83.60675369616139,250.47210222153217,256.21640989451635,457.80693181402955,118.7164211644161,324.4883579729388,27.301640407732975,247.92137171941232,45.92955578861557,139.00883551577164,23.384698754696952,285.34709242410383,149.22720943772194,426.5326936002633,264.1982021900766,5.983657141441501,37.82743002488215,314.74817141907045,409.5423144535074,476.58025505783615,6.8929518224843385,1.1827972841873535,398.03434050084235,208.11090403259325,0.5883084979957376,343.29258262176285,138.88787336948565,32.67732540273533,451.49459910375793,258.83929881118956,433.29583066436396,369.7330300625806,370.01298811174996,199.40601018517057,212.15509665511584,374.3787905869115,328.6689931916763,175.9661023739097,202.8459221826076,319.4291089221967,228.65866884461582,48.673303598841756,386.85117593814647,118.51588965039196,440.0402105859618,75.8582160961907,253.7719984542135,232.37461763787965,164.48394195197747,474.08370973953265,460.03736506160465,242.75984518475187,201.047401776674,419.229345910156,326.91907092537593,123.55762128051151,382.4178907416983,290.0185738772294,441.38371625674347,88.39482200253462,71.11096673338318,33.28509335848495,178.9666816050257,267.91774763345353,196.23854130627478,216.63807335006175,468.293916968386,154.91535772555926,399.16483010540577,177.1934873642375,339.6517611426254,147.78432070737674,312.47425031192057,89.08036504160088,475.28629547153264,189.6040841066736,99.99327990063017,474.5237582858075,231.25266460990002,311.5568661779421,141.1503327563326,46.57665914085452,336.9624208263404,343.1437825088778,409.8199275955232,241.39114068283916,421.6473736324592,20.27142773831342,147.70411491681207,394.2770661121973,99.86632933796957,463.5528945936128,375.4938026960947,387.2715827514369,39.98861536822351,381.2279639547783,59.43620801477939,14.865117613971691,412.7890867200822,357.83838503383356,175.92194182872862,115.37849635524438,356.3745388244537,73.69398621581946,151.0600589965364,232.84926291385034,370.99226424721365,271.00060622260827,52.185666810807774,192.6495453327354,327.7445463672412,375.225217727155,179.53505324606095,466.0992172888319,459.88846334609707,203.0137914882785,252.16622867281714,272.61417320628135,308.3960030844445,494.2079724673769,67.13005859553284,346.13178122334807,322.8456484935161,178.3711009808165,239.4022875036782,225.86506982413778,159.68464418551577,359.25122839433703,301.29058935097527,366.52505930282075,137.86699978723894,153.27837941218618,124.38802559407148,401.00709110767957,186.12712794341695,299.710399302513,241.05946313183486,478.18866880485166,30.7312640023924,391.81253449548495,187.08465812848007,309.3186022482838,263.5739600713001,12.56355811968679,224.9625107841021,229.11406321101347,133.50000931171175,31.59602818938245,130.43952048818963,419.451331017224,323.67795284035486,84.09271563941894,264.56350021642805,56.66438833351533,103.9324061065789,469.31015587649244,238.34894873811226,483.4076709463839,311.01870231561793,247.55881124933586,428.71656763235694,364.5126699931739,12.8592394216549,73.11949364210457,243.53004559823532,89.08623484422307,46.78139193448022,313.66153481215736,422.61380253001215,357.882916000758,126.33380791267757,462.78875829857066,204.90022485827046,274.15325504062633,237.44485745537963,133.9122076607643,401.71622188914,167.79050232784482,189.59104465653704,25.80951552807037,395.5274932973908,218.41845847724585,370.14579370801664,87.89285359221488,224.86895464001273,161.02544152295468,80.98242746524747,433.04632517371226,400.1149896271466,493.94427890119425,352.79775914075356,452.73939842044234,107.48561446445525,150.5004230250087,450.54869810893285,130.62204668659143,49.5501615368466,105.95420192816823,486.3027242128772,133.9413375683035,39.60086958702802,218.88008360114387,451.377580332628,469.1194526498124,18.71478852322167,319.93183976901474,363.83784875491307,316.1908970912429,181.08563259865034,224.22923611777483,43.393542217682764,305.7289724800919,322.8040849585391,259.74939254745306,327.66832818540865,203.0166274628597,209.56450196546945,415.8625623801633,130.44000069065197,192.72417087244543,354.2099638994895,313.81978480156494,158.81343938399905,287.67491193531447,245.77552746367488,255.49238597550166,258.4077392971627,491.4833011174115,49.276080648884445,273.9840377139679,69.85487025417464,243.5186047498527,139.99073898470866,302.47892092343363,167.8875741938592,126.10656237379175,131.6519114754167,416.2792499026847,92.90093155303187,360.6989140434883,241.69059436934677,234.11401711200674,148.9200400046111,292.0920878560353,477.5502694669299,179.9709976653789,419.98948788706474,190.47193766604605,346.6390180096951,104.53086170146125,85.39331769898823,112.43491430520847,288.77669190083736,401.70833187958146,161.4302748753844,334.8089062277747,450.65818715253897,285.2208930086391,173.01539019277783,50.52134131499414,47.12638719320417,80.61646786699083,497.8923711731092,93.04039136089976,467.04698249956203,436.56089601025747,94.32978974727064,408.0964029928826,458.7296737660977,385.99504254035236,223.523822265224,309.9265036388775,25.041877374745557,485.19035455103074,253.280161601043,242.97657384535708,322.63662524649504,346.7296887997284,118.97732139619983,151.7896464697711,38.21730408644808,53.944170532573274,243.811920868941,437.2972780290179,491.9965713756334,40.235035868619875,83.84300764334773,110.1739494802761,259.54686170763677,81.90613019130083,383.5510602860723,424.3915525673798,338.2314692733861,430.52003595742025,393.7406579680279,385.7788803641748,263.5062664696464,443.23722241712136,285.12765221488866,409.8536784459577,347.3014802412929,166.92326673150959,233.2540016710178,433.43971579094307,111.53418576492702,318.78137739785313,160.65140949357593,65.6129314605915,226.85056632469298,2.2158587424054854,87.58199338528227,479.05635263046435,490.7820431464286,167.65799163569127,224.71738403456965,414.42058946850426,491.56049782171675,345.66243166342446,177.91288682211265,480.6302303608459,17.003219064023302,213.63350712182643,155.37909257612765,359.14828549267384,163.80071574197453,499.9369706793209,402.3906813392783,121.6656515525516,262.74094257381006,394.85707613655967,13.298452217850087,456.7295895959634,402.6345960513759,171.37653602347774,364.3724204773519,121.2958905801811,242.10717130994803,109.42343529118243,99.33953325317152,468.7242087057092,252.6371605548431,98.3787623808215,242.6377159591515,499.2482966121166,136.73117444215,159.11264319516073,376.04922157628755,37.696263291973395,379.0472797774778,245.49654979708845,394.6393873934719,248.48667639304185,333.75971314860465,207.92777515269472,8.845922130591877,103.21296803033097,485.59319065296086,101.87970448809864,70.86265502315747,307.72073917321586,190.79969618708915,156.33556020562295,346.39197529464207,336.6933627888968,33.75081798856022,292.3076448721954,314.43435563734016,359.8201246046715,379.32477647308093,378.55666792442344,463.85234679303534,125.82945061969836,203.93002728671271,219.9267465250389,239.73361282465328,279.78052391561846,15.584907571533414,468.72090633715936,446.26077155407324,205.50779493963256,352.6201088200561,494.24616016010367,428.80286555555506,284.96548667579094,355.5289036785115,224.19114426943804,254.13702518717847,318.88717184452395,206.94612907832504,122.62785049376507,292.83293192351357,98.22202475676866,69.09758273996613,60.34949025305081,294.69956615409706,397.10142358903545,478.14741288381543,461.30296688644927,316.31277848389317,312.25308230581356,258.2442652628367,118.46848189218356,24.664023908331057,214.02763167748995,240.1783781265822,289.7886219737543,178.94651636343474,224.85577604447442,223.07857197436132,5.980891280759959,473.68012198810527,95.04968425105947,461.2381636898557,150.8974929741279,212.40861026806533,337.5892767133186,449.77438261682227,147.6478382269948,46.33453020514566,274.93276642762737,177.12438439125532,458.0492106017212,273.027398842367,422.26115113540953,400.06265208819275,497.24798073278686,122.4784921323745,248.75757197895666,347.9949206322089,336.25733041388344,65.69048208222961,29.78066644368954,351.13760909409166,219.77811809955995,103.34273130514049,239.97291829023214,287.15113863490524,149.34961261792085,400.44607050311174,247.10096717913316,422.46829056235777,157.7752774921309,434.3013770324151,266.9185679173506,47.71785822311925,285.69256124511264,64.10460162746485,128.24272208107746,177.58049094840024,453.26376715492125,228.61125031612755,149.56569150980746,88.65836710365733,291.0045908266575,207.37985439178308,349.89177670038157,426.63197289046064,231.75818589169072,167.42340910128976,150.56188041087614,351.71338218452473,109.19595216433531,35.901040424853704,329.84883987596174,457.8451754268289,336.77623439749465,243.8264400368297,276.9992368478557,196.20618422111664,346.8629347873712,253.65808236725485,481.50237110816784,92.27250908324753,27.032113730320827,467.6513904754498,458.86204111938883,21.703935601076196,449.96045109952775,81.47852181034222,195.8271991194405,191.78252655123208,289.610954260805,95.1903592417898,199.22631353747255,493.3918591750071,283.01229742595615,21.38046083727635,293.1189545593777,227.60194240204174,316.7340374314981,231.65869782306197,277.6588412704618,370.59392449459443,170.53425673693073,241.78999364394627,320.51485031679675,412.3691330101157,63.07334046232588,431.9468638933573,497.6808030957073,142.49562945822075,263.56984373862383,386.93597132592527,13.870382495922984,68.01497795951073,263.44894781068507,377.0515004684062,272.74247543181906,350.23187549562994,141.60035144417205,328.65622916466396,345.4011286200597,343.9097925690466,6.385173338486261,272.38576654129014,239.60005625858506,250.3253318943352,148.55182175308718,315.11247618560066,130.17825200889126,232.25379762694848,358.3273432789993,62.870522556007444,290.89712030891366,361.50429599231325,91.05796355662554,278.50148626860636,469.4874692972122,16.675914994487396,234.49477834238473,306.68620353043485,317.5864768831956,450.0371874350107,120.92177594639136,473.59419569791606,225.81292635967677,479.30126341413984,39.61792427824895,347.60923027106287,388.5656271615533,392.5662512501922,56.05098553010873,2.5017965623770344,125.45431453125583,364.99785449343466,383.6519877902136,331.82959291801086,214.14394820537814,350.52235904480597,270.8545264316733,443.3185531687553,232.88840776036685,111.34502156776827,344.2374550871447,125.634884379338,354.53785427678434,397.17337347636027,54.408010103399185,358.80222688564936,63.98285628674283,188.33369005843693,479.78074730760125,39.852722335989185,52.444303456450456,197.95053679706092,480.2472007501916,460.95427561887936,388.53328678254496,338.8022245313622,173.37616705694654,99.89750889980293,30.820881473076323,264.923180371648,272.83953279140303,162.33697412359444,298.7647205980435,242.05439243842596,390.521450590677,122.29745456037061,441.5948826502831,53.13138024997321,402.3068865376349,349.753544493999,276.39083063421083,447.20075328501684,292.11223763036344,386.66937220154455,196.28213525276738,119.70832461423907,135.27454874713158,95.65661444107087,119.77955060787538,19.316631537492302,226.94322422213352,140.60411965569668,477.73497453908453,188.91491180841464,195.28391500379388,475.97350321532053,43.695594481265424,164.43409094768836,280.7554435261399,462.92229973503913,309.59626501213285,303.83231382221317,253.43302440396204,358.93183348508774,246.7674412589007,150.592361986344,11.945696261520645,438.64864800916166,447.7225084538611,4.382013871047585,461.1504695284611,489.27367794696744,61.32200769587304,269.56748282290425,109.49765684685254,480.7502663290446,382.50699063565355,270.62311080013575,427.4238723957682,393.548017081772,83.74742635757127,42.678107017617705,381.0983173383979,169.14283469609038,381.8418044598001,259.33115693347315,332.7806729061895,332.8748504882336,98.91308109469632,278.8632921254179,229.79456330215552,253.68305217506088,266.4681130693847,344.55136631473994,372.7974279188236,54.64176194497172,351.0104108188738,416.1312798324268,448.45411493990434,76.0895843133182,40.39113086615698,367.326843775369,21.83905960147864,344.76355319550146,358.7506868250176,236.56344636831435,265.6032272048602,313.5629345746887,60.66820545255397,410.45512998778713,389.27121097166446,437.7401949243329,449.1500044044062,347.2425287999942,283.57800157453914,196.4405932115298,376.62530667930037,439.5135842330214,453.6243284274155,354.69246037094473,227.24461762473507,399.0713909628233,267.1967195304096,121.57271763018102,223.6335092687049,128.34740611328616,108.18053622903085,318.96552205684156,216.39577296750468,421.8332139953491,298.49423008506716,471.4289831237127,183.58938808983228,297.2959493076274,303.276420222752,497.8300945744757,256.0452178891951,57.435261185819485,83.91670824238246,363.8654525154943,127.949543532966,193.61813603292484,2.4030539065872936,199.27821296729732,315.68197675072946,92.091247426058,231.84253473659066,123.56266010335231,99.52245988033293,267.3389118637365,23.751417340860392,208.93474973046898,475.5736664498806,244.60469343100422,87.30046728885266,355.66937099359336,406.37958236565845,488.15084750614756,290.21820477736884,297.125869053417,164.068026477097,189.29830298280902,39.535783874095124,495.6338483744205,85.47767556290576,223.60009170918698,251.19386296672334,121.7472222949743,118.3643403732923,55.36747780251028,264.57905884426555,201.7262275299161,330.2493710311284,177.70468084975454,422.71450312868717,268.3203321468815,21.483045679391132,97.34936031708314,484.46512017363756,498.4523363397337,257.37453704922115,481.6810277032985,300.4844231608455,168.9009565755426,292.75476853339654,18.03482195851536,311.2719545643806,466.1606652571468,125.91801756230309,162.5924964521293,86.68153426699799,297.6859932894255,55.74521957946277,41.50366990503679,308.9756545787403,477.16073513312494,101.72982680601922,67.94302047653473,16.090678781717884,316.6714184752277,394.32972028787816,151.50410547178777,333.6441997456545,301.14978702043254,246.6573680402251,120.79603061224836,155.06994508108397,246.75087680970154,254.92389802210934,235.3892971667505,481.07013303349237,359.22294277162456,325.95628811745155,21.110754588598958,125.202324217916,51.82190924202629,295.88586705835354,367.13457308656325,246.91821355527338,400.23698590721904,194.59319350557436,436.9028477552392,383.6976432966474,107.09651293300826,337.42513519348677,308.14212422138246,120.5420909531284,338.6629669240447,31.05694484632521,136.3082321361204,58.82768965958102,54.11951881271748,276.472146991985,24.0256122671475,123.17798990502938,127.93501902871535,180.39946234089376,371.037634878525,146.54366640239093,59.41822194280688,389.90769282967545,40.674881030148434,174.31861871654903,280.547001933844,41.67906065822374,328.4162129805753,421.7075126562995,79.6960004112875,458.330298780461,383.77375141302787,398.5064667214896,448.94548618727606,399.04496181943114,367.2333986237262,289.75827013622995,433.42313814669916,67.444002061691,18.234424763843904,333.4197738031907,377.2115408085655,251.87493006422935,439.9668775616784,493.7120400240424,479.531886171996,466.14028761346117,247.93608584685472,411.2016094259721,269.151739526751,487.824285246615,61.79629829711975,202.40454248685796,336.6159295702464,260.557651918257,367.36377266889934,181.0320830880978,117.07562498653157,336.7844907050469,369.0772173151893,217.236909319929,20.356710873987883,314.8305798834342,465.4994298219932,11.585955885820399,446.11518277570434,343.9040833289921,202.04245228464595,81.01027821731144,298.71011822155714,16.125099796782393,440.83726421138414,372.71348373318386,206.2197014689207,284.4060518094754,79.3519582363007,177.69758070868153,390.9971961565387,184.27173133586368,384.34063168555934,187.10875850376036,144.7689231524778,201.68384956783498,422.43598292709686,79.9648660085836,201.33676507846977,3.0097700925327264,50.272813306224016,263.96337979849403,99.18789213147028,358.83470394179665,436.38781908197706,167.51429320133488,70.00694657585099,292.05614381817753,84.48939391673798,405.0947436797649,155.65073194983913,371.61907796259527,451.9443456376327,328.6827623760624,108.4824986867618,287.76094137923985,308.39305371731535,104.078963900811,337.92869610184493,350.47501928955603,291.69283822724736,79.62872047466534,218.05621364168536,72.44907999851475,426.394212318875,281.3730643347316,410.60399433598343,492.4203564780914,336.20500076623955,143.47487662651199,70.15548786420611,184.20018082404428,429.4111715450621,207.0755779401911,62.71305541402289,337.0490167686979,51.40982351508988,222.989167992236,325.0574482184075,475.00872469342795,157.89214232874878,224.9286285934366,460.0715937539684,150.48120734985926,139.0963146463376,485.4267924870592,333.4776172068592,207.3389492227058,69.56678574100061,300.92682088608336,436.47435804264444,470.5598236530722,98.12123259228744,129.02769387282055,325.7679283103471,127.99836217727962,421.54610081628454,351.43065993402945,37.273348836659224,359.2070568940106,246.97713935355947,447.52511877131684,338.2053457709055,473.39875693788196,127.995268218492,235.4976173469074,378.0402889554595,161.69925189426664,286.33659401648043,53.30940245809046,431.2651721743947,235.16726873391164,315.28966800351367,351.890820167173,233.1414262879828,26.95506882618298,325.8048425958346,75.30758831985534,221.61411737149876,404.46626216208074,161.19993876233067,222.29185186420835,237.35808300187583,185.14334791592884,101.2634494106669,36.882107049611314,451.24585258033795,218.8704677617899,328.2331123502741,470.8790596510093,368.8856539683781,321.5310608339127,161.43567333460845,130.65643916187398,220.844942642336,165.84508707757507,206.26808828320904,453.67569316731954,227.92252294806448,440.3822654486863,54.33857418715648,69.63231966633194,207.35028756189854,491.0147576195018,301.4467748943773,46.347790855825025,400.9184477230716,222.99602112599464,145.90164081492279,127.7038632970457,487.0538897038177,233.46601623278633,38.63229140199043,157.25781328290827,495.8091701952939,405.3911477278855,458.0605076641257,395.1241906596565,40.36274330537548,330.5315468481003,455.50700760855096,413.1749486347614,27.351906647420098,212.39590102284507,24.262641925776705,489.9300343919157,383.85249489341754,477.1897771402255,495.7565387398594,422.5579154148179,45.39386068356116,75.03383099722322,423.6614809558202,47.221774234383005,5.651171319456028,21.1280281640287,327.35810262578127,434.5387119004012,46.145529731079606,247.7686952823282,400.51053667922986,221.50457553792603,402.1644715569508,187.47653279027492,359.2576014828155,455.71460430548694,361.88347994155146,186.9743728271971,432.1941617002589,12.047476815765068,371.4127402327742,71.32588649479877,259.7454913257652,406.0567579548835,434.0787087442024,383.1465637895033,147.01483753160178,74.80425778782102,126.25289867396205,191.81028990545852,146.64294888103552,163.03666076069135,266.1601942490118,299.48823768647617,95.47122910480044,458.0869146366803,174.78918631182316,218.48987160202333,112.26833717492573,102.77796684082242,359.620586939538,151.49871017503557,442.26040241015556,376.49577643223347,290.16839135343736,15.270425684908384,194.16205603928037,316.06562354662293,441.8938447321378,251.9078714937632,111.0325511250278,466.97991208560404,160.47039014609655,71.43002278989852,347.5676163864537,70.79578281330868,419.74981978328293,485.6018359361676,52.434898679013074,404.18421879018325,411.1742554301082,438.29782340312414,183.82357736815774,404.9389132687737,204.0105186172069,466.03981129785126,85.31518114238523,264.43607083592923,316.56054846107645,90.26955666832647,132.7074080262221,447.38187601819016,11.980596868812643,293.8288483472153,108.28966716056554,82.83430342034181,318.58160698203653,283.4905268449524,106.35790654148741,91.34975940367495,68.20972503618711,324.4582723595655,213.038052363381,477.13515436722906,210.13501019067482,313.92940485644283,372.9491974861957,76.189864999887,146.18034982194777,351.3816478526429,112.90904343928344,273.7129027618463,366.62414579619826,423.1241489034898,95.61261871713467,169.03058270946974,121.00102923215344,41.95324439205034,439.7286489167877,65.63700204311779,282.22948645842985,241.25051966018606,239.05726241535442,415.7367755232468,414.5999823110362,99.43203887405666,484.19550933986415,467.45982266320044,423.5131049103855,65.34130579326263,121.55574023911785,220.59019646038834,415.7666135866395,91.20971958534219,182.3945925926489,113.63474966894572,346.0038297124235,493.0960574367021,218.36915082404096,333.4958299313674,344.2636470454467,143.78206966228657,358.2324470813889,175.47785328187447
237.61484614386757,111.03978773326779,209.35628904236214,169.1289249847685,358.94391152525264,292.6825031917934,209.7586164819162,247.66516379169795,324.80876658266726,65.1466897288383,347.6310914927193,373.8278619696566,428.3144642643272,31.16189399071506,277.50319628387155,233.7097400208386,371.23514763102423,51.3277767657902,388.72595546612297,460.82559510030916,258.14028498100026,89.22461840308182,338.7671093451198,76.17694304544825,14.938945665460723,195.3700668793224,408.9880809804908,290.06100063189257,111.75713432581664,227.59172094006374,92.25795856456875,406.76635759578494,143.91360388691103,492.30284262059774,75.94773448026359,207.82467602074655,494.99046522483735,217.45226919846993,290.62973618405925,194.3082330909673,58.750386062012275,184.02855278205732,404.0376761858305,220.7246995149963,84.76071084276782,307.1841334014709,105.39037848825755,176.0703493637914,117.40677812562966,206.52876201475235,494.98892041506554,200.59243867385868,469.44120635102183,59.09164601221006,403.21795609281156,78.6063484418858,163.10670486037725,176.261843293609,348.9510901640215,497.9172996645511,335.2047248236647,443.08652390786125,390.9698928682168,489.1503727014925,485.6289759473535,247.1161391946669,319.1244734990466,414.84282280686824,256.2906213625501,497.6188606419767,460.70265778909396,417.25741381459716,362.2648557452853,119.0004297090464,256.5905936644864,60.33756019322595,112.69006546439658,57.83522007883784,316.04229747403076,356.47584132494575,494.95463529136987,57.96082235051392,419.65811985074424,188.59849982038352,498.28740184889364,12.618889137269719,157.39370297595434,314.20456594555264,350.25625488281304,378.4590747898615,485.39038057217374,253.80996741993474,84.90936113423825,163.38559488293347,319.1745870144056,151.24089803914435,79.03725992262729,96.01485246051628,7.662776442617092,26.619206068547285,262.71494572318693,0.588723457083884,228.09925387702418,432.53913737334375,85.11414621509329,52.151065613032124,86.78446425959285,112.19285707404892,397.47204332719053,136.7346705134773,147.64853469689515,371.09866473618763,475.2218658915287,332.6157129840693,262.3927232699899,166.49927718169627,331.37867109352806,34.0037132858988,280.2828190669742,68.61546816374886,322.55715666188155,487.34958238975014,176.71399017361878,5.965826410724517,452.48371660667016,193.10422512222658,393.1181866942152,438.15137992923474,57.67781299727515,62.02918285464143,202.743894405293,302.82688611432053,111.78080490717696,305.0682830481894,229.80213785874687,334.61375597808234,217.72279574022662,269.24338058804494,132.85060007690774,393.8693644121885,95.72413900107418,291.5560149112993,61.81964451842942,490.53321651666323,98.62350952532428,497.02350484297824,298.979446550562,69.06235099889635,277.1190613639339,105.81909963664931,157.4891963633479,165.09969886982446,186.186676809616,457.257942049204,441.8282835507647,328.55583127699,72.9524740776134,72.27770883482331,22.180786769258663,225.6317357916397,454.31443997214376,224.66764278025164,229.4896730355555,159.79651451788223,290.62475792674394,198.36900221664573,207.18094863834352,465.8527793499651,482.88735301402505,379.6875058004788,85.93244712795534,247.68501492713185,97.03378740422414,348.26665789351574,478.5351054748242,186.37856244244833,251.49570491620855,478.1027925419439,58.68228847554191,363.6609198717413,127.93246356584692,24.858356942585036,152.78036132941526,80.17265231663318,247.00361264887917,360.0137196699037,222.45553161476988,123.8416497836276,406.54003973606865,357.69494049256133,376.6911403541571,407.362759798488,362.57814533367707,140.1082989116702,90.62372054056938,471.6757707825145,317.5637108084965,327.08581814737863,159.1872186010397,348.76299949752166,262.5734114421605,6.910066747144727,214.5303871952335,299.87788307969066,95.89614610328468,24.051754776923453,294.14571767576615,345.65059244085285,125.12415980614317,1.16908437630997,334.02925548538724,323.95633393912436,26.266630656606004,497.04576659434616,79.95327492226406,397.4270184268441,465.407429429082,111.06397155460834,240.7014167969538,184.93114589092667,198.29788463604547,139.43666367318568,182.5741659407737,242.09651592387888,390.86747097942236,481.4252422835269,262.7169724405834,3.7715237368458054,311.6241658159496,65.41727710479101,333.11977168185547,288.56297015360974,433.49555226994636,99.77719222838272,244.42688511241218,351.03978789029804,143.2830098203491,100.96374990606589,333.3366431164321,20.512846768287407,136.03287355592659,419.823112105249,125.6515660973418,228.24248807547536,425.87770981207575,216.5784448896702,356.5222644544092,187.77532709464745,101.25842066424084,6.7133996225560715,91.68159922844626,121.92822144012666,237.9804432193604,138.73743299189107,278.6848266742635,35.21301490426726,224.2285498513215,350.87109861748405,491.1287997073175,263.19981639919024,198.52865940844472,272.23750306512494,97.85043655833675,335.39014129490715,393.76639998649597,278.0178747597355,199.26300147227693,401.2520201630211,431.4438953052821,373.6564724233117,216.93511585857416,72.53154579608572,331.36539116705535,341.70521658619776,454.34177386519656,483.61819160724724,270.3567690463911,449.11750696702893,328.4710313264954,193.33379457403865,331.60332975072293,480.6579413383777,449.83399082576346,167.35650888289905,343.06649668046543,286.4629640456112,145.35268925923566,411.61473993398204,451.25667459238616,469.40298329532146,391.894302638801,259.3827556236654,358.3665545002167,417.5494502832576,499.7018431121245,475.3244463209909,405.76763939251214,412.0997923060456,159.6312627377881,490.66314048756067,258.20334559630237,6.439655871302241,185.38570775265688,130.13079203987294,126.80765455872218,307.20229816208456,286.9535657909094,412.4796115191246,48.17495857030707,18.502039457706232,94.01113473349997,173.9108266255458,222.67092171731034,28.349341609093248,139.14122997348534,17.959388294383537,289.3698359693368,361.0326034402856,178.3011203778364,408.56471025721,390.72360878700243,329.26981711958217,235.55589707995722,197.1216819166487,73.596582389866,9.89483238522676,426.96664536734244,439.66310694319185,470.1553220625253,253.618718721899,290.3392761703997,349.8870901633586,406.6250374422187,341.4118593489768,100.02042035450532,466.54956843029356,352.39867262090246,10.966246804266166,56.940417566380574,154.4818813390702,244.27906476061335,483.9741504865235,158.6936465493219,464.694213686667,271.77898608268725,489.4567837744567,489.6850651645111,443.8012602902234,328.25013677622616,338.23770160268293,53.82075649888368,93.38699433700836,167.36897276838246,201.68661927330723,12.249440660286048,292.97570508549506,241.0690304565295,33.87756370698136,344.95483664099766,272.1122149706986,181.88437812394048,346.2833326688673,213.35977623778817,312.5263812603951,216.90899659775366,377.461585695709,310.4872637414614,406.4678332443112,148.13928135970212,233.05986337632422,293.6186180114803,292.7325735976127,29.544277530871632,30.217447559723666,206.84150043549388,86.56919789924389,286.0074344667541,423.86884811280123,425.6776996173476,53.43884868265697,344.7039118439817,169.95039265604495,449.1515185000287,274.0838002152916,147.8757403351595,274.83448869173856,123.05373910895784,276.91931981023197,379.11866263040736,452.3824596571192,494.2999945495244,5.5806967330963575,57.079763016398225,200.79891398128552,47.37774435144138,304.5535861263026,414.4772266833003,266.9672488594015,33.51695447313563,164.43407141017363,103.74247683403453,363.2708471879894,35.96268904455674,419.103586241219,225.81985686370498,352.96050750405726,106.08906158766757,266.4778072689922,493.250362361687,283.50342573065353,170.0230173626901,130.3688428971498,125.81385889770674,400.53094842664314,123.7075680382339,30.067777056741463,80.62095676591352,159.19518951116314,354.95414946532827,444.75287326991264,304.3571635840983,175.70767381072832,164.78086920357572,211.91218163720148,442.6175769037343,93.14219684789265,374.749568195275,267.20311368125766,275.23963588463226,36.54153567147711,116.58435152451929,104.36132132975129,472.30523268878596,21.490928829138223,207.42368731820176,147.330065793161,108.33867908129996,202.86282314477367,405.3330007737626,491.8961820060813,492.3055559939088,429.44105557993686,126.94129746850052,302.65599034029685,348.00727881088045,264.77984046674754,134.34189442918893,147.4750532587009,80.25297888699428,122.80002098149062,27.61485628395449,227.0268545837743,117.93077118027556,272.08100626134245,353.5821092619725,408.8045642825068,348.97042542573445,389.02380552089244,194.3491629308785,320.43866482503324,25.353123733158068,128.83102538622597,489.32771634569934,282.4146605596044,430.7508222906575,376.78289055546924,47.271303188868686,45.04586032636715,47.81226153845719,274.1745819586419,14.490534009534539,390.7972529140231,489.95551567803966,137.9505875991771,111.71879436130178,282.45768826101255,104.19715511206051,239.14974710750064,457.79062981355906,62.649537074205455,2.3336595030832297,182.45708174547494,489.71774404151955,14.396282218325506,21.229418875878647,43.608766546420654,387.0781825005831,87.87549377516363,109.53036892738255,388.52754499527884,445.5958520768414,33.7506168972907,405.84771537492975,25.76085863416283,240.53806097328066,331.3060946256657,488.4558069489852,427.8301355395173,253.50474583283565,462.2617526924896,434.63938350232405,194.9063152907976,226.4708398644588,18.596227285024412,131.96223601260309,314.9910185485089,333.99524737368966,478.90966722754865,319.9347549993384,276.8709399745073,185.84282793474915,426.06394381829784,184.53246201169577,66.97708575483024,396.44720389772624,110.16298453766765,499.02425334103526,414.444931304605,389.0212070049841,223.16212121639583,91.7972392141898,102.15660886980265,474.1138217299274,65.42287299764432,108.57752071465787,199.60483481732848,163.98569599992936,177.5077442292437,396.27700175148243,434.88859315613666,356.74163105559876,416.34076331384904,77.55510657647008,123.54111554282943,22.61532730914312,355.6097761472449,380.32152678352327,41.17387128122141,461.3206803666057,278.08265276130624,156.73531724486668,200.20859271634188,485.8153216234881,51.25634824979147,344.73367328884547,490.2319980860678,442.55585522116354,234.5616927097842,28.779551876905117,99.82582753041524,358.0356607040535,29.524902819109577,338.7799038356445,282.21149385045476,239.40820888234975,350.98074259895145,370.4866842606619,375.35387488409714,177.68761234203635,216.18477712954203,237.53929298965028,430.288941499018,300.90760759585476,282.6865445024845,403.52343922668445,218.66104646953227,189.47768447597352,284.5596792019943,278.3337274122116,459.87484600202185,348.75480490862935,394.047251705332,58.26243872543058,103.25066894766715,44.235580992083634,139.5958665105621,259.2360811894113,249.941431320441,270.1152908534345,239.66017588012738,316.1549163058874,256.77603384163626,182.2422360619794,55.151092064566974,49.9662639836615,369.283392644215,237.87274059724635,96.52822750407786,343.55256895642043,351.4883113127757,10.992286023293385,276.9853644732099,328.8520045244584,109.46528402365658,484.4554193104109,268.8024736320079,99.8010709222693,310.439334211501,270.80559433098557,1.1894802634979107,476.0611504861321,217.2075357547417,12.797006546343749,78.3441130298218,141.50892801269387,19.872819139479247,154.58273801295235,470.3478794096869,343.6228901645358,118.04506034669582,298.9325128516811,68.20738057868198,273.5221787085836,85.98357826464115,425.9092433092211,474.9627597861107,182.83364035415616,347.29114914540867,401.0615945058096,358.8194592891694,290.7791956394917,175.9986773121392,103.24947855713951,134.55596333683235,142.3056543846285,114.5119205983024,116.00642904838516,150.27358869586644,200.80002365235882,194.47684636115554,248.5075965242078,358.2307438320711,305.82436871010344,288.38008660735943,345.7897044313665,493.6892226877419,357.9530278563347,441.0253363565952,0.771501729852464,35.30521705898831,441.18744739554893,440.99381914927847,476.18817687472796,115.98018971019242,309.3418579642018,24.34209622701361,379.96696084217774,471.2362895636355,57.45280836138811,89.90356656698734,3.9512421175562085,73.76451555212338,409.35407309533974,65.67207385575097,62.05047465009766,446.00858500564743,174.70770497365297,18.839539329287113,453.19181448548716,465.04753549324994,200.22697127530736,363.5181296183878,458.49201787475437,493.033804722508,388.5777287160065,350.2225538116104,478.6790659046228,312.9923879876602,155.40596076401104,355.77564683860186,113.01942250535262,110.4031264830686,323.3140587796149,6.772967959255471,269.2525070490284,196.69551646139465,366.1296798037172,459.5337179326124,276.26150902872337,37.773958334197225,431.4027961959206,170.06028218654384,31.447617500922732,351.55643889777133,366.5443435383457,139.5236919332432,312.44578942389444,327.7923447683064,289.1389543536468,24.636071343698497,475.28620184594587,200.40014778849007,27.415515808287328,329.8571522923365,466.8796098182558,194.33552962397715,13.727289037914868,27.22892010308048,268.74691596362806,425.5549655221561,159.99486562458608,109.04095282476483,278.3052947879286,488.8955364011813,264.41873213023587,315.40528771529944,366.140899153479,76.22176255606539,139.87712686233732,453.31895185537445,296.6485773639284,203.96008606884263,465.5917143598084,301.1137834798203,370.3071518401085,315.8334798646176,172.08038832575014,133.97001892672893,70.31260837457687,198.109519672655,223.027333235791,333.5027781170523,352.73653993712077,334.468885175453,462.92137248339674,389.63905775373763,187.07533610833988,49.544944092514534,197.8258477897461,157.83663645619922,145.26272434651634,53.060769096522854,211.65403558351588,178.77126472755305,261.0193652324596,59.152686398873335,11.791777650642043,121.13459359059497,145.04034481955185,283.64894547717614,269.9395050320056,233.21545516167475,308.52333655481556,47.85109297664558,402.5328216019394,333.6412055132154,79.28228666611898,96.01158062906295,451.3651534625593,483.0542537367801,490.4459662225787,65.8913791225298,181.74953986855675,280.5158600947367,160.1318053302876,347.6772797625875,287.0203662582358,191.14118593837514,156.0228488315348,15.490275399322629,469.71880689337416,314.2125915512191,130.80258947459922,101.62244191081443,487.90455760115003,66.50343255079166,149.7949544783736,400.6070578211581,155.6133771920574,103.29076636282065,108.3033881479843,381.3846300367144,430.9525103611153,34.109945486036075,165.77749506636596,258.8972835941496,312.55792191761145,457.1640878309155,257.78234416685984,418.8770034137125,148.84226275270612,317.64250340990174,62.41260690721773,482.4017856666193,85.22132792577769,39.288638412994956,132.9757068262402,86.0971232311516,75.01435580281462,333.0431769862538,23.612191093756785,377.1539872213204,351.36760880188325,242.46747885520352,499.9540131065937,478.8039654110896,13.330973926266477,418.61377111727813,297.236059495782,50.67828662359386,100.1255131977104,404.6768715586677,332.9725035575795,278.8470710758498,258.33843027111544,138.08773841881256,266.4471581330651,208.86798869833868,32.29075029072248,360.8363727336345,308.4270507233832,400.7800941659126,332.34807710262,293.84738566057786,181.35486595452898,441.50462759359027,393.13954336047055,31.42557292378917,357.3368338546042,86.26058825138128,3.1809358362467344,447.39665962185217,189.30126478626647,369.1409114851947,192.16480079303565,72.85895703253958,193.59672149698,145.01552234610944,41.83680137631235,37.6977070647635,105.40689372041068,438.3196959887937,125.40819019726518,490.3880537484433,281.5212140329667,133.53026495529642,259.50024111082416,214.54372516058768,384.6307081667368,415.7729043703103,327.49741881213254,378.83012535863907,165.2865247124705,107.80543843914569,156.04609627517186,491.3588751213007,291.1332049075819,356.44897682605074,300.3203758645003,199.13044002337128,163.66467938689433,50.9575253532607,2.7699362197711186,32.96093567534392,471.5414222028279,345.54663382240494,427.43485478804496,342.55212870359804,211.25140608308897,54.63364944895799,366.32499758664636,8.262151426963293,73.85275057503871,323.2600268800507,78.5635216578499,455.7261161552598,472.4289463596432,202.88914989513728,481.90417054189186,420.06808634621297,243.15850013662765,351.37369359667434,192.1766432917451,192.3587242969131,272.54597749546684,123.72814267308313,29.112977500122593,101.1563708419907,241.84371450164966,314.54864281355754,271.61910877733806,134.86170670137543,65.33876972443959,145.56876336280828,357.6013252218483,25.605680790583897,67.75873571882818,215.5027321363961,81.97388558127538,400.21600371848643,255.029956519728,85.22628310882058,345.28101649429175,484.5635570019785,65.88448458395658,40.49466319409439,90.1274865212564,93.08407073329766,137.28124778248596,189.74717280562143,230.82992266779823,219.61795689533363,75.22682396423286,401.4679531387901,308.2617171929841,359.3088436178981,185.1321856767942,280.2528871330733,218.12567861342157,51.62845235108776,146.24482960416225,207.69924420415143,448.91849499859075,85.89265547514202,353.6532588823091,261.6878533386193,131.68191933101227,14.260424210500444,21.619480131656378,363.7900112010924,375.94402770582343,275.40617061978065,191.19946721213094,201.93726151378422,439.55098363183794,469.30711942473977,274.20227558295363,427.88364435456015,164.95398798908013,150.59859687256716,373.25641638588615,426.49190933292374,432.72818434610735,19.326375229317406,346.4726268423984,175.72472494596937,462.8472312314942,251.74674758911786,455.63464556403403,251.91139688716734,350.9187138881469,70.13365284486389,193.0627703276932,87.34934421341661,489.4430023403481,56.48782883773412,32.35861001005092,387.54877640501593,47.700334185221074,350.3167088919006,361.5907016278647,155.92159067836832,4.552794845637031,101.99832739341736,29.64925360451165,474.4190051636688,127.38489863470399,362.0788101423293,159.28796759575098,370.40289282174706,494.44643817784134,119.57666323650018,32.39906164223916,497.1724124906586,136.51165716122006,308.4320755364816,192.68434876344608,26.343054468097872,26.39020950487336,7.0245310938302215,282.70872002891093,477.90792990165744,204.70225463710946,186.2711503376362,375.66600722388705,47.71015968092046,452.72181575890994,407.5109653697527,113.05588163139846,194.43175164820408,376.5072571147761,423.29096259414496,127.70205408352086,405.5899162858586,350.350913833095,174.2301482831613,114.30229461818631,306.53968512142785,369.856598531985,496.60973828652436,130.24072626159017,386.8944392327975,223.3373765181581,422.3557748628311,280.70103749934594,374.80350097379124,315.7713476129276,179.35782801667588,308.1469662344585,192.1272867579376,430.9405736570905,330.07146211058415,439.8172431898086,261.679489790692,0.11774792448832061,291.82103407323785,439.60735234511935,429.1473865382694,204.5355796222164,175.1631111750655,112.86093990675184,209.26371037291287,81.25965303255694,250.25920998046465,158.77257295270087,37.16395635965131,334.1494796526477,363.2182700066739,251.84443075448175,295.26857312376626,386.13487940974943,445.63654168237036,186.0011248448604,333.6494056934112,301.5013523134866,478.0227541480302,363.70882396460996,416.4555856745415,414.6754013959852,214.8451898295197,258.22186837886846,425.5631156429205,67.0350102152033,180.27782507630363,290.11681349631976,83.67240609136411,254.44244278497357,311.24341541594134,408.26696636577606,480.7269418435735,24.18536447263403,404.34665169032456,30.795763966538438,154.33716020503996,231.8421986252719,449.70558854981624,145.88836277505263,120.23218088691279,256.42336559033805,433.8681904819797,246.20330416289622,96.05896599105773,33.068762796239824,240.85536492849414,495.68142419203406,239.8532203124978,220.54248236957397,304.36134571086467,465.56740223082204,267.94981181154117,120.15247765677579,294.7228401282817,465.9715074063624,188.73816627251898,347.4894218053505,312.2178645817646,421.2438517328045,332.83588493888726,128.36232242972562,102.60332737607413,40.66080844770753,319.8301034714705,354.8950541498786,285.97696798160354,119.63394385021486,395.0043758319988,438.3642185986872,357.40867239977547,126.29105997818158,414.9969547561591,341.73882466750507,297.15373524980185,102.18032207576466,291.7740068503273,180.96009009766283,400.36977983817945,435.7293958864701,488.1239620340889,60.90740207028278,206.54612172535158,440.75970597770345,72.5256509948154,324.33352370695695,131.13036166203324,71.05923028632965,210.43617861542913,411.3269594443116,242.449347398632,396.9445286131915,269.5396482608012,35.725643683714395,358.7232680914379,360.4015449088883,217.89036476190705,363.95023296932175,100.81598782249796,419.2599531468748,178.64328183654447,144.27670528366582,261.44733531178895,344.2904657221065,165.3232037573813,170.91160619208839,212.3555924474218,190.78811592400368,130.8624709591314,70.92871519373494,249.18403040443582,263.7373906826453,176.3776747866021,452.15046873826674,315.8300665738402,418.0674168225534,294.13317362388204,499.21001679062266,245.17484375942055,272.4606109427884,459.43646186534295,80.3061835111883,294.6438892456466,145.19817277684817,37.7445775889384,462.9824381849138,455.38329681706165,455.78008208407755,454.1823961663367,254.72339782063807,117.99691448311506,418.6133465193655,4.154857265377343,19.003192777086177,222.12622268653558,362.0581955569627,408.6527701753884,91.12173940515528,29.874479121223818,411.870878316569,391.77074753369425,350.14140866968745,437.19042399380174,379.64616172460546,278.2147657700619,495.8320547031393,228.58923470221742,480.5007537573715,166.26254812384732,133.99047683243776,236.74096013168588,98.37928688837883,84.47354433572302,286.5232674135692,101.49512757512468,97.17170382564628,139.0370704986858,359.436509462962,113.50771708409718,355.35241745169924,399.20615935305943,241.0810977924539,352.0533579978831,227.4971915850592,270.69329151510175,288.2067121413552,312.53156731898156,366.1972456218542,399.3068855718028,129.37776269625385,350.69130561852046,7.7330730856007275,103.51919272822907,373.3596782891903,348.80952332400847,363.5520922788322,361.0047464264323,391.6782310153668,153.2824821383037,217.36802822164708,143.64103850649084,459.7210608211205,274.3201907658707,307.8830344098586,363.64762123200603,447.7859254904482,233.5641358370189,471.4799576345184,373.07177129787044,324.27281222294533,72.39616770646734,266.47815459474265,41.212247078901086,20.036030786030057,75.37462657310323,235.76950102502008,129.28608751404974,229.79832445619147,165.95698786038437,429.42297444191,274.89920937143876,346.57058151371854,230.3653617739222,16.50090295828377,286.82234808602215,221.61238618174866,337.2313638244734,444.90456260830535,49.659050951564645,157.0178587246292,356.89109130375573,159.56091769959625,210.08694364495574,405.4869534399987,288.19897618644444,361.12235463852886,188.9549024091518,258.24247536208964,90.42752836917035,446.79336561800756,473.6028467243163,327.46722299386914,24.64913994233292,65.9652659368684,326.7975068753027,400.42398423549764,8.027195499913987,7.948233502080015,345.07048325786974,368.3726767245399,327.3612986636381,306.6136234794169,409.9629564620766,381.581811316284,286.62652711441604,363.35256427522404,19.728529978723262,119.34870189842562,377.69513776746817,170.4482996485754,485.17519870119423,37.76210808533121,474.7839661189866,96.03967936000052,285.0409434288006,45.463772391377496,85.46762424555193,432.5552506169368,237.617215859302,77.36644919647007,139.74604598563195,217.2595655375241,425.74471906426214,480.228541803821,274.5376002006087,235.34703718466392,432.42852290508836,488.5264953629045,144.85176112904185,58.38669181736117,489.75717412206967,400.65901219609793,426.0620166909888,279.023008261742,86.02750662767184,469.5007781196341,39.61760694122185,69.12816999752903,310.2781666024691,383.34504772333753,263.4117998883475,126.8438205702016,227.08671514123452,420.51740513466325,229.59058961889144,330.4848761146466,304.29864247432033,490.49999199270934,10.237912308741215,270.2733229630282,419.91036178225573,280.3820701497947,51.14718483643016,46.861287103035,446.3073318249232,38.95931811451153,114.76369467315273,438.996063886217,292.77477660908187,391.8240616193637,498.87177353497225,495.6254588161791,329.48363633498167,427.80497439239304,239.3452244230468,468.7791735464123,16.861313300673586,255.8539877816458,447.8168015924023,452.9625156062703,131.8299678572058,398.53224051249623,328.2293768917903,444.7723149287445,236.90094713558807,361.262238986705,492.54694319624406,459.67927546339723,63.936837961234225,104.54164957537448,214.60595293288853,230.1840764067774,283.5637104025021,274.5878636037521,416.54215757621245,334.208928031098,111.82943151174551,13.928254888120605,60.477921746598604,58.275371230043675,223.1830315212811,156.42023438351055,69.13954773815873,357.7470333197597,421.70344625270457,141.51868303578448,184.5016567176793,0.8809360891877116,261.1833744164271,486.1112196925872,89.1159413517818,159.6534400235902,166.08651009728464,89.34363145512658,365.971375140563,203.64003635924766,338.77844306939056,105.16322544554646,318.7826536617855,436.92198367064583,466.07985559172965,424.42008775418105,456.77903937574166,479.6749469060739,297.85531412737794,473.5535186647597,145.44591783596906,351.1196269002523,90.83022403026348,330.837124579786,14.271860150306626,109.11416394602563,434.60812501490375,434.745748906931,353.5187721520202,428.087392192161,163.9107839395879,465.2150623486722,185.90855539835692,378.4394235985217,158.4776132421583,117.86739767054021,159.0861197778255,495.33953993336337,485.5284572370622,260.2797515696555,458.6108616085356,433.62077108324127,75.5546233087685,441.6683449414335,1.2797459575605297,132.7760706579988,135.57473348178146,228.15315019579063,123.99879895548155,252.46044886574066,8.848492592147373,13.859573686547776,16.36257861519319,149.59899045751916,125.55120257135644,158.95684485716123,444.93084293432474,77.65858373005929,45.361385254400425,194.53130037454585,418.26419794455296,113.84549725319914,279.78844724286967,233.68317903192232,251.3891456537366,188.24296903507658,203.46102312418557,321.28662284885115,349.3991638712303,482.0227789588298,434.39836004612283,366.80808018670143,414.93074757027205,421.58380597809247,316.9745447844131,296.5413393394062,380.29419788581214,472.3868198880226,281.7578630323092,314.35617266575724,107.30491701431933,131.01827519744873,123.00466659828734,433.9377317645773,131.88008650751064,205.1169994759392,45.950677428775066,222.5972182369302,200.23680658581932,307.7277954220404,285.5963884255611,92.85330334613295,332.20322062993876,263.3622713327829,329.9254188369237,123.86001660669743,339.481505387635,420.0040778163804,368.1243169299802,53.626188676084375,307.54544984227414,36.73127978245538,94.09877535416695,77.79309987467575,172.8508062889182,13.951806801293486,122.57827785994957,51.11681625149206,131.53852403836873,38.848759454161666,470.4622702158201,154.4445269668736,291.0444702239039,86.53156244868416,498.62255836738876,248.79271730695658,271.8835269037462,412.73915484376215,356.40646942965964,488.8855841839321,211.21092805622277,429.8639074985064,160.18123996427565,352.7023292052875,273.3452290940986,350.03145264285604,36.349655853207594,37.63292806950397,333.9876392919632,460.33316375992894,458.54139766670806,158.3354388468775,174.51558071334705,192.07251519594536,216.3659160991853,166.7165548763947,10.390568471435824,484.69723257175593,222.49364765883743,249.38535850100945,144.00767755775513,4.862519821149325,57.45326744419027,375.69360920359946,193.28265077367175,342.66250557374667,3.4843738430374582,251.0485329999917,438.37133913679634,482.5507833881023,208.38719369414198,194.69803594293433,110.13539975461451,367.7647230247215,380.5238136385917,438.4481890027487,282.4635814526704,375.5150107289893,189.95372937738003,11.181549642563072,150.05965556119804,84.68337767649497,179.1125777956761,163.36115607912848,428.92266860295024,101.34358943807776,296.2629698405934,280.1247181892321,177.51676646103948,274.9683193852281,469.56741772621797,27.70948930313194,143.7034323402318,497.28742712278563,378.54560864712994,185.0564359667305,431.0041009551485,218.40975061307748,310.74750473276606,37.51143186842243,312.9562112610764,45.72418252389049,229.6041888185964,429.09168864008984,183.4927881527258,13.493860663080392,46.67381925186548,191.51282363305617,353.78795713877713,207.09248442438772,440.13742700657855,499.1485003346804,143.24098854913996,23.11243916775868,178.9774091389562,395.45873274605736,495.7573847661538,109.38094492055473,314.29735969558345,144.2776406322932,465.783002408857,29.930131243185055,3.516737116260382,10.81092218551466,131.64225284485542,421.8354655080571,423.5283160007136,456.6195378411213,360.56505477637734,403.30953507789127,195.80085050649865,242.94136061671657,182.3376272997421,325.3557776946636,202.06691440290203,304.98326844649927,15.80053459493136,326.07976320125357,348.8946424549656,308.77378582925047,256.1033631386268,384.3609943827091,150.66683776270807,51.493276212538404,487.79480321912746,435.2968453066272,177.0950571647119,387.3141854497698,259.5627347373673,275.19173140558445,388.2655607056477,295.65692881235873,245.0589898941196,301.7935051938961,229.4614916175813,33.16348694438187,473.08481335250514,233.01388793837341,369.6446484609672,319.6337234926683,390.0947463181408,227.7075423185183,230.4029403324242,480.43933343915893,106.33726417429124,469.5735618687446,392.9419382722086,374.5690074714947,299.280070943296,475.5964629571473,43.50684299296687,39.514499027889,459.9901278856002,272.1777662184868,181.30598168724498,195.36907508644862,475.86207942430235,123.26192980399603,296.26250527668486,340.698095824438,114.18861966911686,9.250480932079475,105.85733274532933,87.973540475689,223.9609406874667,173.25468334168414,232.3633967419221,380.73938221697904,29.454898865609202,128.9056165017008,159.9509645992731,81.49352307569224,431.7132545650598,92.65537692226128,438.8143976851985,433.2924322256271,146.0912423331235,295.1813677258224,319.6264513927101,102.11237890387903,337.1237024751781,124.46347289073317,387.6086224158011,339.4788244237082,483.4192174599968,208.2408978559203,477.16546503881386,262.54088565464747,219.8613107952974,66.67483470858232,241.5887540431478,408.0239959641459,144.78014317307532,10.973997143241599,223.03430814446295,278.01380974292175,67.60632959444446,440.658296996162,223.4807611275622,96.88069018727697,494.37710518864395,454.8460911232647,387.25014309082127,94.63275450495323,378.1497255237754,143.20506266313427,276.36628610347867,62.17283422141951,53.813236635080145,162.89997290158848,128.38540279189115,320.741059774117,220.85553561072524,478.6463216804013,382.2644886954889,52.53001815213626,18.255555380776833,391.422389155676,493.763779941883,224.02289307988744,441.3092469640433,404.80925596303996,286.65309680063814,442.97442347723086,323.60128197880243,445.5414164925309,67.6987171665841,233.25299852396876,181.13486817336926,283.3835209235327,324.87162211478966,243.5764468045386,61.65993805972325,151.17733405383572,243.81369871247628,461.8326180944957,134.03783841332222,36.560369949366454,250.54610421607464,76.9272528832472,22.45919125031942,58.55115238893382,177.02537341701174,184.19246541135126,236.3000752207362,466.7603446253207,296.7151683199078,194.73918158344244,137.3526505267808,383.8504236966865,398.140502066388,397.38103330042645,257.68202693601233,306.52112671012605,120.14851523700793,371.16913257835415,356.00097437872347,340.7763204270966,470.18628172424087,407.18438950374946,231.83705218788785,454.294591532366,392.22373706938464,432.94865053153217,219.26094305536182,485.82730076210356,100.18473760587848,91.15687844776843,343.53033736266104,49.41650499728212,275.11344283730426,111.43559585706114,251.16546995111304,35.94938653118673,170.4174704283528,278.59871364554795,405.3525838433599,294.3460266499435,214.53210979542814,496.08469184002104,78.28363239894237,32.02991067579708,115.95859782453088,292.472549288729,195.99013612772836,53.25017864239501,277.84151238664646,361.3337314869692,295.9206408821385,212.04367936085094,449.02881074372885,163.7542214212832,473.86245477509965,164.28747021179356,369.61914482249927,485.75094800906373,18.07995378932892,49.49804008949038,373.0502808863909,29.259810692043143,322.1457344390572,31.472109198618092,273.3300008429293,3.2718061118594544,435.3385556710159,429.1897094479594,67.49226840149386,493.6238454461192,427.7186255828756,343.6970390143115,40.511075180270026,76.13437835745007,19.172985151274357,284.28021835644824,125.19613321457435,171.58264182213728,292.89064233366383,464.0268262041807,74.92981762558243,198.27687250900084,177.7223804415386,497.64525640714606,474.606435123933,32.42651361691795,29.291667880377513,491.7118889920907,198.9786289595677,27.201770489642897,174.9402621598587,499.69018518128996,105.01279476216946,276.9322575309125,143.92296820248833,306.364965227041,53.84484146640433,208.64082852225923,468.2425990085851,393.9966415170586,177.23987379021017,453.5684919387028,453.4510784728354,87.19103776874654,96.22610488340932,231.3587086428009,190.52563192812238,368.09227932462727,79.49025232220963,9.623200376599804,217.8284082893071,323.3365903652552,291.7743053155334,330.9742221641398,497.43246535934463,239.06197484531938,339.8767906949362,244.1939219083654,162.13781394826847,247.7752302861583,484.26403328439284,481.1398800391933,181.39248098984635,477.70961436120217,21.526114203842095,21.236953049039887,162.23592006537086,256.04343741342916,57.31037295027358,113.93338585237316,10.14243025883188,164.11834468933688,289.0969837340755,164.62560729412945,219.15302181717345,129.89398213221688,167.9131816747822,148.1495413591718,61.04959477050526,436.2538590493624,345.5483703580143,367.2501937148354,423.5079396105629,19.07462815859723,11.146125529893913,149.7647068951941,364.3622464068223,32.3582865018891,366.1551697419487,429.28981713864886,417.12942973747727,25.48457456033526,276.94467521797645,330.67198794916806,118.72961394381032,296.11460692769475,238.71159259609902,477.5970277882989,451.1248055595094,162.19465119787623,335.31390641079264,140.18045266562518,347.93903945799303,125.82740960358973,16.642988873928953,256.352696664886,107.6554112362349,87.286703420135,296.4675665092634,162.7773167596333,220.58003804087727,43.70427906341939,488.41669235630155,482.18366733672565,37.80816978543322,157.9477549053619,100.16048686298562,124.2256648914033,103.97304112584938,105.94975348715036,412.7572052931739,181.42436409222256,489.6401390191381,377.3151592733774,173.7091302701042,88.92824371191944,131.05725123541035,41.920293405892984,52.90684909290061,469.96891314464943,119.21092709487475,439.7534912447745,429.4446864171016,385.2287193798119,445.19125384076284,26.092037160366786,497.37896803530066,183.84359363926018,51.636034012686125,111.74986229890865,293.1347800773381,19.465386980327683,208.8893663623226,438.92507098569973,364.8347054996188,468.36982864585,107.3648758020943,94.78090728076799,278.2132302376205,130.07170502718114,342.90591559736276,3.7716225646129975,63.44423558785317,280.4072317107886,457.69556214696405,432.56627214192173,207.84094296271448,409.9179969474489,94.91678867526171,34.67344391561472,118.53854098258165,50.44824056109781,434.6273759046394,390.6740412376326,196.42373337236313,275.6030883412059,470.0704999358959,152.287467253625,477.3236549770908,418.7647515689092,140.2533917023702,160.41740728963654,108.38067619100339,349.26057323258505,300.63995288831114,186.16845656251328,231.52669567756868,165.95387496870063,66.26240252364296,246.77945989222232,165.88781040862554,102.89326441620844,390.2477092661154,466.7619641584406,335.2428900659922,488.3789381990668,412.55704589451085,48.86315337775527,328.19080619181045,17.48121427230781,368.77369198376965,22.318981237393064,333.78722081562347,429.6933742509365,243.93917140798428,389.45469539234193,15.88511188219871,408.46936657530745,204.76323163785827,138.76969641514054,226.5611250060135,51.25820681672083,28.166942893598723,45.34493892216746,471.77055262037493,26.250753308170395,381.15884687202225,24.66768620732057,27.217217797364523,388.55625433141165,404.4047025054573,467.0066874371586,58.13167524315921,280.0441541329112,413.83529800187176,25.76005122639291,113.1277417656173,449.8236498545482,330.23159810621416,489.11139034218183,125.46803817150636,251.04530912422024,191.6526182392488,61.47319172007515,405.6686996949117,25.95142807558387,316.4634619605247,21.254990851392208,132.94685332538032,204.5328669475046,350.8066441421926,118.60676264282094,499.3791619777814,174.44038307281616,373.4009964617435,475.29725473948804,155.12876913784334,20.345767821606408,116.62608414668685,269.9505187700528,384.51020085490217,38.526159049905864,427.2867513093179,105.13240045142574,357.7495317074216,7.982281166866223,442.1260108928743,226.14843433752003,125.24037364281571,115.38018456745974,430.30267689042245,158.32795853385377,345.59600074365704,147.0854846139899,409.40784497433486,157.5892822129693,265.8233455956651,93.67202911396045,322.568943790771,277.5032370887277,303.6481976693357,119.81699165932302,15.72154124612235,352.7540285911585,367.5635512211525,100.23525166693365,116.19747465568447,374.1384540680248,307.18797618398753
484.9268804438518,392.604137203416,35.440862530508596,155.2447662728948,449.921264141316,254.40796717707948,183.06554094196375,465.7789026503192,252.92700212742415,178.60594188251616,201.92372251073255,481.20314073115236,371.5557563478613,248.0371907358299,306.6475098534897,322.58605574235423,418.05246933892437,286.0847990981378,60.37190718058738,421.99997718884663,149.82786584018632,182.2580688427488,73.98767397584626,461.5004849557714,281.60971976401885,381.1497782927521,196.10630565954185,86.73584716005239,424.92666952032465,7.425191149099842,395.79993693010636,356.0728223986953,233.05627917284383,427.05135558258337,255.84698684246942,217.37496435441122,318.4427097571456,475.4239613121235,240.33212381007718,108.54617038643427,104.60757404183386,233.4852377843611,228.23912029281084,312.5902939543079,34.01055623247795,243.4775996887766,399.58221581264684,383.1217047731778,309.00598978823774,187.3363722928092,334.16784746353125,30.414642989622042,77.75115976817249,458.7514394162811,63.432919610177215,58.75249708212843,109.37582642172843,356.47807701003615,178.60251520708647,255.6122261460708,233.4374961092753,179.58892876893563,421.4152703474576,124.46561129648326,312.30281282250655,80.22652199556029,419.6207522260667,124.10375850207345,152.26137383987682,62.107407894995134,130.04046937547236,453.4737433200164,165.96069441828448,395.86303793723266,94.18906530165965,115.49636291871195,298.5201120920303,257.4686279738976,181.22915657277844,413.86269063504693,175.47471122520608,92.62320873661322,262.3008083736208,135.6390794855577,137.77115060551353,132.32968278051067,313.63311943396803,320.4561271838779,20.299382152574765,135.66708866774357,127.47549962926574,406.8684961887798,414.18782739898563,163.20971459095952,37.928589251290504,87.39005939418787,242.43043333527558,158.72968275108218,241.4614512283183,448.7516606799578,213.50066913909072,178.44499253847025,274.69950093739266,206.38526073025375,291.52631177403816,81.09458398638003,55.01336462862461,324.49512161164523,27.380553287979726,425.6199322042423,262.4046476833625,313.94861357334065,16.76749340583672,325.057473480391,52.716151089045596,347.4328444915458,290.68108641575463,126.84076339880279,418.0171202935105,450.70203643037604,468.27723048192934,129.9594601201368,249.76599406201217,232.2451633935047,413.1268763598296,347.2602242331788,179.68893130073505,316.4861843109887,456.2299105158899,329.1359154933347,115.8054411994362,183.2012725242494,318.26985692507066,273.44913221010825,164.805854878135,368.71299478055903,359.6223800092627,327.67002906000926,484.9062684252466,406.5301905564741,95.28021030469274,419.29469276449385,344.66026306616044,127.55458393460046,119.62885810500973,495.5226432123445,189.5133956263566,67.01946193945862,407.89988281953737,355.6597400874624,384.897898055264,351.47647778127254,108.68202038414604,266.62044400743514,199.96210064587345,233.6956436228919,316.32693141473845,187.86501683922947,52.05479031702848,127.97186950295541,437.02271249741506,496.14064566272486,413.8914527647779,135.15066010005467,35.63768506931092,359.47014240686275,206.68195313367943,310.53483688089693,377.82206687481084,355.67720691889286,133.31029449310466,81.07855913792832,19.705419787821643,433.38372277710124,227.36117272204888,442.64018715866746,302.6458603355477,253.35659677067818,450.10671985118864,202.69373647630619,201.1556101715023,480.068377869018,10.333686584732437,201.8910089785243,96.93039531051411,457.28238704174055,489.75008890658995,325.73281642218706,359.5269390915964,32.48387960722482,86.34317636906303,459.41141162419865,454.00787982900283,380.6752479812758,359.7746627838869,375.2912707439273,69.13709767224502,61.867699108608456,406.3417832834703,163.61363615779678,220.95351938780306,210.1192599267508,337.81292508056384,499.4246167804328,228.00354400288563,195.21451402352318,278.84306822724284,438.346786515953,446.9592609765898,188.39627707380123,486.59855219428533,173.08439401990879,87.3127369480332,121.94302872790635,165.29217496625054,164.246961251114,262.1414082736325,314.51947452592975,229.39012400336645,274.42511126200714,142.04147902036158,186.81292286217806,385.2523244579225,401.43520290536947,44.2753950353133,206.11263120255924,107.13084182592713,201.6850753577899,281.10000182145535,43.14944987674663,261.3667302397205,0.4317166881701029,476.3437049145141,271.1750554363214,313.4575681751692,182.10074232160966,88.41620033680947,444.26921956181667,460.4431849211607,278.92688979097557,166.70813247325378,325.52539309119965,316.2932574093007,23.60057888390693,452.98988514120424,378.2760929020591,254.82573153711525,186.695929575875,300.517625033914,111.78203833175787,393.51013697055134,260.81941861277824,100.3277834428652,87.42829111902233,406.54830699126825,35.028885564474145,463.6640756343197,452.4229794916534,332.4248036616677,439.48904689817306,254.7665555720296,400.9109337683192,365.3171990142417,256.15981568598323,64.30177915094376,136.15397258946078,271.98470545699524,332.8626190921476,110.84989051936239,282.7678812619167,472.9089574155573,221.74684669651074,151.22336106262657,488.74790979498636,24.2277263285402,471.1160536049392,45.901049803208025,447.77184894937614,77.74580821877419,210.08036033217203,37.14083041010857,440.299441898802,83.07348563192075,129.16728963792406,144.94341948417633,492.35998478929025,259.35910120032173,61.571951535201286,192.64585305386933,132.8926586908002,166.92300481301982,30.691227693405267,355.0390050873435,205.82514163600746,6.095826191984511,148.29564004812602,498.54287821330735,56.514064732879845,438.39057414888686,479.1599107414449,264.2005693395197,285.48555929991994,234.27642727547726,425.3506227828152,196.97250903651974,238.81916528235715,26.349194852123393,228.8261742833978,29.30043942484789,284.47817784520566,434.5533337929849,416.62973761713346,457.53976344902105,376.58006057379646,171.74846185134373,380.84489858682986,433.73008263368587,437.1001902708241,7.986421455203563,380.57814229489543,100.370423604216,271.02105779507974,119.96831781231776,28.13188522098009,278.35429153429345,56.89295282769907,420.76418245680617,430.6321228349129,23.381162494490404,18.331251288590643,277.1174342444285,308.49015849986534,472.3499129168415,425.87794975287653,422.21259206432205,152.81972124133335,19.036265904553318,123.80617522862664,221.0240848737932,378.7247142099476,288.54193782552596,55.12030375937505,110.05686039500512,269.9517421255164,168.41688153193817,217.36601300623937,372.0812791059106,438.6306267539435,452.1113770932751,479.4173180559833,251.9188316366474,167.92608546293553,242.62626556484412,18.858565818088756,398.3126722765082,148.6420258953658,177.17474705413417,341.31777420009024,29.87470733320191,185.54938387557158,232.8021576003732,310.47190563489283,497.5100411461065,109.80249210798476,104.80577266407242,3.985258151964377,5.9107427863228645,191.8113586689703,131.16023329811443,164.73353598014606,294.01618964838076,52.1259457086427,462.82045182693906,313.6549852987675,86.5862437129502,314.33088964365584,158.61991169995477,14.441646125560592,47.60530685431075,289.10890355887636,317.5120639410812,86.01644255531238,372.4317852430903,473.08228399579264,239.73587195371516,6.180928084804583,394.3248643870932,67.08020639537988,405.84943121847897,165.36541430795555,445.03523843825303,92.9961072876836,350.4104237231684,116.10417343355756,494.5694512432883,420.2778998396772,420.4951736918344,233.1255570213196,300.2525874902573,347.1113454574986,34.51661033580478,488.54794551010184,19.818329732152527,57.81068045973914,321.8565960165014,482.9862885863901,159.2249283402193,175.71669685611545,445.7234881827004,419.8916357703467,194.84387128227766,289.4478272291126,452.38685769459727,275.04955506760876,147.96704427859697,81.57305019996902,479.82671722911095,377.3563784218786,18.25618169764176,153.72253409857746,230.82936558975297,266.3412974983304,443.63485850489496,277.41448541044446,5.840713431781275,349.9744582596093,492.33424757396784,251.30350877203279,281.386128206869,105.51173797192392,123.43988654748856,18.11746362765132,63.15308544443743,366.24115717397535,354.8742535463868,425.7382400593539,455.83379525727133,369.2512030065707,233.1901324333259,288.44711388816427,11.81185745272778,115.12561501863617,304.1626961318504,480.9192668676887,265.85288153153454,256.1031614398644,199.37848120510827,398.92680378078535,159.0212253701409,489.5191437418082,115.60909868628289,232.36778912405182,146.38646998275894,241.2244280391615,337.89199133926905,191.29421415316094,3.5222190681562515,45.39266881788062,482.415721059102,98.44099163135766,329.9244384778522,259.11827189906603,64.26426331700341,468.1164556356408,91.03015830366923,187.80904133793686,67.40609277896908,269.2706226779706,331.98665393538613,277.88750259112027,197.42362134094944,166.00065392262454,416.17639884642955,149.79115886627403,446.6495895152425,368.29576109948704,159.84858204170487,198.7975253307881,493.09943990452757,30.009818470352446,439.1898820063692,424.28714698730414,13.943702486566456,284.9315677646073,146.49843779210275,251.44609079436276,29.512899884670986,174.67537040542763,123.4216110268106,317.79597422731797,12.852639490087414,291.07199461055427,4.767553195910601,328.85434441182406,156.4806705443499,259.4425983596771,398.9448897751512,140.04972842430118,42.46085479557926,219.3106357636373,479.87419961967055,336.38306256184075,77.59502636371634,456.2474613082029,283.11738873636864,419.68264317562756,269.4126555462359,427.7143030898209,102.99900384638016,257.9929688783254,165.49098878730717,84.17302081775341,195.78604124358756,93.17394740801782,194.9424878500603,437.37869574884786,461.9116636800997,386.46721865514985,86.78047324945548,373.93020015260527,204.05298051280153,248.86906140686355,440.0634045918153,340.1839624473497,374.27222213558264,404.6530015379523,440.2642645477276,76.86381758512711,52.17199683433621,54.024448093205834,153.7078046860738,83.58680353181552,3.0468197670841524,382.5390254527805,425.7437863048048,25.555627484569023,340.5299968019086,96.55871708627694,126.80228602335546,478.57878108154,3.2318648330893485,465.7988158731166,262.2901603026056,299.0134520985726,407.83433062671486,229.47768594415703,217.9052260064343,103.8474909273967,214.0561420230013,132.50751433794395,209.56251767287947,161.58269297076626,167.09472840357026,332.43037524304657,59.902501266022256,266.9871642308264,44.865167244152296,153.92286543042533,98.1113209003689,481.82853353851095,144.63843179551367,134.2380492509796,383.8928050970649,230.09839130499344,341.91283265874864,258.2741692690521,135.33214088126306,443.8303350222601,368.6468759580677,345.53521083274694,118.19106887983766,147.9491701796188,59.94259383439232,379.2171894490437,177.83426094370026,309.0928034093057,286.73497353299206,397.08344602594843,477.53830859164816,57.79025188154247,352.1439152423164,130.2773052921688,253.0082333978167,70.03875892188977,94.78100732153865,406.5896536296128,424.79731236444326,288.07600322384354,99.78872661979477,279.1173214333127,431.5698291441817,164.6518101661076,234.09475841075482,124.91682111706548,192.293034888532,130.64423502296506,38.06804475845005,451.34336381098626,240.00709267697556,472.9766955852229,22.442393596254327,465.40845329725164,114.97978532226143,191.45196712661627,175.00191057440023,430.317353571469,345.8854429979822,68.33802131391259,57.69488135706907,48.89398341975609,268.1498955743735,251.43396148129514,231.82374456898108,84.10420768098336,313.9618300246838,253.0255598552929,88.12066545525649,68.96275585595319,453.1598835674476,415.0191950854323,45.82808023174761,218.59826208036358,444.86283705406623,184.3305649956405,347.8685548936266,32.044352864598835,149.45578876951754,253.88552448475065,235.11983365384486,465.2056418447665,481.85614704601124,484.53141101222155,83.4702460651387,279.1476834263581,90.65456174907376,52.23292400805851,21.227492468443575,92.49613043342664,383.86070349144046,219.12083816945582,413.44438353508224,201.7864855596328,366.23995098917607,400.11037912252846,313.59973083416105,74.68555912641989,34.80751003503851,206.26701245032652,272.13851838692347,59.62540885868778,161.98011728481433,176.13522921629675,66.66905949036206,328.7371287338898,454.1531591870621,470.0820248892355,246.5681754497263,211.86344262390062,429.82862590033574,90.70324894143056,364.9867560653368,291.0708259678212,284.6340406464101,194.84820180885592,436.6547531367485,343.5248456503318,231.42677783785552,357.4902893698834,168.09615956625402,480.00469548406556,286.0391830794637,91.73519861683604,244.197601687771,382.3284297164235,82.08980661766057,443.74545557868555,36.868246907941995,184.69048491522733,336.7491485223904,443.7430939651468,280.75895321599177,34.121924575991,413.5325622429349,486.3343004482813,268.38705847067064,106.62365710622996,40.02864522709282,383.50362956395065,11.942512154851425,250.6078496668525,285.16855289493213,159.4894900820648,1.5579840027648562,120.27163866068885,498.6031536192235,398.4302086951346,366.0176395687596,163.20419508680712,52.40502332842012,279.33269228933733,472.7375641624896,164.64601607780332,221.46071908990987,204.91054170503347,470.35918092634944,127.49443099316504,1.2601551784287568,301.63430062789,378.99051637026645,305.52240203220043,19.838981223989414,193.11431010831907,40.76551714493776,271.1826200835657,150.45968337552813,464.06097194467696,139.53981348512394,422.426107852301,496.4139408427326,479.5836842268019,165.63020290966767,374.173851915432,342.70886269182756,118.34168583851485,399.240280059741,208.10870661402498,488.543129807354,247.3532602265911,301.3724910794685,1.649275828015162,17.133511388865706,37.006772035361344,265.1788059714201,234.82076452168837,377.4108768609157,142.17357206981885,240.67035866963414,236.3837367280555,170.32700508720288,202.08410519426695,389.42996346139745,261.3484301972269,217.30407179696394,276.69857055739146,164.78087072564307,224.4254310240443,187.2601378074389,487.7892748996282,225.3517553313132,131.69571233694438,408.5639621477328,185.9364985306089,400.0627046151879,444.96643605069863,448.4073026984906,125.39761817861722,368.50998465557376,416.3067189568162,482.45974062668046,244.9520046249717,401.50998616509315,313.46801210443914,353.0289940494169,187.90184836794222,484.12053183372456,329.1861353942308,303.69548695435356,393.8777196275291,64.42515248615965,343.8881312728578,94.1611075528766,392.22144946023667,42.269654629165984,275.12666615984614,180.47785593407295,129.3300293423122,206.8577963152694,218.7559996961611,498.5076904704642,315.9040368721071,133.26109336058738,389.6162847838228,294.24969706600655,328.48324614102467,22.643833048944796,210.21348199202217,413.9632667291956,183.69872167087757,21.187028894272096,256.2526823213384,82.4984446305631,78.21648577387718,374.26411545633755,12.297386720456716,281.78952477236953,302.7144027114877,325.22535942622505,433.31238047859796,176.80936536355384,98.73034080746585,274.38282942915356,251.76948932533531,162.6397105037588,55.01739454973775,269.46226677094876,498.9010248954713,151.71606903578333,193.35275803772396,357.49203227524083,249.03878193902884,212.62809857963956,351.4796895991889,101.68300572605332,258.9230202222688,490.1677249181484,324.04191392854113,244.88064658918273,228.9372154560304,457.2074563155696,20.446057575510213,456.03685004790066,405.61505957555994,219.10936901629452,487.7253399630828,351.4106787784331,245.97570811534496,245.16574650501843,417.7139493826254,185.47373274455038,302.9781772784293,152.2031952210307,60.365202521975135,479.72733448142924,281.36210014606274,191.12257427985634,9.789485546434717,163.44377146669882,16.386234864089854,463.9466743574628,225.577321907579,86.4151729249874,361.69938426346715,415.34440674943033,456.7156411549048,84.18258353447389,391.69275532936103,339.37841267398,451.84279773715707,334.4161644357559,346.4161545805241,108.15714137791332,199.46232135576298,270.25846334974295,16.711050178902287,462.44602663758445,42.2888547660144,412.0251418832279,161.40244455811313,404.2304999645995,14.321364918009783,1.2458921651891663,267.45896051312826,47.77467358012139,318.9336941082236,163.22423622921633,2.5769471408085276,364.2597115375663,273.0306175684571,44.90865173692155,308.6489297937325,320.11536505140896,361.686149382141,450.47460391787115,265.3743321337028,47.7888180050306,174.61400097927282,280.9165159965281,313.5792216923842,75.62187730934372,358.62008642034436,17.696216347008853,412.71746300999433,287.5052191674743,244.10100436987798,222.5119749248146,309.58972473491997,168.7653274717123,331.3048019966497,326.21409260573495,199.42759947674526,130.76659300635845,129.3778943195115,449.12380714254346,454.2384421492027,496.63411084843966,198.38078932461445,399.7012594075322,58.6904060005104,411.3467325643315,391.1463866300486,369.7339446531409,495.774153220501,322.32204945061943,467.701174402477,118.36910895969815,285.4120947807867,346.86667820157766,268.23932146430167,351.8366077483828,123.32005483685398,397.7839547834993,160.67499734398626,10.954763209456708,326.2992047000924,19.577113943564093,351.173458861191,11.186569938515357,221.25630545925122,97.46035490355808,492.0541522712339,318.87440877461756,95.31193387391245,489.0906953409967,89.8709040634424,305.394375388282,190.58658351179287,317.54696137591736,237.40151745449413,272.5749146401715,75.73879437551012,277.744935585541,81.32400918346883,413.139998007903,470.5784539154168,470.82924072382787,187.95099335765536,417.65155216943555,65.16903520859863,134.69609314371567,74.21187006295216,384.07926489519707,481.9052727831218,375.80298223716153,204.50175610797112,421.86272396230373,126.33604592847536,392.2647913917818,250.57070877464886,128.02934210303778,488.99126237451816,117.18361679345097,102.45990795838472,201.17076838413718,409.3293099686525,27.197253438564882,13.530429050079007,174.64315314675034,488.1081960110567,169.1437804719706,68.86442552628708,90.88016590652754,60.05685071796402,475.8022144353175,485.2466260975751,487.38954993357095,237.493835221457,198.4830951642239,292.3486296451905,282.2198414083186,467.9421413594119,261.04531970053694,438.0194415829811,401.6783456137371,249.3506205127113,50.00820173267112,203.11878416935332,10.124050708239519,87.57421261028814,264.16453438584864,333.7096514341985,419.2255667158865,102.43566304435004,346.3259954329649,408.3056602328032,466.76823848320686,121.35799616985283,277.9592165191928,184.90990281318358,182.40792714195985,457.9780788953401,194.44038443065102,446.9597674417991,149.51142485503166,107.67613984786794,299.87393827074686,104.2954164342178,68.63568062276937,114.49762225201926,293.913376351411,15.498588936301683,68.70246770882687,270.2720757837631,262.16854663235785,361.45274454988,55.916368668178066,482.316134231042,350.6396454076771,65.79574819637035,232.38539168743,313.507820325191,58.54487737717739,149.1163408366184,449.6617111917828,314.99001529042465,49.97679589501214,247.8253794984375,223.157454867632,286.36009072529,156.97189806655294,295.18980895633297,408.5994792674624,189.75031934566584,32.367153827518536,175.74534014379878,144.35976502744052,413.0543883476664,490.8653744762117,6.3217628265418995,279.6557090864051,254.41968199828779,74.36562718060263,482.86486101443535,387.406366050732,133.65626723200984,354.4348482293662,447.8789020496994,394.7786527627062,396.36369528192205,197.7972730340638,207.80333928502858,146.82285225724894,316.02824686391364,464.8259171838277,318.64767308519816,134.19642062045634,423.1741618694803,2.276549286044982,89.77861983621588,303.6801693367227,424.619226601797,298.00433417267607,264.97066471644735,389.3894542320069,295.5306578813706,490.5604128491651,82.52418126219719,194.03963896149534,444.90379042575654,185.07369053624151,50.009996874260885,209.73098201403138,389.4082706457891,265.8063765086034,269.9395455077642,287.6435109701544,486.1388419094103,57.32404920830714,129.65932932631108,256.3825843200385,59.61658010749527,380.65097671439327,58.82381865175213,422.0611418935563,407.0549529806712,381.1860982660726,450.7074003586833,92.97479073262338,216.39454698818895,37.616431030213946,245.04882053891035,399.2143483302049,148.13667854507224,472.38300696482145,2.471864237586885,19.188523742304564,161.82326456378038,484.52919449151415,314.5932624512104,367.2069260032425,317.3699169429561,173.0485683862888,247.45140466901822,243.24633600894035,478.7874126291491,80.42168574945696,390.28323596319905,251.37081918907245,332.0745744544731,198.53598636034835,300.7252426893368,191.6518730126313,292.1298374177471,210.94537947501868,118.70708520886126,281.2192381726427,373.0709357706214,17.847945630899975,136.66980276710066,319.8268368418629,111.93308992511581,155.0085515144141,374.6199521886497,173.98629513493137,326.4732319309737,171.14020051210926,486.3223308551586,126.95852354390635,397.0656411535925,475.0159914947408,91.64096017724921,350.93703968592854,116.31338331351876,464.0202927930208,350.38524110391916,158.21379706588672,158.7224256635924,196.53494879460098,488.0609768920262,20.929608599419225,405.44434744232177,39.10580477587078,138.16779042560484,224.19566769577193,172.43191085313802,241.47171269961325,279.3882108487526,339.33168275895196,348.739273310712,178.18994904502222,150.315633315958,327.3005636876538,399.38130998110705,216.17930253018997,202.43731205404492,36.588140091920906,462.9520287059552,311.9937459456621,107.13017921233642,288.1295588908506,10.598732595024863,175.1739091943342,369.3503880344652,368.42312785803426,403.6232316150498,91.7691468805839,133.73648136300352,324.5302572358643,417.2638659038018,300.7890065796439,336.92673238688326,366.02363988278586,464.89159424799124,319.6060587844647,64.8285853871926,378.20587928595177,407.4643878801692,411.5670193101589,213.8642800961944,497.23258863265585,153.90292145758156,211.20986836956612,376.7929819345615,129.7531894420814,162.50336886719418,457.1623377320383,66.66073614633721,259.95082221335275,261.28728281851943,202.12034730503436,134.25009393260885,413.066784694696,172.5272229596741,182.24511126958848,49.824054916137115,19.832827396737752,120.42993486337866,125.94713203921387,216.28191301282007,150.58807168193766,414.26901627889237,86.05188714722512,172.26741260378935,196.7066382604865,304.4211436995936,37.906375744828914,354.18048614892064,105.48631055748648,318.8832782213692,110.0368085091743,172.9261119506499,286.5045742735086,257.76980137911215,179.9833523197218,374.63083729538283,0.7641715563346252,22.864934192889987,58.37508127372293,306.21860555700454,57.45953755516192,0.456028835001121,469.7745773846854,193.73274888670466,358.5529833766701,299.72839875209223,146.28857718948285,271.3711282105543,93.56472073578631,373.6458714194213,239.36239767912937,368.50436242313117,355.37886630429796,155.4655398177467,300.88898822859744,280.654686773749,153.86351625186674,458.63143573834395,201.08858780848232,459.65557420750815,16.20869122149665,10.010841139453996,483.34913790421143,350.0647961473658,132.48017834284494,235.53156458256086,61.22018759609637,472.41541763486873,365.57542111733153,365.0426655984117,247.76143565002818,168.9580384444147,213.9774095913804,483.0731879637822,191.37567238779206,301.98995523519505,190.4408364474546,446.37989821149995,215.29258586414167,184.52013316645582,148.63497458278863,76.57991066024572,466.19602657889095,465.32515671940104,123.95852497070625,171.1268643013492,290.86131354991994,261.972111682249,139.26418295378485,319.20740668858207,220.21431716676705,79.93968690092574,361.8797500832057,325.078727040689,311.4022439657595,119.16488036354971,201.80095495610973,183.62820006455365,366.7782416571944,138.50461584686897,84.3476488494056,211.62072136217142,189.64216365261944,322.4172821007646,60.54850649379334,106.78843831693963,397.1124873177346,446.49294886087307,62.13618756609435,412.5914707177674,221.83724509442482,25.834974982064107,129.63648024679887,279.9027235558128,374.01421392548275,125.49993336860888,413.8563970695922,375.62130701851214,245.18007163305433,223.60245048237377,132.5123184331804,350.4977290507151,81.07446965384536,131.1727073387538,73.00267920248999,101.59065356472541,308.93041376741394,93.54942137081463,384.43651762517817,74.67420362348781,215.6038227778353,113.1963176186383,249.74726383859436,405.81194130071344,241.23131620683662,443.9350798904287,139.11066614206914,205.02873453883512,263.3116324454285,170.57415929980536,356.17242858366876,185.62864907646326,437.99883735179304,357.7801356894978,290.00640779082397,169.68835002367265,315.83133997075976,409.11120811987223,379.7118965517645,188.94122061882683,157.02424134333555,61.27674528159932,230.75524662105772,253.78992375033167,31.43612125318429,72.53943080931596,303.7642050994922,67.77024893018213,330.91105945597275,311.1149229283769,225.08331650482222,198.13355325869875,163.94303947376164,221.93586604590308,287.53618947473626,378.84115592110777,393.24203765778896,85.66234037246451,125.47690183575128,425.46079162342005,6.61149403978023,113.50297875229448,387.9848242415753,49.455955419852316,467.07737833311757,19.448468051095567,459.8886050033872,282.0565469139625,379.96079347693865,104.08582197021981,25.866774025149695,145.27612419974784,50.86364734533849,197.59298307582696,444.432725310921,61.95310718872465,459.2477728544881,197.3586079382772,429.73281341491423,210.58470187610246,294.16223994935734,101.45003141461456,109.60001521132229,398.98875151749496,64.75979683967608,243.85689325004174,0.5265455914128525,192.86862254273245,195.33336815838697,309.64076753097976,206.12435567833742,332.38473636578817,241.2656987330713,290.83323250861156,437.07796737062677,277.0496016216956,180.66459516094667,12.005750108702863,241.24368469094398,356.17996781556354,107.72227004300939,423.0746162075657,446.7366964060832,78.16292575173073,463.76955655560783,126.79297617254953,483.5960515591,82.99770352505081,64.72163757820154,364.9063550357692,45.18039673402413,472.26548481914756,161.77491034582116,367.2921008275098,351.4223849417301,211.63357871632866,74.27101474413995,0.2470858968036116,234.35484257054685,30.562018347474684,17.815396113673554,432.24099573550495,217.93077391575406,341.8784552509187,40.417174013936354,213.48013743143218,431.86062419761686,471.4110633218896,98.98589569784505,483.84889316027324,304.76956668701894,417.86383862118913,14.050511080202167,80.17159147708625,143.89697260487873,250.56531884284615,357.64520042160495,426.1141243091842,413.05877702267827,128.63431527197756,217.1935309316532,408.037011426789,408.73148971862815,156.7538135749077,5.729189665901635,451.7426969718307,407.4824664733323,401.0497677402358,377.422123025796,210.2924561421775,207.42022066308664,223.60983500984378,349.1983231947081,407.4650192385453,91.41687605435483,151.74781423766288,336.5835104914094,212.77913613498794,490.4978645858478,189.8837738727603,419.7894031188101,269.7402128629715,81.62848394324274,108.4042444206948,193.86627660430167,252.77462801047878,236.81870832388867,308.2924662996964,263.9580992632199,403.964197667583,365.52398952141607,270.69297835291974,427.39330399540466,431.4488970708855,177.6973233916631,408.826837500874,392.2862015433956,56.36337380401413,385.8523501904389,465.9992288508654,280.1491088730988,99.59849471684178,272.1863045829566,208.09571191728753,419.4208817132494,100.63718139016714,350.1548757593159,79.00502549053972,115.11084615828815,219.3017839086712,47.43236800848605,445.6120534653373,499.8763493091957,279.30609512732866,79.39002558956587,368.91466983153106,64.6960151868171,299.53982074929365,411.51832540767776,333.99592673167643,203.27992974064261,396.66164039494623,145.78736505609075,453.2567507616764,497.93186633581627,47.732844223540795,327.2165709020628,213.47095601624062,107.42428809262822,489.8570558921955,386.6067832320438,93.01857140659581,478.7094848895905,312.73522438149166,388.35851808116803,337.8167343517419,79.84641780916313,385.344300690384,360.55155875179577,355.15102179835407,486.3483448440688,126.17633838181553,453.08184889940867,45.334410858697105,38.838038749761,318.46564724414935,276.6288038145479,271.27011413644834,313.8533818486514,278.93277527907827,446.47601141505316,277.2929337007668,28.176721699967878,426.33866294451764,364.66892561026935,13.563504751332223,239.82223324225177,51.91283534082375,129.90487246371,284.26425504244435,154.81239506063937,281.5694350152427,465.69990605259767,101.53254438146404,234.4294699495005,103.14024879326655,107.26730917904132,327.6862966958364,352.009363473638,140.3801586296588,133.67493918738148,215.99992308107713,186.45959307891502,38.592495149293306,353.2624058713775,10.623563466650888,17.370350392679757,357.58594269737995,450.72324292364954,423.5608667761567,160.8239483702517,69.71558359750985,218.97600943304403,58.56908555488777,25.59338175696363,6.994991112911075,48.790580269786055,159.83573733174333,330.34056105699085,101.13135481797613,230.54398399520932,229.25763624520783,30.783501692812408,409.31909026972573,92.90143923632172,367.6995238229387,331.04471458695656,136.84728273473385,441.89672735811365,436.44972935889706,298.3989388458609,124.61860341976511,397.8348380476357,458.17518932743576,361.3723727635146,296.6150248559531,27.16828778753677,422.04232508325936,162.33127855851492,417.0168046409312,367.5898095791289,98.13594005608944,168.29694753911068,223.69117665222382,142.91430068404705,425.3762999654899,148.77713310675355,277.6060118947015,4.871776642960624,375.17009876951386,76.4194331582429,33.02669565512445,393.1312024226658,116.2291110543372,314.9149610352433,95.97333403737713,458.1705282258574,183.74114522967022,209.854755551252,471.80208413366785,486.80480247178974,213.446022242871,89.34704759209966,292.3164151343518,241.6182638389814,310.6913583755314,338.83800916279375,191.87752540692182,38.677501687213955,36.53620283600018,435.61605806583407,413.5022483733145,221.360605221063,332.36953205610513,400.00764057173876,103.43313044131064,366.63202934184477,261.22695087978445,440.6786334788285,410.91868365518417,370.06103864043644,31.810328613114336,48.75106411106661,462.96202469660665,455.56720009191645,175.39298555274746,162.5615281465797,110.07895646551941,495.41377066235987,192.86144346299267,361.7964785877493,12.823198671322643,97.58305951929664,490.4405700605765,491.20746037283556,235.5798165332703,460.50764447618195,167.03762306592978,148.67831588098522,145.87491865953484,225.43784100244883,302.86153208600655,81.67959577084905,371.8271102310095,135.60424735370896,291.6153935898108,96.32177371206596,105.2602467099839,240.71136444846363,281.96100171288543,314.77974080042384,380.8982755788677,466.6777010383912,410.1326017998608,181.91418186841196,322.1883658852788,287.39620663490183,394.2496362272564,100.87282170353562,45.898808437034646,380.9210264812467,444.46324540384217,266.8072969330543,403.31858252631173,146.46582334944858,43.2385909737571,473.21160798482447,7.886149484351734,405.3454761429598,116.73274261426153,214.0537879409841,374.86713190184986,179.39723884075315,46.561339428907885,262.3389401096338,416.4374328235134,477.5525121435333,39.99810647436569,487.8297231359666,359.270501980679,70.18888531701761,324.82035710631743,275.43411450796884,29.08453870730088,439.0846478317705,411.4667069551431,237.05375095524528,445.7277080964132,0.5079381234889824,452.5216476620905,129.24470521665782,380.5847807842084,447.105514532693,370.0871104786457,266.29230838755905,393.60875841369096,103.33938200924348,110.88128567331579,159.83930069050294,174.439689649466,183.8082834121504,388.08201348690125,111.0349385674666,366.2095096197117,244.37727987172752,128.1354595011946,21.606962217443293,222.53619295714932,156.78104494008383,320.22470050649787,246.32334946833544,204.80054870662616,254.0280904555851,387.407218996657,447.89534655319545,239.81935595487735,187.9617616171078,249.77366078802476,224.7082101711596,482.6303761628647,150.02737908384483,246.2105525749117,18.06754562337676,40.473526340204344,18.74822130303161,444.1417807711804,40.5587166237219,451.255460515108,334.39595076898246,318.19452370742306,213.46600045447428,281.8947867559591,318.845289827952,309.51491621521,315.92736624226575,292.40575429589825,133.74429320177344,81.04589990479788,166.85842180008493,155.29721955752163,468.4445913578773,475.10311243677586,166.62369062065002,392.97308046251715,119.32029900314639,234.6542845908521,299.8532021636815,459.09044074463094,489.2715194612292,316.06243070506133,485.52737886883233,103.34318587003143,272.97898737406393,166.59685891777443,239.03825966479891,202.2811184116342,65.068631835,200.7468322423594,345.9027909726204,0.03637464061934104,11.949668016061343,106.24097219553013,186.59649009059365,490.92001396644844,214.55428126732707,249.79800323567503,292.6988855636817,172.54173641050846,277.26804114364955,14.547086720198498,156.75173325263802,146.86081976197445,197.82463735812883,46.872299236829505,108.28534311768534,57.41104403487584,19.986930924578374,487.30241439361083,328.98156262348897,434.1516415897038,97.88141590501526,4.503160196759448,69.8312595098433,43.23383628323823,203.6685615635767,494.88962233924974,95.36355532417096,448.1815770846741,240.40128334143557,250.0906357778529,369.49573251181135,147.28651324421182,306.70474032210944,173.96213130585141,144.51132550861163,488.0734632921594,211.02897716687048,470.5292598032028,166.3519862697327,438.0323495664706,17.767369132671405,364.0242161417081,13.732282998417833,150.84686700321086,323.29699505455415,488.26475055455535,423.07639016195475,59.74587871642334,389.3363984615038,409.86224308123064,257.7825844744306,10.874198031618542,158.63495847167553,401.08665550257933,258.42856361821055,122.17990394396455,30.530621628633348,265.4866889722243,395.93474322844617,316.5475922968542,134.52230643365743,377.11382220323725,449.68357178954204,218.79599906313518,123.77205646971417,490.5167797540646,29.411270696664047,154.32350747925543,20.836542292230643,252.04500979138606,475.8045333875195,448.72103150304986,25.233338413069962,395.1403680065247,384.22014597281617,308.2396221030739,395.5360915126157,243.7557166206634,65.42975973179644,226.02232828828826,61.06653954577046,41.41409551676084,136.6318519697865,446.3628259688176,165.75442021585962,389.57691241758926,41.970488320174695,257.7375364970682,120.09360282633085,364.956823284501,47.91564386700104,66.4140709083249,63.04277987718382,466.54750345016276,167.63805515517444,0.2513200308331687,379.0664797949646,181.13410005809783,107.41409179111538,472.33983876882763,37.07788436603232,218.063209485255,15.976904409618575,314.84303332130827,372.7668099815158,335.5378330332129,401.2230224642917,8.654118134217459,308.6305358888737,158.55138682507402,464.9965252722008,347.38079886748847,271.8391350030845,15.248771295337582,358.2568931793306,315.0840458008009,363.7502753626948,94.12091242132415,215.24411949578936,326.38699210251735,196.29780524889458,211.3932499758563,8.5044707406573,261.7471426708281,94.8922858184712,19.89402893892722,76.09968331860934,129.54856555517324,238.87244177648915,353.34976662463964,138.2265324450356,211.30664728492727,281.0762513933086,46.79876060876337,103.96053430826014,424.93979988746605,354.5377849148953,99.1743005538388,111.22432853917297,209.556001206046,101.79944957509719,427.9086399334043,174.58298795920157,101.23885584962738,42.598887989375555,139.22172084602602,32.83547798065645,148.36564396299994,192.0818166136815,124.03518223917237,282.3385804367836,439.9807000666544,224.63216077097775,334.5935344717415,109.33310026640596,172.48823413104347,55.70310516031779,74.92255725084895,445.0565599715709,92.9323456165923,239.17516644620358,162.99296562557709,262.5713927484083,9.382579556316662,152.22293893391904,113.01510955908101,318.90306275912957,344.6106383195631,443.9244676584407,289.8726149477778,379.2892865932597,197.83925425959976,370.8247604639431,394.39972570427506,40.631678881971055,247.13465228921748,159.62368333069153,406.6450021143811,246.89309292382384,100.20816496469848,496.9715471285666,168.42674134728335,213.66325574596385,195.10660852589157,429.7355546721859,390.5033761771456,48.08848149133899,181.87204353758813,91.58150724407233,473.22826171733135,417.4328230900102,138.5148437636689,17.14763029363109,297.30023810424234,257.5730400671973,342.8541750320016,376.3284067851159,123.16892995639844,474.923770530219,325.11955378434845,423.40745290209,40.713079038486754,84.50358317546092,126.34242037593474,35.29146243218179,458.17814275114534,476.6492382538227,418.5244245433988,9.03964182664696,451.7271044432495,394.5382362112493,53.621057143868725,147.50631926229602,434.165759252962,265.81887074997223,226.057781319956,39.00043018472743,408.6411811385359,17.01461593162884,144.66843712742983,299.00339592294665,377.6512957850388,465.7147858340071,362.846701922486,422.7453297243323,256.4760621235982,326.82885262271583,159.047925321804,291.5983037491845,362.6813071630066,154.60888695880593,441.17409873867456,265.419455621392,142.8721701877278,195.19726508073293,116.46413013260798,374.03734745941637,484.8816378983861,168.3921160209839,284.69448072517014,478.11663051077505,417.5008422111344,481.1613500125266,328.056843130626,346.3166668837445,183.91742961177647,32.11757159014211,194.08714846932463,415.1445519218042,214.2676170340206,59.7896812581607,445.1659630782334
335.0975254277606,387.4817656770112,445.43908286818356,409.3679332049333,328.693508826979,111.79482050494683,112.64365916960422,170.65716243349104,81.32162124143383,49.15977204592969,166.10822789650993,140.9633005682392,60.66821788100535,442.1536886692702,455.1062542262667,339.3614096941554,475.21506822661956,428.08494593563194,8.159761385803987,444.57948856055634,274.82158757524644,232.49857745834123,271.4273998695511,224.46316063747378,263.6740148325892,190.3690457286095,155.69934509324708,48.94568673367894,466.860288330043,101.10732907803383,385.7552579424886,166.88804569418747,248.4697451542716,294.9812369684117,295.9579892787187,139.74152150032333,125.95288653138098,152.3038704861568,90.52813686375139,491.9145515604243,309.3537758493519,66.92375161770569,48.59532712283937,435.0776196755036,275.85838371401763,93.56078132117901,426.66157940566444,217.14217464821544,268.3152670887091,498.8367205360091,263.59018120328307,26.013934311105324,47.48631544685811,288.29930115963646,377.40600037190205,491.4428354107882,329.9515259370033,26.544029396027014,52.31370871265795,362.70149465181527,50.76635063111623,130.11439084237807,473.0292139027329,372.57589580189324,181.43922207095665,268.97056871032714,159.45027231415844,242.77624093937573,135.78437421366584,131.23526506249866,62.5357130759438,142.73712881871293,216.7729079026876,405.36573002858785,148.54262462011718,427.7590007453322,376.1706290542133,386.9591471062831,465.1407790164062,279.488314206923,477.39473689888143,478.7292457504826,487.38380209679127,78.92024380904556,151.93799607258768,309.46603615644955,311.2474826666163,62.25084717077961,270.8595455234113,453.18288269067375,300.01969934837047,33.00122946807515,108.4372938302971,399.24779612306656,226.26152892578634,73.1302267670429,277.68581200294597,428.1382805175661,175.66119480678665,453.6568642031646,312.79793885768686,18.962895670836698,258.96307952052865,10.899208156693764,136.62131197612703,109.40449850975625,73.11199320327239,187.4446632146536,326.5066664180401,35.67967683232304,328.9683782002261,65.20304080664424,435.0950257636493,447.25087962389745,48.504241998561795,117.19480570784386,203.69676038127938,333.86790800119985,440.55239344757314,253.88259673841878,211.2836587496119,303.5054751750226,368.5561658563699,450.5041390998208,302.30075446760947,289.57040533056175,161.5978584656807,289.17977691849507,185.08914691236868,395.43250310425475,222.03762627194328,323.7765556857352,175.3783748731631,204.46480303050885,197.02202959252074,203.47810403270228,199.66110275518074,333.3256154811806,378.24408363614356,22.896122055787227,102.05484096160616,143.48489404922893,258.9281993519163,398.71469178329244,442.998554068042,72.5708082316569,476.7206871358069,74.9387954161198,362.00741976909876,385.9785447659259,445.2181653765927,393.64330085829243,181.35081219985773,400.4693430300661,106.01729860437104,182.40559971378067,283.60494255345316,5.51737769874755,344.387908893729,195.59775885603526,196.41315808083797,177.14858320766243,413.5274251562857,56.09253535830794,39.6549308521274,125.13807369846126,246.52002393704674,148.06416226824103,454.3213764778846,229.67301181910355,451.51791733311995,468.06106410580264,129.18445972147668,162.9008154029559,15.103894156695663,432.549919270634,405.463279659409,95.01632484967254,481.2350315336772,163.44997232198548,13.459777193738255,169.71421304638505,423.91648468476416,35.69114702631404,338.16274534160164,137.94626363162953,304.34024880730846,124.87201191498382,434.62442409926183,398.31836082946603,450.19454270919766,470.5358996011233,427.4644411480549,438.7445003244171,198.9100021545675,156.55339566481686,62.372282995328376,4.714798097526895,320.28292840493646,79.46781921048368,89.65971452633215,302.9487049149839,47.27203786260459,157.53899787183627,88.13833496359547,492.6386969230917,371.1703830178738,10.897658018272027,76.8725834274196,32.767683539849216,424.98477274936255,270.47598718127335,96.28623106832762,116.398695159037,374.4254969673406,296.86650844819565,58.07254745284046,397.4554960903983,93.43555376478702,355.6635093009592,105.63315781140359,460.73223612235233,412.32264355274464,412.5012496421625,441.88126777143594,122.74840559758177,298.1042109372943,105.10289008471591,170.71606910892385,224.69718958903917,439.1791199832506,101.82083211509396,143.29490156590057,217.7853062390827,135.47511805503348,18.004704010340877,295.6161765693679,267.07500415992985,304.1679360763743,275.32751670977143,221.1084653399853,291.33207780806043,174.316569703313,259.22502332675447,450.24253158383056,6.2389304980451366,223.72983356004255,350.0729526610849,114.90053885981455,177.95003361373895,189.30336584921386,13.081520084359033,92.53051344767132,215.92307680041657,455.0558767831262,430.67315658757485,476.07861131101447,389.86329053650405,175.71001649145506,92.54476615949758,43.50819178768478,251.6135464669766,22.65676953100215,267.7478877491579,151.03638509254813,149.65645809251376,343.119575814961,494.923808607557,360.9690291067219,180.6528615663997,16.472046428089413,423.094058284485,498.7425428897035,156.82770750324977,362.87009862222897,436.115214937365,370.91132351709723,118.14729922820688,388.4619736394129,204.82047292664797,116.83688661644621,456.46335604522756,235.89479127348645,487.87588258051017,345.73712445023295,97.89927267952424,75.45958724721457,114.05128519642993,166.74779916077225,342.4225314828238,288.6456078740159,346.69335764522685,169.62137141557682,327.7448641464406,289.707790401215,473.2858601624344,173.13910858600246,144.37054407552546,200.85195429727642,407.32398375953505,386.52957286527743,265.5766358925394,296.9759977077479,150.78243398382867,437.17827615122025,331.1034658211415,152.03234636626712,2.6248526083497703,208.64305302715707,65.56311308812928,423.6796303389263,151.42278600902205,336.64313624198536,428.7825632397517,450.11771304601524,84.40940610115172,206.08147891203492,53.38118647195883,165.91534160979015,475.3629112929938,95.95323865937327,293.08451689366177,104.04347930379137,19.140844148734903,273.65871823630465,37.56135776745312,80.93576190435047,416.45531570695385,423.65394283100517,239.89200590251102,200.43989624728826,455.85892597306207,215.47909271774884,229.8214192727988,37.60812439486022,227.5683248816993,469.96507290264043,463.9665169594108,234.88565734366563,92.72999241805874,210.10180349032964,126.15443747394872,18.126431012979673,37.63828296344701,114.41338950420565,59.46329372196318,92.78733404645246,310.649577054322,426.490527672985,151.7982522633624,253.69363955362877,285.43361376089837,148.7638867443683,113.37485488867816,49.46405342326099,377.2795954184554,159.56677465561137,136.06775654258962,104.94649444811166,267.72466794665746,0.05325786938698007,70.21717298954022,333.92494336117966,413.5737689375399,352.0402998930838,457.33226602283685,130.58144406569028,397.0059380740361,162.83511919319483,296.24163338803004,292.65524841981903,49.12649076535541,295.1504420601747,458.7442427981647,340.2956610139035,442.0249232319456,283.55884321762176,398.0009049061343,287.97799376117297,456.4314509425728,383.21835192114077,210.37574043210017,227.02873852236155,253.6822313152396,189.44949068153454,436.93397670255905,362.99701897928213,129.0581814266224,236.40719499975344,368.1627343325435,443.61129505294036,99.60809954452598,356.40832529377695,18.88812248484334,290.9535370300853,296.60995329024183,348.7481952843857,462.22016403236864,17.0392645121345,42.62194598779057,17.7752710748581,245.4836090020645,197.8149478223646,88.54513443776507,58.498735494942,155.20935603317827,382.5464323076941,401.92009394696237,420.33511191398185,361.91248413156023,63.63974546762924,382.93461278654195,229.1517397527872,53.427841988061445,77.56264873357155,304.9111921510021,496.6092099884267,363.37570759511306,329.7603437383122,64.71760565404827,305.88807870237565,212.76521870574283,343.4901343465949,312.9049791682251,388.9525314766195,157.45440865161353,375.1829102531672,470.38813112765035,241.88286077498893,28.033598109562185,409.1791542677314,329.8839620905852,460.8856597517381,133.58127234978156,420.9508697315838,292.79081797725036,490.7863915267521,358.41669190783364,444.44470470173184,207.44242610707607,281.22699045645015,365.81424354889737,89.55529950814406,329.53715187163397,72.36894287543016,199.02557086077044,179.4950978314741,439.6885580414291,303.4055205740448,342.6716819960626,194.13518358375526,116.78122294432197,161.1650706577624,274.72822146477944,410.68851854809714,223.1724788728992,10.619893328684181,200.18768172809166,84.12444363788258,133.76074168990965,226.63458199578463,295.12250403440385,100.0931310231431,185.4723270674342,227.25420974082522,287.6386495932828,343.22812949120146,90.63631191849564,285.24461755538914,156.98785520798398,443.89562587611096,96.28226027527037,471.2496251480823,461.9071086484306,44.503454474710324,308.7050274263315,434.37098493864704,76.68774119436256,187.37235812062892,312.13330994150505,99.5663014320654,37.82608011524036,459.63538523074743,8.07940923905881,343.8897925052616,141.40684699516925,139.23234066503016,218.32075750181846,387.05853549025954,465.34788277039206,385.664072567361,9.739921781137696,271.1146919294424,232.65516591703866,202.84390488391813,490.52457724136764,145.93863347615914,208.1355069516098,136.83245348501427,27.597562836721824,172.41392679398166,216.06686705012334,252.2688490231424,452.77869858452635,174.75776337650794,290.20109863090136,261.5576739811633,60.596122523287,407.4075613893161,50.025559727804094,198.2808664294271,48.6322310511626,27.644519593750914,366.6432855146584,91.98772339716676,369.40545767305986,80.7282739550817,173.78083591144687,45.00243562592121,119.34188356128705,277.90863777160456,369.4495760193431,370.29352080501127,102.40039985110494,418.2886779572297,422.06666728812195,247.07026521177139,265.4512371353527,61.96468413460676,399.1314882772325,68.00637947655042,165.9501825522079,282.663721080561,403.7867394080405,204.22275492925607,294.7762504854353,79.56486143697822,198.59313473547385,246.5393252317723,60.129832216907765,146.33577584997198,458.3397584660671,295.57672193179593,56.04654795749398,351.4138510898791,323.60901769431905,338.72832784961537,140.99550841233273,282.8124048411108,122.33550554518047,9.294755875079385,387.64738100327014,384.6478306792877,312.0694362121036,107.73334960855446,324.2161082403377,8.658059921491212,145.6777791437575,55.22070401954726,440.6039397326291,136.6329954966054,310.5186709953617,225.59375963955992,336.99525690861753,333.8271915268571,356.08599550305297,109.11136824374256,212.31614339761978,87.78095625135529,456.181653867758,227.76618045299662,418.26583870008545,291.35169286930585,360.78993703443,416.418555014531,286.1616579305219,452.83306625861894,141.8803774248253,357.0017815599598,449.42727091045754,429.8270961508733,19.47706017587203,121.95913768529809,69.04223794843334,183.34076800101008,322.508872460429,190.18302499738,348.6516546119145,320.27421588938614,488.1877608101137,353.43563691445155,28.40936965673163,475.7388216061138,178.63111795943166,397.94043576121754,320.96781878815534,81.01586037417435,235.34807444577694,493.9425747443911,302.0491683478001,423.2338450333756,323.5894704626906,399.581053484563,124.69626380658488,7.992284001535566,174.2083655750813,175.58702259289072,386.2960755421934,320.9302664947734,367.73786332876057,309.7793440540571,449.74740245613197,167.2708355412494,386.7040231779817,7.393949957327339,404.00302054534666,315.4515839297261,158.3177211446915,17.474067913911096,343.5752409385925,22.880409849304506,303.56200807020383,435.77707665386527,432.4846641562187,189.84345470918552,130.00858211761468,256.03343282780247,234.71424838225806,211.50258094358082,249.29903455803952,269.46449010735535,179.52913187588337,475.181494700191,89.22462770105616,415.01403155290274,498.8753047085131,463.61303390986507,473.66101596317924,69.63165408945981,394.9935116149918,133.3332490774411,484.6861801182005,91.3717892359201,323.41408433327007,319.35796175748266,268.9740912742454,121.14767726234177,368.33805242422807,460.9007673402594,37.66004646053839,84.77182487304813,237.84352037530977,323.5813952214804,206.5785555560274,492.204248478381,164.6960078031835,315.278453597001,170.89068601335515,304.2210927565039,360.0701717115735,458.9506137058695,436.36636420016475,100.02951462525573,118.96601272069974,340.09814082245964,94.52012745209527,129.4093765151142,281.20598322554673,47.805030177146655,471.95297687094455,351.96926951683713,440.7947199495545,233.6415636438994,218.26960177011512,303.3180063549385,412.4085176689939,28.937437294526692,150.5787206562294,272.14256813578675,497.9175438598728,167.65622141252666,173.29668392679537,118.47221938765678,236.2098479757631,79.62795816999046,491.54347000430243,15.010941267364576,437.86533784060515,240.26111167235453,68.28636954374228,210.24653263076559,161.13121692377686,377.79900683333193,455.60968933218913,241.5589989424316,12.643907763865759,49.94497540261994,176.75610156069732,221.7747598987528,226.56895727829885,204.71825797446496,211.20076764554335,497.60899630326185,465.8184789920057,445.799763543581,14.206841515162605,322.3301756785573,151.40121718263694,141.95035254016142,345.31527990841084,110.28205912879314,104.66535297904016,496.0475762040789,66.2114859091828,447.46924816032407,195.7526280771633,291.47783931728867,216.77441586167268,128.9874823746956,119.90746313207457,266.96449589722556,163.4781878521363,5.684685359088116,455.6129219333425,70.87717448303077,178.85848973520723,467.1348857009737,31.44419820989286,80.97812060380095,344.21217484359806,231.6649716699063,60.802112570926155,31.054833288542085,327.34119308607166,79.56813797921563,401.9133818880786,60.834754196597565,292.99047501038035,245.00180686647138,13.238952612882438,420.3533077013913,165.65767873634223,106.15465756622838,98.32934986566522,180.33255570291294,294.86264999316757,437.3647834851499,424.9181325701912,39.52124192686757,444.60446454984157,402.7403866488338,220.06871685046414,76.19985580794814,202.5270267249316,368.7625763890345,453.78598090252933,484.2892842274231,108.69136855306688,344.32831847715676,341.2053830551104,335.01862936971673,326.10523927721067,346.23664432540676,455.1060687276231,151.0381454396043,398.14953629895797,286.08424646268253,173.54307484545956,400.5555078261574,22.415995659480046,290.6745993600397,139.79271346244622,333.3503573135275,313.2914948964118,407.2783187053224,48.266788726584245,46.31629424863315,349.9933157630687,25.503682342263023,375.1783788539144,171.7616680797572,274.7462799432799,407.25245041262144,14.601585919025384,319.18088338682094,448.16351336846026,405.83686028750554,116.952051394757,3.1884419329222813,412.9704340016763,174.64703872268083,402.55622346225607,36.9103958965864,120.75154401102478,384.65252188893965,314.2967882203223,148.57664656400837,12.677869748876914,107.9146677484607,425.44889935243475,451.54977691059776,111.03988400919967,432.34571318118884,359.3590223609309,15.889587524873349,443.44340106858834,111.09473999129216,260.9057256000808,358.0053076379896,477.5437703906281,120.83462227349473,53.35846512858017,64.68439098345402,448.28736113770776,302.11806769968416,386.6979025735752,430.2875161796203,152.07321731478856,22.75547714363735,245.68467922983112,102.57513900064995,150.93936837166717,489.97035195662045,226.04273570363094,19.274496222825288,488.1442471221781,86.74196577354843,372.4355690501063,221.35513986303556,41.99080645246711,153.7759857818523,454.76018398807804,176.26553848492804,427.0808531732487,96.71977354376216,484.8325153320853,256.13114850903673,109.93759081608223,372.5031451585371,471.9792857947216,488.3484677246372,150.48857835828798,201.0778223857675,167.92909501136032,316.0774098062909,362.21359876261863,51.31818509221886,39.26639811003668,420.67171889428107,317.63394521633495,430.6234462020557,419.8344467217096,31.765063758981306,452.01539085038155,153.79220132726147,409.62306097098036,234.8242694710303,72.34741364517083,401.68539268862145,161.4099036569729,306.2476149988219,325.609234096778,444.53022135924294,383.9987470843342,257.32975898703137,266.06149423026983,17.251134299086313,334.7450572344019,71.76035614479575,31.558056456154336,67.68127734438339,61.121755562571934,28.06860892938151,162.12464212685325,289.31750320058296,235.19786273590816,53.08631038047107,489.88374648441015,58.650770804154654,224.555871378881,70.23232363156289,131.05892353450844,376.7862714283343,454.5424797937463,415.005437466101,319.3319363244775,234.79030613253792,276.031089982238,85.73254540292596,83.19374830234388,10.255576234804275,56.322997014057464,206.9366070010864,231.8109079468274,357.2562012379792,387.62480122471607,292.3181609784558,179.91215025101442,450.0184673999833,369.3171174121605,97.77616243654535,14.128267244512216,198.4826712601741,387.1672676890008,264.5431406826545,480.18674320326903,461.3964578697809,342.18350877382096,33.67423197780728,341.4801774499461,112.58126485775915,229.8833513418685,378.2617665651296,68.64967161922935,260.41870550555245,94.2070924547852,432.9892903984407,499.7723134811267,253.9185402567099,148.58705765143281,19.53821642378417,417.7430947866541,60.37240691043899,72.5607304087531,495.0965753425176,240.14808101335265,318.1949241108139,374.40528550282147,177.20815905257808,142.6805428442064,93.41167274898649,245.59563926570405,474.32854322878444,408.20942480759095,50.542651814755814,170.48387638388095,472.0056136188282,308.3678995359913,486.52787993305384,332.2888136012332,53.400586151508,52.493962765401584,89.0371687147195,224.6766166296485,350.6518473749779,290.9722291541601,461.74277896523984,239.03534846627966,255.027891691661,122.32268619231235,487.8785456016209,311.9557487675805,28.087619641518067,163.93199966163547,461.1768117477206,152.16811505824407,300.44961093395466,387.14151503708433,465.2746389405226,281.5821624942861,397.59137462265494,74.88062716220084,403.475106463386,410.2101612669053,343.00284906065724,4.003841593561819,98.89989109288555,425.7552910032442,499.55405553478704,72.34040962322003,38.81410097478638,78.52458981682797,473.138878819315,116.54280470251067,56.029637070504066,58.62464240664744,475.49011021809883,50.0166807969214,450.0586549428968,281.1679742143229,369.71497715602067,326.78069587268806,319.1736424564875,288.22434616232454,149.74032218000528,156.00760635466966,75.27277686786226,312.9918156127392,85.3918309661919,484.607945711406,46.04380167927069,425.0368042103277,95.01545764338198,199.18959768493661,270.98683967606763,347.6824631034947,361.65259227121646,68.67553908606583,223.97139917923687,111.90202081968282,150.36552041083618,131.71249062960848,353.6418429824999,221.1217461121322,481.23384722576503,50.23272268135032,193.27466703102803,427.94934003091385,95.9263990033084,486.40871508084854,30.354801584298098,46.26549106344591,458.19549416925264,478.30076322788585,435.7240377957661,286.0130198620583,271.8387715385921,457.8026949761198,189.72141527252566,125.46535512304402,162.5439167153333,183.41349249524947,208.41053077147953,43.03203233962266,280.2127319865427,286.85094449364334,177.07598481942892,69.5266946739348,477.63977878951516,488.9441778371952,351.31060331820305,116.22989384291638,421.3272726961115,9.597316429305058,356.14533968284053,144.8961903591322,336.09352866656354,286.0845293613636,168.79851158410142,138.9272619419223,358.8613777881471,497.070220587213,443.6697981788789,277.36570890313465,394.6328645754449,390.8579792653312,177.3871476775199,192.40970563648247,280.8301082536506,78.60549773872776,44.47895515897504,0.6237740794187152,320.0590904973297,442.0315172123649,345.7181047628486,277.7845608266455,84.03697630612461,273.8493763312623,287.20771608250135,456.9038680722916,24.781459418673602,296.60712704812346,221.39100249306242,220.96905587611204,380.47271490202286,351.75037411988836,154.34221482095228,364.7185941529704,476.92363680642626,283.8851359899781,70.14041924771841,107.62883471578539,25.92160925500131,221.9989303696547,75.05421552295566,116.89925328408279,104.29423651502617,437.51546807469657,255.7350103573935,181.59643051692026,190.34256293027846,231.15168794139385,256.7433287369811,70.19790082089783,111.53184502783442,354.82784012442295,34.70822329258533,267.0773104188767,191.29731463714444,63.293439422456466,413.1192060997257,157.33117590100915,54.17386740894919,224.75364864636694,268.7554532863122,243.80247057770433,202.10559612329837,389.75089310156375,89.4201980713526,10.501742267581438,175.60534302778296,480.9683134159177,392.1626521564818,348.4139896129177,177.234969574443,264.7542794977165,227.5091673896033,185.4604199696965,425.3967411717697,122.96344199076131,224.99292897262558,201.33095316452508,458.97643537268397,343.22092985013177,291.37259768197816,68.48999671916545,185.59611970725743,128.89251391549388,421.8645750002407,7.677519324053861,397.7734854722938,259.8663589109056,406.6549941541951,40.09350019982766,66.61404351205785,184.707304691464,286.995689345537,31.530419856452717,403.41309371776407,108.838773120357,242.77474338241768,73.4708346121759,189.12373159444434,269.31340577723466,195.1181828234837,94.6424388912973,0.419441050821423,27.719563238558955,179.64516344665037,469.14692545353824,468.4660510849971,386.8674791288582,137.30147090328597,94.60428423527273,205.56077848425275,256.47381523907796,172.19289430406053,431.19541643806497,154.2803845984222,48.9680127872576,341.4709413891529,255.47154635193792,237.05353397875956,109.62588932095984,311.69738554294884,73.57981793912694,304.7887476205769,486.6043569402683,344.24180672481594,451.91203550667007,439.59918578387976,150.3063321229285,160.01887573018942,260.03327451287777,409.4414064653932,83.44764864381715,85.28644803467894,475.5593322782588,380.230491749721,256.5333498528667,336.3192237009275,245.59136709822167,327.47606547474066,250.89096808529033,472.64521763921414,201.80602270300508,489.034862300839,457.01497833919376,299.91389022930434,306.190685617602,407.99164579723515,265.8591971480317,72.34997811877797,239.2300591635923,124.85946825809202,352.27127465414577,105.22316632817741,474.9951683875376,487.48223515770303,380.9967711388085,425.6147572134818,53.96330377849873,133.53875605340232,144.81280652894506,142.76932438330886,359.4368562127155,203.63102050794635,126.88149623990053,262.5083879238096,77.74168289647976,120.67990647304971,378.520562966068,395.4957837213215,206.8616839463635,45.52001533407346,254.58586727484422,426.8171240282213,438.19209125087633,211.76973940325644,83.59319966054917,11.734473298277203,356.5011560965062,271.2166809144182,22.026389543966907,51.968814834149725,415.9263363854999,198.73460910236855,188.8915339357497,162.33248830926723,271.5825123303571,347.7338037148661,355.1870003811504,292.9835204288519,412.0541066679148,463.2523004227688,75.22093720881851,93.6907911507685,298.57764773154616,270.7257493073234,300.3190618083278,45.39211353058542,324.45139758165817,311.8532577649816,484.2801516025188,241.01648403602826,418.42872738266186,439.84819420738313,318.0681257502086,196.26828694972093,30.611972113895767,290.10450573762574,263.5496406037482,130.93285290366447,15.90903067549937,373.5681081623646,391.10273676676826,478.24456525891424,486.5592676007332,223.62579645970231,218.47710716769038,109.9453973208555,125.61970957454682,242.82458054212324,260.3937376079427,316.04895551322966,400.6619297068444,192.5542360501058,287.4891628831177,466.506677748365,13.021293070947515,102.68425938024656,8.128343096924118,102.4930064806982,30.752278682144752,224.70069454277075,450.09927807310606,259.49391935188834,493.5806636362667,481.466576194294,240.79724979516027,412.1975850051395,143.2874991455728,131.61059422328614,93.56289890248077,352.27026267521745,314.0156167897204,114.27364616289559,59.835320595669316,175.59337137954202,330.50627956906584,473.7939091291232,83.62521241568754,83.52766166778375,174.27082383890473,440.43460267796576,357.1642525049311,422.2415046524063,181.0065023974524,328.25939488910865,145.58650903714977,189.0685938888308,26.251236346148954,476.36618713724505,368.8379479681979,308.19592197370275,409.11655638270815,318.46781943761084,39.13427233213312,88.1760761594086,337.9827145215608,145.9803443843245,356.93729756973113,122.33260040703547,312.2080159617863,324.7400089666271,268.1251722138933,454.1671765137548,41.119602566469794,370.729456715336,368.7209607227299,181.5956928279577,22.48456727192344,103.16324549930583,125.47684510608032,289.38789272473605,361.59460529098374,76.88978359374238,417.69711034466525,331.0207339549476,253.42080037658943,427.5299714666881,241.4561197251166,171.29143117433782,498.9733143000839,10.634454651720194,108.02697219379004,67.27293538643508,321.6379381973982,389.6572859265129,394.0336030075153,431.30352056220175,121.02800290360399,287.3371522366518,443.3621219890583,259.67742147957085,102.34890007041425,109.43295692777755,231.47736993630542,451.73281158838694,191.51655443310185,399.244049737305,490.9031856602561,268.69624212801403,382.0088512555135,151.90297783077284,369.4585061091932,370.44841047083605,403.9873274181547,254.69168407522776,158.5349367056796,43.21667906587273,364.72047132343647,113.60404405012552,371.028132777394,270.2456069975343,368.7226004927125,19.49790287994463,317.4879780743042,124.0698589084192,24.745465519421195,100.33386353194528,331.60295347725065,296.27861879731415,252.82647225773636,64.5089171250685,373.8708293985046,340.29593244956396,394.2120237022711,398.938932639439,388.7846968415642,210.63491008873163,87.34010242402523,77.69115913329289,268.0928015860458,226.106166941484,485.6130106392722,85.52917826096157,310.8239402110327,278.5937336559971,477.17299759289176,232.27037191276972,58.638324843223955,410.5433705186716,487.7196316178407,391.5819932437998,245.88535726364032,208.49640747424863,456.8352431940666,272.20586304757666,379.9607785681793,149.31899279029804,170.74253640895444,94.34636684022696,34.3925069517001,98.83956235788565,181.23145493643477,170.7536696266422,28.530427378992197,378.5310834432823,167.54839696064033,145.2365542383147,271.0818749214041,436.37590645315345,201.9033695585643,332.99177485873594,282.16447196373554,389.6095432941979,389.62141206521886,115.73019216252838,98.22989185345027,245.72624149803374,429.49173244520546,294.08133574440274,158.20171380560095,133.98033655360237,26.735376330963845,296.692111796365,29.864208072453657,491.3492000915247,45.64391482611113,127.58113760530371,156.63121753145714,284.32353075126133,371.79404381765676,91.46401206887023,243.3357650866619,9.507932459707824,42.411240470478894,10.70083338046035,95.15030640597449,320.7870650220171,256.07338327600877,37.91118846894997,403.9657519861044,379.59862198846827,321.0943660427684,198.32829544623,242.60754579422382,337.31675789270327,177.45349904791107,297.9497031103275,127.96103033032108,259.6363990051804,467.59256988713383,142.63430237799207,347.6873540029188,185.78975500846033,138.46590787972252,488.47264177009595,269.79161304319183,422.79044474214146,486.8101120247103,29.53458039357254,196.79861219681283,321.00293209168143,293.5339641920994,172.15955951174428,70.64589007887506,463.07017395488396,390.7322725605696,467.73096875307687,184.53954630577874,213.59983634829572,481.0653565929226,442.07563077072166,353.31583490570483,405.77551923429206,465.1577130470668,445.99914482984354,213.7845601834179,150.669582209923,86.21977136103709,59.61654542028266,423.59206015812794,301.4373111470363,183.1105236345487,404.891869991419,411.32250486919247,453.3755757267279,201.07620744484606,204.00062109847877,329.35730963430564,7.452964813839391,497.4100078437636,180.3605243843517,386.8895431899169,276.5775812815863,224.51581505305907,304.56762216917883,421.8373458768233,354.1682391076113,283.83974977597285,154.1622802461891,55.58280275238009,350.63265573950383,175.42241680928328,48.922006310901544,6.926850234803606,137.37927449520888,186.21983028618573,355.0474350777526,250.45399153754428,98.36491784493178,432.8226212639964,130.1246776410691,132.9538250825492,138.37501701263426,344.68574863669573,360.46497162817354,299.49083962888324,42.76379529841584,161.2625485643735,406.8353994252511,310.98448779264163,29.64369954901491,325.38544724502236,239.64297187963712,73.2081093325298,378.2009190016271,427.38275941584897,58.5897884486144,115.22952645957545,87.78585948742307,457.86907486132986,449.25672074948636,412.91381703940874,103.20562338809131,346.94139412279316,351.9833986998346,273.61201720255406,101.80203866013032,482.9597007371354,153.94669951942203,285.71738160420836,488.5260111503174,59.30383358154578,332.93125983667073,459.43473116288396,198.5427106184996,330.5822360960897,59.00052891093821,232.49932904969057,143.1076589727892,425.82756824771855,106.83841424428708,357.7290037663444,400.00904630041106,384.3718093336407,432.60327728176844,26.251497383983523,475.3341424410535,444.7141104827988,393.27973919344845,235.52069388331753,393.1470978901796,383.7485549935368,361.52176179255963,148.3307295166044,290.07833134086815,93.6323933512025,409.45062674581527,146.42392547136086,137.37072073510015,118.90067892628437,477.63290761195645,163.0037357490335,368.1899897881102,84.60724211029763,410.9071794103089,294.4106526155544,119.11119748661231,18.886049542680027,490.9018947208422,23.37741592930309,465.50455720310805,437.5710601452742,409.7173325020143,388.1704932822707,298.04269416400416,23.51562508347754,342.75195033114795,289.4335199108737,334.2844662697431,339.11020747203366,324.11558193903267,199.44851761431366,6.776496077405991,94.60398272009634,139.32232803260013,186.93344271400335,20.765282919798512,48.408482214827295,264.0064816149459,268.94223530636424,366.0421991384871,126.31087234696842,223.76033736984402,216.942848717191,429.5821316735885,90.68410339512111,494.92535930992625,268.42365345026474,51.02674231218573,193.1342110507096,498.0273781114532,266.09728400879953,155.14878137782102,304.37277205174195,188.93699678085952,139.70623255310576,210.2948574624139,131.71479438698626,229.2824144586466,138.89955303344576,372.8638857278505,312.88128648046865,226.00594631714844,40.54250953207017,228.02635118016883,196.4633773882612,449.2857838554023,109.58721826981271,150.7701886589683,77.9507529907586,86.90068322065436,186.0608553173667,162.26838314402815,13.63749089377453,186.04728007205605,265.4138967711539,335.53352847657277,132.03629115976534,123.04012636167161,307.91926798382747,483.0642268593946,482.6755452329787,150.17324964437339,370.1526087266103,137.18783978857846,188.11714720940788,121.24905664197478,254.98302329763158,172.52641992767508,84.83899149321955,107.33287412923708,324.39540183119755,189.8699706575726,191.3435879746453,405.538873499679,32.37167367784372,446.23582359540853,6.525731105720467,467.5816468490175,410.76639526964584,325.6978486910164,343.35699262640924,116.82035080927349,57.5805285130977,432.70428554724,196.25687224585974,496.5818860034413,390.6629639387352,119.0613752294521,414.20008783804093,328.96067536941877,454.64050323850523,492.59913626152763,303.50777232899435,404.49221152099256,25.355804970532027,124.51054508709758,349.78168878076355,67.02839441007919,271.89535887772354,201.74358631919986,171.90451900490828,373.90186149516376,206.89002375153197,116.39175287131503,474.05418091593634,116.17580570930419,246.1754321353406,267.63214446963036,195.53590230645585,292.31747814841407,147.7827271857836,470.07708620022004,410.7073199586224,355.1478149932907,5.442129576079369,265.9698486347739,100.93939129071028,261.24268798513725,396.67348977092286,118.64361191947276,429.72568844945357,27.66099542664935,76.6906607464426,472.23495434352833,463.81375331145483,459.1301306408594,84.9434879591368,41.46909990929776,195.5847365312204,458.93013057432046,273.68728776577103,190.53684337492487,214.70785625762073,326.70709575475314,464.6875449411883,371.19724707164846,300.6372819433994,173.98019747506444,196.3970960750716,15.583379532437935,75.00308986560111,71.16541002395121,399.72340693081713,373.42337412541985,70.67120311565111,55.05410842117931,24.921108126708447,76.91169392382568,323.6643198469234,48.43833851599699,295.5419447556261,417.94982100068466,123.19037586560333,168.38539005478796,254.8943188248471,349.6271984675728,265.3751272264203,170.5306055274433,274.6060859653616,438.993848370775,235.27739211303262,379.76639470936624,273.18695178263715,308.3376176722937,498.6739572609095,58.74815371557124,143.84853221290967,2.325292869346851,403.7586091809691,278.60410364796655,14.945651435452067,331.29075619025883,377.131146037716,54.40082437736143,209.6030717772045,34.060022576307134,419.03874300803403,289.53024462183095,272.9246672396371,464.85066005085474,356.46061977721695,356.28213685648177,270.91313630169816,220.1433768890533,4.929659029875577,27.5285291397796,167.46854878734058,232.66079359595605,442.8547506032652,171.4645685823491,276.8335146326856,400.3023492273431,392.43053596608604,84.15481912022155,172.61377080351082,440.1548007470826,308.918203103177,468.43917378515613,216.03848151674586,58.05825327719594,176.0769370396641,18.620509277738286,318.0699855415347,326.9391425027735,281.1583417730385,82.57663322403741,45.22511474549029,30.405787035312493,477.27187470878,491.6042839692967,37.217423349161,214.31250169333003,275.0592788049441,218.53980012446638,1.8142803038603827,389.2679089590337,46.164101301764845,316.53471764876167,347.6781852058468,321.028532584043,213.7334467892228,477.7498048760565,39.01294331295113,327.1989251574542,136.1460644223721,447.2144645100241,488.00753766844656,130.93879898295953,72.99999215759001,151.64068236178736,373.1255586251277,297.27220694230135,296.8904109432646,125.57175029928509,300.9063025127225,373.79996938367293,342.2368333862976,58.35211350152486,67.02770122169649,344.5195924666775,110.65361797716672,71.56193758830537,360.2219170261567,218.43493976257477,311.7905694809848,492.12782463280445,36.8013353917172,425.3751050860379,235.57484174932242,424.9804719940852,332.2649084195555,235.56613709657432,275.92553773455256,220.40147102305835,186.58112678984,46.81075464753876,410.2968637465091,4.571215179688282,217.63329399168097,68.02031600502484,191.56379824471566,43.04345426879747,485.6213438168826,260.6519108319249,49.17135380912985,402.3011643273303,447.2162435680522,150.5046972424637,44.69939991122046,169.80271764976507,310.6385065476026,289.6941916227931,351.73276550894815,127.91451359040661,83.29659049604493,396.6889462751777,393.7809749621011,441.86938117171326,90.42515506221737,403.74061551554627,6.513840871363142,363.08822046557214,101.84712249523604,107.56348181383296,333.0979601836872,317.41077427490467,111.96969676145329,463.8096285463431,184.40549521196792,418.8450862535267,285.6208185951099,202.8498957678158,180.68593934772443,111.26073343299497,381.0927162492002,155.33641988699824,7.832380946692307,230.24606640538252,318.6776945726131,373.34765805448467,348.1610684996876,483.82358641213017,359.61741665427644,179.04452848952877,418.95761126539026,29.712440019494746,388.0879316101188,17.18660214997264,481.7265569524003,30.655943196910897,338.61825270833145,474.277621882369,497.6788170864061,315.95403086359687,430.15845994640716,90.70637588996367,245.0149079000344,345.01715297680806,107.77090084868834,8.039852613070664,356.0533094521933,260.42452182263366,94.60812462900576,104.28506842431278,314.5384508181448,270.9056315412355,207.24826820015429,403.25532809895134,499.0948656116997,150.36270298502978,339.92988749298087,152.93911674261358,334.29145209514786,37.893277346569334,0.4461757498807062,47.15651136224919,40.94259373401993,87.93748219107722,458.9939223782347,94.34054898390748,207.46852718206898,252.82016829880266,317.35243524344304,320.8241326418823,454.42855896326944,190.4482605467459,433.40633236358684,388.99069399548137,289.95137238211885,103.66034907647564,321.91551506675256,467.50305724514413,247.32497694043826,162.63394162258038,214.34652052086767,100.13102403333146,284.8046808654306,429.6063745590558,319.36596569860916,184.8943625711344,34.06905690132961,353.71184588504843,51.763653471588064,184.2261277027038,81.13577640720321,33.221625441993254,375.57805702284514,270.6518822462064,348.1897885005712,325.2439302516369,361.0781732637562,225.82268840029562,254.74575832145612,223.47393539903982,44.83242111700403,495.1170775525479,456.8659007025957,439.33989617558944,218.2695244608872,57.41940719448135,364.0676780324384,170.05480682333368,14.5044587784664,112.0212411272164,377.6764980384061,239.5671089628479,133.97079615460154,47.72463189005316,410.8128197877238,73.63826379355304,247.5123732194926,134.03496557853484,127.2046758408688,48.813896247485275,421.24464446898554,408.77864266114335,398.9590370449844,217.2562344208036,73.80913419030277,447.61847950452704,454.69172404553706,227.69550050402694,192.62037184691115,496.92145389533596,295.2988530236499,422.913863215321,279.94888038037425,460.8640216411765,208.0688930562904,239.79891384939543,429.8010128842011,176.89108043165837,244.1901356266321,210.61160181774036,341.02050345826666,444.2942032151483,327.17434145749655,88.05711861707228,206.65421102705105,99.73058002876056,155.55401913476013,280.3645065839407,160.40065360621946,199.79626448892085,299.6197924890525
243.77903666670275,242.56441280626768,30.426498632220245,102.11472719308557,334.3311402183785,82.8885621345649,98.13330832378931,297.3772154426373,412.05736471980964,205.14764465977254,298.82003351161273,123.45917698460823,51.950040225391234,223.1763152809559,280.2504837276206,254.4563670525519,276.3106991792925,491.0259414700246,176.45929821072653,173.70138998462716,148.34010775840144,267.8886202501851,417.2299493195988,116.95844665764055,377.42956325003405,358.47409975380396,38.337917223000005,177.15651776940032,353.0787644514164,297.04245885795444,223.88665445363304,185.20338412485154,336.09644991004365,490.05987122970095,97.5949948585107,1.2553617905680103,266.2625822552691,350.73569770528843,478.6368554385701,481.1263691273362,319.54044894418604,196.7669205682714,6.522471836176602,410.9699915330032,57.63527437082788,375.7964084573973,478.3338492765955,427.32549537632855,479.82471532423745,55.92868061294304,376.82933869701714,17.731354372676645,63.47258760920155,8.947852791975686,457.56379648873485,471.3862707596828,394.57397181007246,465.6143271045942,18.455557922556988,90.8178167653007,136.81192322062824,11.231729228755539,18.391779325853065,127.24287312822912,321.27405831060895,468.38347407291707,244.6131333323417,31.210198160629087,422.97383909813675,267.91719218269606,346.0690643605955,326.18588207574305,155.14739550586253,295.1099957742092,447.06727859314185,265.2909194397327,226.10079366593982,267.2048831516921,212.78635417298852,226.6886001934677,280.7534608799072,8.482216205788372,429.23158216747834,139.99436760175365,450.9662775257339,462.5327506240199,220.79015898490263,488.8520456463844,275.63881132569026,371.4608674728896,215.53517252286386,487.7585882082477,69.39903104560663,395.27654432474657,256.4246021281272,361.7479021892587,63.38097895921335,109.91275963899328,106.93845107348787,92.6830945208948,419.0373882671096,37.16017715836062,83.36902703502469,384.0815021738933,237.60256068346337,379.1022741835635,227.00314707561753,479.1133610400497,185.6580065978789,116.08704489862282,435.82275416989347,77.69906089323054,24.6120616247541,284.92107430770943,287.72626287698967,96.45159286143445,145.72428896905765,380.3112239507138,443.868949794694,400.5991612445949,420.669464673947,351.93868005690615,364.18981507748475,133.6047110057917,463.9065359360441,425.3394330270363,272.7002360979036,99.39714865773725,182.27196306356598,99.39252337958976,320.65731505040964,411.2688781711148,379.7716967367954,167.19468443179426,416.9616043535059,274.40015703980896,304.2742803293409,321.1696734160107,433.722892146851,271.1811862474841,428.61854094017536,469.79618403429254,174.55663789536337,172.724140564744,403.7462099701146,45.81251972765882,272.90072235276136,156.39717337878471,499.58907778506705,383.6976330208022,130.00014316730747,324.08555919220487,306.74493445262704,100.54364515641745,25.083368733847088,69.61835133778271,12.511636983670304,223.79360253860676,383.93766901414847,398.7977808632059,317.77556067977577,113.43109750607638,362.93837301851863,298.1311953210734,358.5090212979814,1.7636785890358664,99.80724324373725,304.73810236202615,484.0299782054873,178.66470797764072,36.67856037287942,63.04690818023445,39.87789945654019,171.67582283641502,497.6303646650975,250.54326738151317,166.10972201518243,221.0024203929003,197.4260768355404,325.0522536106635,320.9773822069924,187.6818266631086,198.55337701433064,169.61941452708345,372.96333736732464,46.49000682005594,176.25474126023866,395.00979270956446,220.19085947914613,342.4871671270982,473.2107406195095,134.21627427318234,123.4379948687332,336.5159332981093,310.78570686777215,114.13167770055188,373.17575479829907,307.68274305293795,465.0212761761449,317.48649284174485,238.42448122086017,54.142178605298405,480.3533544539482,256.45018988823415,146.97352332463888,171.41935605524029,469.07047308884955,258.3465241128065,216.8968899813023,486.0197553848444,151.0028344462443,3.5419015893927153,7.944088672480865,248.20417691128844,173.34262056588335,323.02915975159397,393.76284626419726,236.29217093763384,220.77120110124164,89.8569735517804,476.17086971650207,330.234804016336,463.5047364573132,78.36526965850898,68.93726400269662,381.1323291633251,429.88802791207337,199.4369157412368,75.73927662206798,171.75007361299316,186.75837727416922,487.96033058268745,86.83898619671143,66.20759484338701,8.755745519963442,45.66173754955349,282.6235010810898,346.3985116957567,305.01044014058635,168.42798065188867,369.0390826740567,393.5880583258458,425.1612782309784,410.30883275438083,167.55133219923806,103.54723906543167,135.04923091848903,394.8330966862673,471.652310381716,227.76221889412062,119.69489630257374,59.89757517727562,61.76086456772445,438.21077372800295,243.37477585907473,198.13217206925077,354.8012727527312,51.28345418190816,7.77568108799076,244.80082974513095,410.9678021420059,438.22556971035186,236.3444882206311,232.89465605215653,380.53509136444177,79.28333481693805,303.1477942515697,154.97341641455998,236.06829762951315,131.21043133127102,91.08112709308087,260.2484566815568,368.5393625812154,289.9242985583908,85.99090586350455,130.55041293326408,211.03554186938607,111.87571045305972,31.925782127721515,442.9905534026838,252.0991599928189,467.1330207768888,2.2952364182652896,84.36256218944943,156.72126254875195,104.2187267461247,239.95308028137995,300.3288461472967,415.25596487485825,216.27509502085067,147.19128144602095,175.41326124473179,125.97111117495785,259.4806264389746,250.85539111059373,135.39192616744285,82.05561644071241,181.7200962923905,302.24036903185646,242.1465968737691,134.3450397664352,395.0362213642393,87.04085256914551,146.80834372523088,26.84816531260903,50.514813401301986,303.22031406661955,142.77422632184917,189.12331424037666,315.2734465544594,364.23425533179136,187.64706149944416,250.79438926086706,487.51721812421056,224.44524284104205,166.71458033527193,147.8406826534167,245.41297245771258,229.12047948795106,315.46983869842916,434.97886356536685,165.27204527037736,430.21740840424656,320.07693836928104,190.71982237494518,366.901655584324,308.8734460753476,225.56750375221156,426.6791590364933,124.40954985957143,267.84778466393277,215.21833132406377,18.498807493540102,189.28519370002527,428.11068466373194,356.9056893901236,214.00106523532241,327.32397538707716,96.10777396373965,185.37021763443101,459.89437447210094,38.1983888306503,348.31775183697204,95.99731635838977,219.6468363862041,291.9005394111302,111.64383488202495,30.491950281474278,50.10537322160841,117.81768623348215,82.63358871572251,46.037149676925516,27.65101092631267,103.71759092843274,45.67302561322306,277.718266589436,237.50730632164792,383.9575733948769,213.30629099048542,15.616959461733138,358.58076551089573,177.7427963047412,228.67037342380775,291.4852389961175,96.65723579864782,468.65295382653596,196.05252377941977,269.95847024072424,178.88935922231957,315.398630059081,132.987013339553,87.38506245739569,467.4168423981763,37.16168473747095,110.69538498691477,435.3999067796743,160.56703158034796,168.88515522903248,109.39903611790791,174.04686618955074,33.91219381403315,397.2377298419551,5.459740613051267,52.635156266647,433.6964516869297,458.87924119066815,77.21117604735788,149.90636962687014,283.53537581164807,202.71210152924886,309.0828332241101,46.95360584663988,124.70501749164985,470.7905691429496,376.40407288974734,217.5170576068496,144.28910269919226,134.55678350736133,144.25704244067566,248.4191017248162,157.15530592893074,111.26879501816411,333.37873954206617,446.0023084027463,15.842774047161946,134.65956887426483,432.1618230513628,487.4657651550016,476.7466703195368,298.4389681848881,273.9910959414183,97.80675174914366,85.17016083009882,298.80436547907,16.520833529660106,147.3648696613073,63.13317889931508,459.1027341145407,119.09841398109916,252.88220654479494,489.0166788190829,415.9622022178058,123.39415927428598,235.92401276096254,310.44818582104267,172.59012802345396,422.22466492966464,40.807138654252675,356.8801330568404,39.24705883858637,91.03480910138795,147.54974937057398,446.29800904486547,494.9412896003219,233.06820285944323,377.832392430926,44.1239039078451,24.769359583773465,178.35493119778374,140.43455419810763,10.72939432800718,208.64430502754078,257.84010323411695,5.54590691561857,361.2867528016863,91.47351589237168,380.4194667110358,455.49911412281637,308.21534446151065,56.458258296905925,312.48751678832656,197.17379769482702,408.52473343611587,468.01739236458434,449.9415011799205,161.47083476222062,397.5715338250974,385.1970462425532,302.35754922947336,43.2587531473444,341.10496913809266,80.82312501556139,295.1847109906257,257.45777799910974,118.86587559617101,337.99307898369983,457.3147846203888,233.46990886277607,191.3503324432811,418.6250441756221,118.35170867691141,382.66710112066676,403.92843365254356,476.17878254842105,78.47291802127538,35.17080129012867,202.68953563602727,340.86322774461877,160.87580852034904,464.68438933509816,50.730704965598505,56.23202080808615,354.98295429621993,102.99494709784717,382.1477923503955,333.17819282196126,7.620336138254357,267.0261868289431,386.66286983594534,199.9988558135679,341.1666971454325,11.295809098074594,447.3783648280218,352.60532572059185,438.5429907740989,1.1711369541737016,449.6578424983674,352.81831745026676,185.01019950740516,111.0985170145048,358.9558813076202,242.45770692070394,110.44104436328468,147.28628870396565,317.3576574351024,161.06155395129267,146.2545683706666,113.36016004456917,398.37842920796993,433.84994115590763,71.24488210494562,148.08231511509507,286.0789026295055,42.647630711535264,81.95865839232091,260.5569310790207,259.27553947801596,315.51495218558836,131.3944328546557,150.6774608974308,133.16050367199128,71.64073614281952,181.08398555933925,191.31817560797947,164.59396213885412,415.0765281867709,499.8613827903663,171.71568111166013,300.5083986592318,188.7437495777467,334.4499870859569,87.7720934259662,409.9496416943125,416.1136787481019,162.16812612957128,323.0889634463318,357.89318470262356,172.89374627718502,182.27963736146464,417.26482117371063,185.8491938693314,428.73285296754824,40.804974050366205,224.81003725756938,87.49613774929927,283.0105057152166,204.00299145224903,83.53503453389216,170.4331955672333,388.45875155822597,53.25799619553157,298.56918721176316,167.1165990629055,83.6320175453309,18.583089211124115,389.4517282765248,359.6230890457063,175.58456297378677,12.947363397457057,118.18910619291567,162.1655030954594,446.78824010773155,93.22419339334431,252.7596354475315,352.20686358206643,264.32994186037575,478.5906157088263,178.05426746377768,87.16679390671372,345.3174199779455,366.9201083689418,427.6516392750391,43.14482684062215,107.25233538288836,208.3561605304417,148.90239585453375,126.10886644272185,24.680301269475123,70.17113812311798,261.42408477754446,26.443380360306467,483.6080284625046,259.864555730622,208.85789636603857,384.274775907349,84.93535772654892,360.619082339001,35.691999324170496,146.7220260556415,332.78755219179413,425.07474804702224,437.6731474014899,70.66862357299009,481.21336130955757,4.406235870696773,424.1430259361701,242.61149356331262,459.2276116663359,423.3900466444226,215.1284689080797,177.98860666224593,485.51937713166984,20.336778640196506,282.42400542157753,363.3284822874889,82.49993443310011,388.55986037701024,158.22268604220758,216.40371048812813,45.173684986286155,53.813327070573905,127.07001367039916,384.93449671649427,167.95383091652099,67.38546199162948,405.8257088641799,307.4816861439879,7.648594312105905,427.99999731684005,324.23851139100674,447.27674375224706,387.97536103665516,331.24102805613904,424.02282331811045,264.0724826913351,493.7875787149501,164.04804454726147,352.60235800841093,422.14072271169954,168.59887963632565,13.907837874736318,487.4832629229943,163.88341341002905,409.852945928703,10.986100141042954,473.6109881048014,384.3127980198927,278.65955804014607,134.7400156874668,152.76989134764335,51.816846958020136,396.36910714782,20.656172294379548,386.6812247221272,255.34783658286108,214.29969603811227,85.1423902072897,496.6523909958043,483.97693416809386,329.707847475547,353.8888788122307,383.6816710675974,371.2671592217969,448.2922487116006,19.95679508752274,158.75211219484424,214.24599630626778,385.9241203116087,257.71488859213486,365.2275442020013,85.68689582496431,413.14469177376975,460.4009956070948,207.46882162002623,131.38735510332882,281.21224827600463,269.97851854337335,93.89889572791937,110.75761925782801,182.62235007038342,73.90347929078645,144.31207367356774,418.27292961993624,310.7375797019288,210.9358309572548,214.5198564572717,278.15280036167997,252.909881270858,471.2136196037664,56.29305540910351,323.4779397988952,161.8582990104453,488.8731895441022,317.78086410726115,393.1702989318692,6.52965471406286,142.00888231370078,42.50269547276497,399.7895920099368,443.02590653575476,25.25222643385183,341.72821732738004,260.718564992612,196.81291563245296,229.68623052041832,341.56236778233045,485.4085005011203,128.81709643031536,303.38994918803735,375.8085713709987,421.6346042735009,394.46380754404254,443.5302895077154,212.3341579419075,192.76461284744906,288.32210810001186,132.93834070558424,477.67404820278466,471.7693851581746,86.91561071265347,267.3156558660988,316.92021817540706,497.3549654612265,445.7820265449896,247.0991627117554,51.941120525683004,362.21371900553066,274.7530867891509,254.78905332193708,210.01916072437336,287.7385974985167,478.19594061952296,30.016131970902915,119.93402812646336,434.0286238905957,357.40530339150087,375.63973693587275,152.64622125194595,243.26727628238726,310.7127133318349,139.20985771349848,273.3141720712413,496.4846494593675,170.10081419915858,207.92414186643865,299.75885395802084,219.36369929943223,368.1924404842453,94.92292356302428,76.30383848993732,208.5318572377917,437.358150539286,148.38085921437448,263.81672513667274,171.0894790483724,345.13870405895375,395.3618081016097,446.94062121671146,300.9407274938846,193.9204941667748,30.225102037675477,171.68070849038585,198.16114293565474,129.24373966893683,465.496965929681,337.0528647963295,209.47174190780288,18.752065886905367,184.7240381490483,59.78388495528836,58.93459961403891,322.8296993804685,140.46691984417882,333.5242057609875,460.8355466560717,141.31944302505627,395.96338679249794,375.16340611131085,160.81259928490377,281.76101509897205,373.5610317279191,402.5225447238385,372.99817523871104,224.87715022691035,412.3941953126251,221.7268124270572,446.76421116399735,369.73695502200576,88.47532198372,173.9079033847889,75.91523707268632,312.3477825621869,417.5983248276485,85.17980114842483,150.60114460582608,242.02811725718738,143.3363683985327,187.64752180249812,274.32431098990037,161.8098569254082,491.8351189075618,356.4551237984052,28.64339468310051,472.01298847626254,446.31306323991214,71.72396430916362,180.11631576639903,385.9816615506547,300.2787902728974,362.17220112380977,138.59592251176056,201.51426947899353,394.4040046231086,39.326370037359894,419.69396449845357,36.27970561389671,388.55847612338033,88.2796750018156,3.3447943290876303,376.4666098619509,27.121355387573264,229.04762611069722,97.88484932936159,455.3004053400012,69.41997499677738,236.62706577001384,306.5264436393469,308.2136214202292,99.23062216799,385.6258390321155,388.0021472623368,164.26722729483302,227.65425820593032,76.33580659179462,137.48866007697313,369.5764576347226,403.133077126044,120.91306566685772,54.840345391720334,262.79617318923084,460.5091918621279,372.49301987107924,211.2560620454298,95.40134602318673,465.48211083938094,286.29328693544824,487.627659844308,179.06680225108153,358.8442689205107,226.29178210793043,148.64814156951567,228.41635003564042,346.79825583719133,145.38938384467986,273.2188475315637,375.81094943330135,92.38587404842913,352.4785013002205,308.58853689798053,491.092219984793,407.6114473889399,101.91497547941924,69.69804646129136,20.791151511259486,382.22659359342515,260.3686913223789,162.43704258031883,26.200182208945876,448.49983438412687,40.846757925387166,138.0101015448006,337.0152513788781,108.30541379136638,173.45927399400802,30.334577138399823,256.7249732828599,200.72125459443052,128.8333113839083,316.15354733582114,354.0098640454899,345.17811355924346,246.28295252427807,477.9151109662127,17.340958789775318,165.9176592493311,38.880803008818134,5.693457162252946,235.26306705503836,19.02323829468311,338.6459798090639,381.1543820711036,22.909994473703843,144.37163535519164,86.62742648666134,358.46583163529687,480.7255770284392,97.09437097771817,365.1170235092596,228.20959464164076,173.27558979774292,163.1392194366801,410.1333067381939,486.71417443725403,492.71417625294487,225.4910169459957,55.972463710160234,76.5675732947259,198.3254529822473,462.19919858084074,153.65122163057464,408.4348598918085,309.7040962801406,42.125248762008624,293.338826628916,418.51733543340055,227.09006200474863,157.3507041667987,417.38399346357215,322.29218043519984,254.23452073696106,222.37700547043855,58.9248237155599,124.41582124657941,102.82736512633711,20.933192679497836,430.07658463434154,338.7239425433087,324.41049669030593,460.3864131310706,126.03638603899931,270.74881375691393,283.8271130600254,158.52945670227047,483.0420735911805,148.46887547814325,137.6773911584991,212.10493303237365,116.57807508494089,80.30191831867839,153.18640290373585,37.2023920079666,239.49217182290698,359.1885298709847,60.01131480479077,430.15460724712466,462.04240898963667,445.57170814251185,86.0247685644579,463.78076577887987,191.83246517814428,452.25633399558075,7.13544695438012,338.6833253525259,183.5050464148195,149.73996273685847,179.23831694141467,472.02013630063766,214.96783464557151,31.5859833312524,30.41230502671094,57.59052087688254,329.09057566232224,124.00094593102435,445.2461972968084,308.24175115355473,347.8987878900569,366.56802170513515,100.85128251543757,270.21310566632803,453.13294128141143,407.99806018053636,449.39349987343127,114.68807577488505,251.9610480459566,312.08830557331424,227.33707447783868,278.698038229934,241.66697647079167,242.76680216282404,281.90721965883955,251.65749073202488,147.71470178517094,392.04587249960736,115.96136475173618,477.7660087735984,424.7531483798295,404.8897574404552,135.56415743631806,449.2373565304551,165.59445789392169,229.84485015354213,393.59363600332944,488.4784857980979,9.239453309665747,253.29335312540212,340.36641705064477,372.0277268017822,334.6964926338972,434.81741392407406,380.7916449824509,180.52029906713724,101.61609686102663,493.8990312037375,252.77968761312275,77.90695227600142,167.9714685836302,493.06557207129623,212.57270819142053,248.9656606498318,88.36590634122743,8.665316834522763,459.311406387964,108.93720902335524,51.27039614054302,239.37587132625737,420.09685621303504,159.32706105749028,453.45796759096595,80.44758207998004,72.64139279167148,30.25497727569254,327.4655973914717,443.85433166555254,223.5353944534343,365.58867224991565,239.12123436668242,227.83811855743934,289.40602434372016,157.4437766387885,232.61468868985136,119.05242749000988,320.11211894685516,232.9248206739845,432.85885060658353,436.9937643779798,180.1985003205609,178.91923320564106,299.57248200533337,78.58207385310718,342.80443780775835,467.84159187355624,239.07933435739548,183.13595511376312,270.8286233693129,125.13255445108784,21.85177289120216,436.43840745912934,155.8694536377766,52.403927604669,255.6968513873786,2.904729335895473,497.17865443398756,403.1629976228718,167.9209226053347,423.21284137731806,67.30802189350737,48.076740029098396,228.84259326781753,124.78574056505148,184.93781360933187,445.9644106225319,41.912344965915615,174.29816266217608,196.84446008148626,56.27043302795709,58.67585179037449,78.6238757346503,437.138932490136,460.68378308098426,465.896397275385,427.04528256412925,126.06328001637901,251.88078397389762,158.20235069910444,173.53769244906775,44.86013079136691,351.54160682075155,28.930227294286958,347.49534989282455,448.81652449115825,419.8208093680279,276.3699624571681,389.4428277130317,363.834872948374,59.788631710390504,58.57789851929041,234.48694772890056,43.084870008828766,299.92904758244225,121.2860455400514,139.09398796080953,140.52150171294647,465.727024678902,65.90047680337346,133.08652977648106,276.0129355663556,210.87791709367343,441.1240800004992,93.73813974020534,316.7569760628828,268.6832887136771,426.00480629175337,486.6172409106581,447.6768397604566,60.667838096034046,224.8494524299764,314.6181700678618,39.5772425957866,58.24186909069107,486.0033607045458,359.5572916758926,325.1516001599442,46.3478605890153,424.2147957551424,341.7440753850504,367.4889747708207,383.4151296766511,490.94825436014315,97.6095185117849,453.12721834376094,80.52510729625195,31.199082974889937,198.64912558549358,250.2949529274826,69.61525688626946,246.9542423518678,153.38995194653415,171.93855478288216,304.0489173539033,310.15149655523066,196.13719748725717,183.8928049557551,14.702399138001255,380.45249401804955,199.64350829439354,91.46010197360698,259.9388386555788,224.89216679904428,271.44383052666416,91.31245731836096,481.71432234975595,41.36675207344781,227.32926475555593,51.19523383815328,455.8340563157388,492.3825596567535,400.2870697235957,122.98960097029254,103.2246545532406,423.80474471309816,243.4483566915115,244.60504669816441,360.0639073129458,268.6200270178446,30.405485383424914,178.3765785522809,354.6733425783633,372.6899308532083,436.6351232499378,482.8895419042419,300.58304511343084,324.8819500041874,447.1055854608204,308.20038144614955,99.51597631213937,323.7762666095333,261.6383791564855,215.74489546111707,337.4492199574269,450.8585103894356,48.05494276354938,49.05502379989818,45.50369291201528,10.068692363926047,308.11263381546246,441.49691001484683,177.168206785398,476.7792349654167,486.9619332420297,471.4883502125931,91.82449726667785,174.62873357836145,369.4334545334379,61.17098899630397,319.6516182303046,352.337839233975,217.34515438610774,405.43253670446006,147.19374889927428,311.37549131819503,267.4238046307821,434.9652085383605,140.15895468687665,401.38099225383974,384.1894614424226,111.67815806356352,232.66120498540394,399.28320850432254,253.35120223746858,113.08133077882671,213.8633932892914,278.4675043726464,15.535453216718842,371.20917160928394,194.94072356348218,180.989676220367,66.71488795185549,428.65090273164424,334.03107961903305,133.64609860122633,58.22859225762061,366.4390947612041,259.88529712994784,85.5101803393214,490.3380724342449,66.16761466125676,259.43347842818173,477.6511963937594,18.22736281326226,116.08059105844015,421.7559109017092,112.46706667144113,27.97121672553493,439.0099481991501,318.24403676814825,216.7197573919567,407.76555664466065,376.1190525002987,319.5856967700749,481.50810955603004,77.1264108959015,20.904776793451816,226.30350166623785,101.65886327851065,369.01311995022036,324.53470506128787,378.45673908959594,353.950365850889,93.68266675537218,469.07372004311645,238.3757857709724,242.41042258311396,490.82945889230666,100.72738429714734,265.34440136203546,20.152119439129756,218.9275682544602,78.4513899896807,71.12118622777136,357.9471777720416,356.8206699904232,451.099651117949,279.76068462138574,294.1460388837753,406.59491919137366,63.542727541814614,247.8973911455939,17.018192813729016,428.3054203387625,68.17569219108516,151.43998114915718,132.36974384030924,149.69305101761736,336.4072500922812,275.78624444123136,152.57646662103124,203.1782135842724,307.38685273925876,484.61261013438013,23.47825453331376,20.62174400384553,57.14755212546186,195.38506616227542,381.13135749377676,248.58280211303872,69.4380204310705,272.353800826548,355.92748292208665,258.3203400386154,139.0013916227143,349.7245511311213,312.58120950178954,421.4310357018247,232.57591921223857,235.25796609347495,35.941045700928484,105.13139526660625,152.87701445224,20.070116375120463,137.39130473529792,32.719760111054875,369.2131453970153,145.73558888391852,51.654396995763626,231.28620191396442,183.39263281481604,184.72946434567388,94.37591523599276,210.36768020659474,375.6712672901406,216.75546290028137,281.03640587552445,377.179694835893,339.98089846055484,76.3559421773195,178.92384295635472,122.28237636801003,456.9985504554867,220.32947716913915,258.5856674771963,448.69078031466904,227.51733726211376,240.21452461169113,282.5311140124608,310.4881898364213,45.873802483004376,23.7214795733382,277.1631069843892,317.51989293979085,311.45376146352845,373.1689143724526,297.24516797778807,404.15093617254587,341.4679293110779,225.84900235325955,164.58527784109367,496.68888088537426,191.82889468848953,363.5368878771775,52.22167865511079,243.67544408565928,126.38617756054255,478.44821259612206,151.44404841633536,461.6362738497954,75.58165261620952,371.6636747021483,33.37184749868732,386.13469829613575,297.9397804452515,5.1013116076991665,21.017141570107366,229.76073846281287,312.46405996879065,103.68854955076046,98.18157151915113,251.33472683009427,155.13136226948748,246.75983172940929,48.71455648084533,9.396006637227284,483.7596795300109,220.1461127123938,136.94931071199096,177.92715800310478,144.86457336015678,255.65605274544146,123.67773522204544,112.72492687543512,163.66722136997004,170.73988819802867,48.51006857038775,395.1646688611731,339.3981613027943,17.48777124414974,22.53221780918413,252.8928472460935,41.67486389141356,160.48567086017678,234.67672238207498,309.91770529905256,154.4935870951016,233.38801520472379,224.52880653151635,455.9842894713726,396.5384190755433,161.4751922280508,432.90044358952673,25.219863696556153,461.1601884768387,161.6985990960786,306.5742570652059,390.70045195951803,407.67923832637484,169.97849196709015,459.94181773097995,41.41744027664473,303.12713263472233,190.9358056709809,20.365387148613245,94.38276228954729,270.316197661857,429.82272458790214,499.1195729668862,365.556725868476,316.3445830498099,255.66864244442712,333.55879049997316,379.6654284934775,194.88902964724525,1.7309222348074194,70.4466534013385,275.3258569002324,309.69166325675906,89.67999199991073,359.48893409661883,284.5683890429098,60.41552743544709,313.1029056957848,141.28372083879242,332.0938780358434,284.5727497930544,145.93905698297178,206.5129925286407,331.70730249643833,383.8349636241726,361.4671217124053,436.6389886093034,397.27261848188414,452.00953709653817,356.9801337941837,75.11361712801934,44.60416072292234,470.03207895858776,441.7389798938067,487.0615347811774,48.518337708127305,128.33641926082794,331.79287181641286,403.6302580402275,361.62508778577904,163.8835024931797,207.94494205315956,438.9686606660272,6.312943164683227,133.282870206337,499.42029564298457,257.84684055041043,171.6499682257041,184.23478154511042,297.56834212444676,499.6204397105571,56.87277168777632,112.12526976345633,336.0161277064631,484.0793616060935,235.26725756977058,383.1609961775046,277.3891580689547,397.3924180219431,248.4497155216168,472.4442814848794,27.054036868742692,334.4034738151124,470.37337484681007,158.35618058904498,475.2479639360357,83.53782777262275,44.626974222151894,375.6497467735292,369.16808027140826,116.76024972649934,156.00459856572368,1.1256442163024571,401.8170079622216,198.68908177092192,436.3229490771213,187.42780009159705,157.09080389590702,302.4590736752533,58.94266379610302,430.8959895913372,407.4185345256435,15.057942294532667,359.60448314091616,105.59176000914067,68.18957943697612,466.6191637813714,100.8241361313561,402.151577127279,380.8729600673961,411.9853911811485,408.14672085058737,472.564747565068,63.90847256937654,281.12823840220443,329.5068368271037,453.0408916472857,109.74474826528319,462.4774470759049,358.1756052201876,289.46219859153365,103.5708254159467,50.63012626050822,492.8207623512185,253.81302235801508,245.67538491003572,264.13613177172726,171.59032491643146,271.01550829559426,434.48230166741183,94.10373799954385,61.77184314959499,171.04028763299468,340.48132121831406,113.31349085249754,17.241306882634476,497.4809232878956,58.96416682245664,280.4723372974029,470.57538470388334,90.51228551595553,118.47515933625913,215.61978785700296,127.92868505145383,177.54913135867452,481.45892236119937,214.89748286463384,165.38900292560132,21.240568499293065,212.7441744741509,376.1362370022406,226.70970979681866,135.36237063964063,166.62735901552605,59.08512261908194,368.78390512863984,482.0691815757784,78.42025090003291,214.0036765465278,314.1787280290067,134.11120750912409,460.3983845057467,209.915741685808,184.81433951388004,186.17844930283346,481.7629045537999,490.2909130334641,339.9911169120683,320.41069206944684,478.0921840259279,162.53238564303624,108.82655008004316,157.9715074547905,313.62383549059666,487.6932047945696,489.5970648546466,379.34549030444026,478.1071849009876,89.7787413250517,246.1689685737485,222.1150560695503,285.0095677761046,184.59905671054378,115.34330620668642,118.91438765795476,155.84781487672782,293.3711195076459,52.01363668763115,446.8244282382572,37.20154546757365,41.72889151600756,86.71100160774425,305.6887127351067,49.00706002841976,331.69064052235706,487.42472824384345,251.8813285719979,222.46870468098518,209.58196957755447,0.9551679594671514,429.6427814479177,445.9447563400879,90.9409650884075,215.85448094533888,270.6190602804439,56.86996043696935,81.75189579032516,143.5503180361237,415.0630793715807,433.79245408003874,235.96196531157833,316.3550811746703,321.3252459093368,316.3007409827223,478.99427033789885,81.11700597626276,388.01162219036075,22.95232640713912,21.272761055431687,466.0295813073553,235.33187307251708,408.47910659740984,493.9910386886041,301.26872277044185,339.1465772610908,386.64180317709156,253.30436363202864,376.2061857031041,459.77568089859886,326.00172308133557,54.008663428934675,265.7339432691453,24.13341698837801,196.2245795262516,373.63738379453395,78.10106114282522,141.64581127067854,24.108235604284545,369.9725288423825,24.42021814975276,266.8827201947845,429.10477817185347,368.16072837004236,215.2947169461446,70.98690307423183,190.59411992781367,492.2084318735428,265.2284504906671,468.3375649727,301.23990015285193,270.05995319395794,400.6955527567975,419.5219653673448,293.80133344113335,322.18623788529004,14.1676439611651,96.5916158365444,120.95908610353796,76.83917999215939,31.850844354377795,34.73854985454972,255.7086597116487,252.1859476074503,89.56333004096263,256.8008474644483,260.8446252189335,75.01491780369174,365.3040875447384,55.138411894939345,467.3811546800678,225.8086624722281,287.0109102208356,468.47396937284253,476.82252681841936,260.6084319098167,106.93074789330753,283.64837343834307,80.80518046714674,15.245829256426479,328.9858876253363,250.83181164079176,132.4432993517728,351.9633857218384,161.63351607555992,220.48408993702773,367.7600937977002,224.36116656143395,483.7461720423427,391.2785427275408,447.1032896548441,81.92674921772524,129.70672215816415,480.40153122571525,438.3672918525765,472.23904677909826,168.0317005385678,161.48642384192286,289.47848069990437,363.6582576642148,138.83583964766933,46.294071104215185,135.69343898584407,465.27648620562564,257.516840074673,54.755010472800016,85.85358284630124,216.22482227044583,121.4506903253258,346.25293116558845,6.015264513485108,300.47347427943055,360.9438890404014,29.917028053044692,211.49282777074092,416.1595139953479,438.2729336711443,268.1256822329041,130.73937687786997,131.52580031973838,109.10952176388639,7.768014508808929,272.85584124753797,236.9286672914464,244.1033548365152,163.42758078087687,367.15748994640137,155.13669849296753,352.4041485934458,381.6026812686555,189.1427358623307,151.37944041513163,376.0560418172141,212.8816664362212,449.8977612689118,185.5597187621259,375.3029415183627,429.8718639472728,82.64518337529326,377.688550051718,87.74735114026284,117.48007417619422,261.66395737302116,364.2125538252621,383.44713288229224,140.54379701712594,286.9217689916764,280.39648885851705,268.1143373523868,96.38355646304936,378.9237152397244,85.74792513044976,83.90115512834161,16.21848338764581,406.68504480537524,295.1900273499984,269.69468390905007,47.78823908852203,189.84235871159194,442.19223607874085,463.9466430303121,114.9451536037298,223.01596894948582,486.92936750923235,346.4203166633406,250.0022378062137,441.45726070916925,243.95155158071861,77.0367828561308,357.8423113249422,191.219626411264,184.00355255720973,377.014888556384,157.4445441573148,420.62716196311936,380.32113522070284,169.8493376921077,413.6262082173233,233.4394720867461,390.5919692861155,11.349755404030715,424.416400970659,232.09144327697507,369.7158904706449,270.3579780760827,462.7655997847228,358.25151800985793,185.72886047519077,496.360470324742,482.75359384289965,231.8271693962387,495.56902740170335,244.66683877977823,173.61147500801587,78.96853594579606,52.83364897107268,448.3155520106833,354.8732444640882,135.25609836010455,440.80879018940567,139.85398605430072,303.42626352725364,210.63766265945094,405.5071033676362,90.96537753881701,462.51254421103476,478.7649093755885,252.87920595912965,359.107107283544,47.444041022212616,240.3932363679785,401.45505750647817,72.27751946897342,445.7030338326404,107.77429969775781,86.06732568117265,388.25764118824384,298.6592657556496,452.2160558878238,232.37331105284693,133.41374834751625,413.73081463980577,358.88608399679146,47.67927947304784,366.27368165153257,19.039101377647192,260.4678231807148,127.42245058316203,74.19511074549179,466.88645162212805,190.25492231999735,42.33648242242511,230.49947142088445,46.863172015502606,64.81585833997505,146.33748427475135,454.9950146859942,479.4682588240779,304.7759776828043,396.20880490455204,101.43414537446654,296.1240030251657,272.304987060625,9.251117562203593,192.230052018314,145.8138853978219,492.9562496726786,288.1292573770735,473.03349355494476,364.1235655580885,79.4257337888678,42.343916103253335,107.71422914336121,359.5183904105398,386.6237893232938,211.22328134082602,471.7514922233614,3.620964539249427,371.942917281315,348.40472616814975,62.43420732468346,160.2157823649512,241.02854828895676,71.68843882738429,397.6044838393513,477.3518304406068,105.3321462335961,43.50764655521044,498.1993609102432,499.8973680499078,326.6115574544704,144.69779731218878,54.396209421613214,169.86692161600104,391.49460537762656,36.944777499607675,280.4719607007016,211.24325444835844,445.1096647891656,46.07516436643833,221.94099907483533,178.05803868693616,384.3594384226349,96.31684003509943,466.3833969529272,56.625425910066255,64.50879289973815,154.13535284300278,299.34244582368035,118.58785745832806,252.23344956042726,141.40839104210755,446.3512137423872,287.00770553143366,283.6716989493561,79.52059442675291,196.97529044519706,447.7430253841948,60.15516266666315,171.25846421426243,483.39420513052477,246.68969119249695,294.3535876746161,118.15065248600403,473.96208459254433,160.17829768056373,451.226240329595,122.95836911835806,141.13706029278157,47.13658812697169,205.3439716037597,178.91764119029725,289.5396470553879,17.18929031781913,178.51656720909548,260.5396186743973,0.6558669659909033,168.46384792012032,318.95153888707586,394.8649213860115,19.7843826626401,20.16463895324344,266.74146196126503,167.73204855279567,472.24585983943854,52.37430744489047,288.6888893136325,184.30897861831474,161.16581631031767,313.6733495712394,220.0987092466954,281.1074910621576,180.26548744845533,57.160045300476355,498.07049658312064,344.236454564231,383.99159648478184,81.18892477837863,112.46056186735976,20.389496139850195,357.4606729837425,21.837103190042395,453.07942657683617,439.9673083186418,213.27209672550222,421.37008815623045,52.105427893219925,405.4383864019759,21.793935140542676,362.21059695717815,249.9536896260604,131.47973266385083,249.70209567125622,268.15749360517253,446.0366128009217,37.85525615888058,377.9055992748972,483.65401118727635,393.61663757888596,482.840406140821,280.1427784373671,180.13651086515836,289.0568810463922,416.6813073121787,457.877493439517,386.4503679950307,403.24864936822917,62.10048654697925,465.5789897613706,115.01265376428587,485.817866469181,71.6415994759898,299.1608735649962,453.0893787341906,35.949404113767294,0.4369121121618469,461.79541041846545,272.80056266798874,96.1080530264054,397.8134707550682,367.89079857860963,489.41412955119637,398.64035228688596,25.423411770024774,346.0304478183371,86.7929377543612,9.883776374628727,157.55628897924146,492.23016559674727,349.82293820694554,479.8993559443349,192.31143249282206,57.51270833664618,31.247720444596172,364.82593599929817,227.05315149675891,214.16073841368487,229.38476815713292,40.19439669406333,196.84312706574647,383.751990031937,57.56190137438555,472.32389105049947,401.93910221206875,141.60331752278788,22.770230921099976,205.6563014329415,395.1552637999415,337.26098909452963,441.3384292133588,155.90078678865626,239.49808499361635,247.12670544959303,346.47922553454845,249.0013222174572,165.70110269439,338.38089717127406,278.3696779147032,384.313266952441,160.10277448573436,236.65064096134736,266.3781398153996,415.5411313012962,267.9556375723253,195.6801629659808,186.84681894757765,369.60723746796697,114.63986349357036,417.8270207668634,35.44099247565535,367.8656048432409,335.8789034762325,499.63866967583897,308.51270005250495,193.5677389225085,412.79110712600925,415.6890567582513,272.6148011696315,146.61197241723377,42.529294251265114
301.08225430499414,177.29361628854824,422.3173188389684,232.09517972737592,145.80809065812917,444.44005518828067,359.1592064142165,49.10507618469856,49.51493171230437,15.572057233994352,189.50833992535493,442.8508784746833,482.56720498423607,140.8729758161194,54.43720223755094,156.01622175664804,88.17982607836001,361.1473326538765,194.0752861910715,50.00073959773216,143.5837031878901,128.07351034368276,495.1922224213875,121.69197436417767,252.12399950977067,253.88695701888008,493.95735634025857,43.40599232967396,243.25714766954354,52.407688189956836,291.24172361057913,251.0892077715751,174.25095292405211,233.26211026593813,184.65695970329566,0.20105308762374818,55.79613303508757,61.71843215303152,36.75359594555905,323.3564149875841,130.22718385558142,26.567726461965645,245.1598681486956,278.6015827533583,212.69409999210453,149.87976671565585,444.3167189525344,186.72657094614715,468.1480584493301,342.03508990318943,122.59961128379877,128.24631917154085,324.0825342263567,446.0839805012821,45.37348035958444,211.63245157506327,311.3080835926798,327.0242082661571,146.07252421010918,97.36197324998092,52.358452546050316,366.60797115227916,39.18425266628051,20.029565102698154,472.2074291628536,424.0162570589522,471.50364056634845,79.68447221794916,477.2339888512041,240.5687954776733,33.25227497760819,60.42056973849552,64.56773398938098,496.9106235601056,183.04986761131835,258.7702148928103,64.95402721491661,21.159890287493155,455.2111802597531,427.3760958999248,243.71075044660245,121.61465812499578,338.2872373493057,391.60905371955937,469.2059733220944,7.9532042753797665,176.71078259436152,60.04733559033137,269.69488590952955,160.75915515032534,117.78672905335114,81.4194787955887,11.057144759134552,169.06701258322943,44.23207727903017,5.355726842795172,131.18418908748896,182.56180850169412,384.39890915390805,303.16981425250805,185.03708849449595,121.7487667886561,390.3377547339102,323.0449737534088,307.55514453536506,74.20345415670899,448.7092864476158,201.52643828938415,297.49875456115643,138.61238237253414,423.2421436498513,158.26215478764433,464.2487615075106,186.68931814777494,138.88904072886032,47.77055963519222,296.82085668509444,394.2739629384517,478.8711229332337,82.82769024033021,313.7405448927231,262.85089077454586,126.6322159752527,132.61899846621623,121.2092393802578,289.1893995457575,276.2255635018379,359.51227941820105,137.82349146120598,28.54540237175468,460.4521348052551,358.51916729745386,289.96280677120905,258.6620078480516,128.73136722523375,363.20069323792006,375.11363408749384,479.8191052679362,356.36062515591505,9.73883635914996,373.45198284404194,141.5720450611298,443.59476658859154,253.52558400639958,481.9561797250489,420.5290810926957,135.25676831575973,6.975293274724903,453.81747284901184,312.76242357010335,142.79100529598227,337.3237306629078,497.5258661535228,182.64753892093256,180.46715683887783,130.87190985632313,368.27803886992916,2.3858290747286737,300.30956809128827,273.17101162655837,461.0117921609519,169.32239056880178,328.5897343160824,110.69086277442925,15.827026589185389,362.87905878005347,60.08439556545192,147.28934705721798,398.2861364103265,420.4911693601143,43.883923285958026,375.24460553581093,133.94743725109515,371.2864247401992,377.72182239612584,409.18028285277023,10.197059512928764,94.46098378174422,486.25048241693975,303.74382995648006,410.50648260500145,93.45687859584089,108.33591337205206,495.7067073145076,247.8769526771241,170.02452547856444,399.91227338384925,382.8845879280642,313.28048288546904,41.89724284616992,262.02726819744936,434.1246419726469,264.884680393487,229.66201365945722,213.70065110960317,343.2310531638005,298.2380340470995,114.37182706187204,212.64725781932543,34.469021939150245,167.50748284186557,484.1932299841979,232.1386219893561,126.5271960187912,465.7794796583912,272.35359377547474,467.678303875518,142.1812545333283,185.243281784099,59.282780711366115,249.2185085591218,471.889755376693,357.7303820234946,163.2453135431195,241.19441903791832,465.98034581417187,488.5208455242602,30.08798050206335,155.77280737526362,169.35874485254948,55.653601783133446,478.6493185373152,135.59472914182007,27.358680645722334,108.44965032148879,493.4077694995479,154.55108127639616,422.5040630973553,493.8128609280175,287.5372642347314,483.6996100346516,20.355237624913148,191.14628795945603,13.538816332211933,238.36745827967403,480.5705090785321,356.422777611757,14.201733756276314,157.8129309282218,15.56459092626733,235.2316055251048,295.4087449274026,52.429322387565925,243.5265099507059,251.62158756846765,314.67385317059114,30.22402748222863,135.25846882307462,283.34766463413155,328.8787387360896,340.7219344093438,143.43716113117804,271.52406840190827,38.83683164116108,322.8162454360938,209.564077604803,404.06785656216687,170.71985200016553,122.20715754269878,254.87466676466934,290.5644646875889,493.8104099180026,271.2477994239643,448.6090246784557,190.27369179431525,310.1389113024831,249.81105344005928,248.6866317201508,357.30350329616425,133.89073027505148,243.04301910711297,421.15752699327385,404.4686200566693,334.1489596387056,25.479795658460425,72.57735220629414,341.0811204618059,338.82507691466145,476.199937860623,88.29146300045021,380.65767521419576,455.4015648337562,455.5682004172343,338.4881420185537,356.2455542019776,230.2067295712733,437.78970939596246,307.18254323400373,17.529050781452725,162.76697172185794,228.37660396822142,178.98524590807068,76.88368638652676,169.02748597740884,268.11170042938187,193.2317196564382,367.79388288420984,178.48625160800634,140.63349797715057,135.38173764996165,287.7227383819497,382.3937306615349,271.98829529641233,147.24876422673654,339.10632155639104,223.7203187947968,409.5857500005524,430.07152043134045,364.3270495003221,64.60595413418291,143.0763997330758,351.66806593852743,438.37189074849425,213.1448288828378,464.3485775168445,494.2700346479715,429.7263665170277,252.04281419857537,490.54171325418474,271.1183193242188,26.568878678145946,133.2019083709702,213.39786392664035,391.1856654549555,337.4488558042747,353.5176466537216,4.052890438478451,327.89813673934003,4.507555852379664,185.6283104686432,198.9790338890149,481.75708385384195,163.09888348739992,67.27600783391058,228.72872638729197,174.88996187028522,238.36715950595294,223.73243228487271,270.24861980574326,387.0281495289669,392.55503508479137,394.9224047554801,222.5758676088852,454.276711841515,499.56394415289657,188.1957192922948,81.49801973812282,220.16103733595628,296.87479000836396,359.7730376224952,267.67734461200376,158.79979804219224,373.7391702612463,322.52575055230113,400.5397045664437,161.99952593302126,136.8370044787237,405.60124519837245,187.61962474093724,200.3993074039657,334.9257919569919,256.7382948876612,119.84613087509638,167.5944837958277,310.0150262285239,471.5260811970929,134.8796998635463,3.9589251736005804,117.50110940704478,83.69318298478973,317.9565695446293,13.368017156523027,241.2256776806872,63.63038603358206,32.549288094129324,336.26929551714204,122.54622046609099,241.23228074494185,357.4861991794432,479.7330958069896,361.4633720939489,483.87793625311554,281.4345488002985,55.043877797468944,462.9530755973627,347.23513217884846,154.6658301700966,341.4819246213565,450.31370044959624,69.50360693391983,107.86392051830302,381.73850461615996,313.96091971727094,224.41724380093342,89.70966547010906,106.72325005477795,112.90468637653395,203.30936354322864,183.43287722784117,413.01402427043064,94.59320816453865,205.66775288172784,253.78607154469924,20.377786683746237,449.6414825601397,172.44425658311025,127.90473020659282,344.65585894171693,259.3209697270266,269.6182359195344,360.61856481284,188.74943315871135,433.22314685903103,321.1349278663895,336.3257533724363,16.927589255573807,255.52721281693204,20.835483152384814,486.2055453361544,211.05989579652046,349.403928351509,494.68945106843245,332.68202984697956,465.41900260577955,45.36067813908845,32.12910238925865,0.2443536500595922,257.2389262211043,183.22767233416366,453.59052467547514,95.70342229596329,367.77221647859534,83.08036114467787,179.4768092782269,268.6599660350368,141.93657574644268,356.1428361121342,25.105558306884102,103.1184141860565,468.5627357388842,214.21299245826575,217.0698198568567,344.22631097568706,60.290230449281665,241.49591756828605,159.53382506343476,34.2363162924173,108.22952316530105,338.04207631006943,239.35252660062883,342.0864418357506,145.5314439465682,470.8947810638518,484.52661301987126,209.93595663790637,425.9928399249537,333.53710850040636,409.7313844377684,469.2264192547567,431.97469831664387,382.45539873876385,469.57346803580145,438.53458657136116,439.06676956135243,69.93439317570972,417.7903870491971,107.67231606245753,341.08391101470215,63.69926483992594,416.2497620783768,71.24090585332516,225.78354025256152,362.29928378824025,322.35165527102515,408.98414013562547,485.9806448073015,7.013372615612301,322.0411290255895,434.3646683636397,457.40402132763074,385.4501116133574,225.36609433669918,142.8922733240057,299.78478774047625,200.4360969000759,404.1878217151404,232.2751653917014,119.41841832109972,16.561246559377686,332.2041140869868,391.5158556015633,429.906330459587,81.84609281232008,95.00972322200074,34.77134911443791,466.0954011115221,24.0656905350769,383.64020177980035,370.24463535969807,428.89735934145887,461.3526607829625,169.74079976239938,457.2642039387391,443.0120949800794,235.23750133907427,324.353479222872,235.25996385285873,238.8411970015135,203.89498187492939,435.3594630814162,412.7934668567374,220.08243492270336,334.1998965925723,104.14854233642701,62.66762010095095,26.047998725251652,52.022534695494116,3.1289813947330547,358.4699832439826,13.149259098068079,490.2422947848247,34.48346192577062,121.23717044684828,270.23672799805865,211.0122561479047,136.47926214322192,385.99154054596687,252.25595203106644,471.9634989094934,372.5734476955456,207.88417359105378,4.980482813097042,156.0465201494869,75.74980943514409,160.27048245032566,465.7306399243752,252.87249384822786,469.3355991257668,368.3559270677107,461.9515025779632,240.8507519492472,6.934417431094742,160.2794243072982,257.0624608453458,159.51172060100532,109.41227244045542,482.4281475710307,205.1052889530346,4.307779005859991,45.84902602074731,81.59733852310497,144.9659581925199,497.6803489740877,429.8750073098591,8.035216548603398,54.13980695393911,338.5835174541952,35.76071247238327,291.51414921079765,1.86636110597177,416.9528082929426,406.8228767895323,487.156187992742,110.7904065128793,305.19442289571003,79.29258104923414,354.85346267305215,51.07462102851418,442.84274964388254,398.7142978475769,153.3012737243668,363.2555553816736,96.04355481898985,16.437766380297536,81.18454561786537,227.93674465573127,159.967354123649,486.55409638767776,100.53225408977751,5.312894965042281,103.45116319103492,466.7361977538203,325.7733792739648,206.77710916228554,279.88879795423685,121.40248303496331,170.57098928563025,177.702796148848,46.863354362951135,259.9234550336463,145.19524155128866,13.890680122882193,18.854128590635845,229.79110729469238,195.24755480364786,144.68653517575407,5.845174864880509,336.2951366939238,107.88226515695621,440.5386921598445,408.8752176531931,109.20076736793027,333.113611898763,381.30211295338796,147.70844754508306,399.3328227928142,238.34184564507842,496.6905203000746,302.5305901172541,247.28480745430582,218.1948371202691,284.3169224156028,245.25797193360367,177.0337811989589,40.03542625686518,419.32238532959684,159.8851948172661,444.20066486771145,184.13760417339614,240.28999507595182,139.23729825968724,291.6405204322202,315.7141030759917,43.85357755881747,424.22181759435216,497.35949885030425,395.2509183102906,117.32105854797442,373.23447614706527,212.60817238974806,302.3056701571504,179.44424680759315,262.921665947352,470.4591374158724,102.31251525245183,362.81304065100414,240.05469532786384,110.13636359344243,20.945058535957017,394.655541062559,29.073693907188837,1.3480110095659414,149.95284291970407,205.61700071101902,116.72220819816886,230.07758262751688,46.92724683010419,81.22562888895895,31.73104884988759,115.54187510093178,240.07056709782916,326.4401965004057,176.0898850632396,20.97246940448494,177.81460932600473,20.95417242498404,443.3107249350207,434.46903972745116,123.60834127465364,225.72917342770228,472.55242170933707,320.43478324626886,488.0135321482087,30.36415269698184,185.46996557685486,302.11566655937946,461.2089086168839,441.6895445478615,10.403040829182753,52.39146263650496,162.35527664530886,42.23844676204658,352.4574897835712,124.59488794044177,129.23930372093517,7.313911316710442,214.35486162999484,241.7991814235697,425.26778217957053,166.39971986776814,230.94594560216214,240.88612869219367,335.2120105286145,222.8962364684609,58.850385953814865,239.554458175833,296.6236963712771,388.71352929730074,325.954685088411,78.663763903971,424.92197052038824,104.67508007939912,244.67117727140365,195.13522943000467,277.39974499872693,29.758177101874505,387.016238640187,446.19305154941105,322.19106216965184,257.80852299472235,167.2610595767941,66.3368935137263,382.6349739744741,318.4705032557288,101.47084123591826,17.079251298111163,45.219640208391866,37.953502434563134,153.2871809117039,93.62077919627937,436.02760936001357,118.91057283977702,433.7936750060954,255.30883057448028,35.437295981915916,268.95612354964055,248.25208117159036,230.3130126761032,213.5613711883303,359.31901470370326,353.78717490473275,269.2403599760122,146.76623848102045,165.1045391174566,64.88752957071748,294.99432565005486,199.65752631656898,73.60575547822562,337.0153149637666,62.892016797077346,276.0404522711047,441.96791388611643,161.75517030468828,499.68174231119826,222.86287839670283,62.51294883359099,399.75402049003395,91.31245030448115,383.39260581975117,356.32029336454116,352.51839005429264,467.74645684479947,139.28514073253058,351.6042794045159,271.60021261415574,80.31648773392536,193.50295174543447,74.51535857478764,100.40388474877903,244.6160212314602,45.62757824788283,146.24337635415662,166.53236566928393,46.295573136638794,322.73878233046713,260.8101537871311,154.79139317138495,375.2381024646366,445.54109093877463,14.790851606103717,45.30220334558466,48.191886819349996,226.8113301794732,183.7649340856047,146.8636120932577,248.79808012220366,318.8315162079075,145.59309506319184,25.831600252904373,438.65475880749847,305.69829956768405,418.360355833631,73.97811704876794,485.04813454538765,353.5425016596845,133.3359679907754,42.47972440644382,31.918862785762947,278.5217265640601,123.74996164146712,384.0478959285698,87.98570591556582,208.91109416874502,9.669027869019075,179.1868847547834,147.32947090985832,167.84091086800612,244.42585085406608,354.9564128685382,431.0058843913905,71.29631465151249,164.72673434341905,379.9388221375748,329.9824019413028,24.709379091514773,315.3910003589332,78.34167709507206,223.64579069534668,315.74195797144176,499.9758287970501,370.55716025560105,31.45179695633865,390.6738533016528,61.655714129410676,1.1605694637032427,57.768527613215326,184.2944655593135,126.54251240438691,48.28448940454605,358.48078785159885,491.0968111196922,173.3376972985431,166.9850131062211,291.1872531371133,84.14450056805678,197.95070857276187,123.50503404268326,292.6997255735377,381.42144392629353,82.58133333194678,345.86850873056716,16.073177922562408,155.69862997347184,351.6902519141033,13.72916859273926,178.62883441743892,45.44233270229031,33.20894364329069,181.39145193209816,158.01313091021268,421.2852785530436,479.37278613376196,15.441432674414168,216.72475439820437,98.708723179945,410.1968846239503,112.96422056464034,134.02024826722226,331.190840442569,363.05082941119787,410.36567646551686,77.79934758861306,410.86135978876075,397.07163489971305,389.3522457561788,180.53773729938194,423.42851857186673,106.39733442384941,329.97739318843895,81.9624477382514,105.67762192997465,328.9056658778385,350.3202824708831,423.60729494732556,187.8612736850093,48.681298302527765,160.45189044968362,436.7429115198552,374.9636747920853,378.2630642785503,152.58695080481803,319.20474774246145,210.810278119418,299.7172864112131,123.54610207928374,439.78674207044656,326.7985060776296,416.0071318479641,302.38060292693274,35.61708829535765,64.34658334129573,216.67066782078297,410.82530696836574,274.84642020817836,133.59275128532278,200.12919859326783,464.3701911115995,79.96195250884308,402.83607884959906,16.163118288425814,324.9716392263112,142.0170443971569,278.20228469395073,487.8498043047313,430.7063873797728,196.67379060026076,261.98497828494794,36.86857131615828,256.8180494551093,305.9114234892169,427.1888464228448,217.8859701978466,440.0836642725301,225.44073694306272,105.53735691070393,228.72658457950058,139.3122473827765,346.2692659562445,313.60265977196474,495.2471841734703,323.3204583371637,171.56332579570832,37.61745554338114,444.4211904398596,287.71314006769626,416.45733081117965,294.7652175927538,153.48050441035437,381.0625627485765,267.7163150034458,82.32489176157482,50.61938858423909,369.7327169112062,308.04026554156275,110.97099674260375,324.45021274401466,210.74048551541352,303.09022735437185,39.153269285548795,109.85385979556206,226.07939745518996,484.1107191590508,188.00355863687145,346.9574561252623,488.40077003780755,281.4460167117445,262.15282298549243,118.02016708758289,10.8137152941718,40.81983420491814,135.02687994592733,345.4726049315107,368.4818093981066,50.001485673900504,241.57154197339165,322.987057800919,378.93618649515633,409.1703304405659,0.029770789066463355,319.66913548234334,450.3740779220522,392.90994523435694,355.80484956632625,118.12955516338536,37.916483481975014,219.91326267531088,260.45773322876994,364.54467953716363,275.934423954645,312.70426995983087,65.82891388248879,227.67480116296312,440.21080335551494,486.7444701316346,228.1668818320884,42.68079131899749,292.54344174456287,266.12297532466835,155.26526199108338,163.3573453772362,419.1323774133419,2.409403574916036,446.1457284672603,261.3865218436691,435.31709643328065,85.27715979046651,371.6885201640275,437.4440113958159,325.1791432083605,262.51644238679955,387.42468012193973,410.13375559623415,236.63459661387049,217.40001958009032,219.2643042884447,112.1297549691686,53.0421134153426,493.26129813288367,201.0847524715844,322.8189801133343,43.83043432061756,465.285697908032,280.06055014263274,94.79578375511205,372.67631915844845,306.85556782635086,474.5630896459182,251.94321370762773,313.9864464375367,382.43116969314724,163.3555702270912,265.308796469272,138.1935476100875,198.30588502758422,230.62895671273458,204.9064518562513,395.47542931122047,304.0006597936371,119.09967527953353,359.02226794532857,269.82938376195654,58.64486905890271,26.23488969704546,420.7477035507275,180.8952968935008,25.305572577207446,319.61427634692745,440.81083197044364,280.18888953588083,389.1896488086302,327.7422786875583,2.401962279585612,329.4812085024687,498.07883681554193,129.07352652709426,101.9152092447147,84.93486863559913,165.99634774988675,33.97373348482186,16.90338021359128,30.837008020845047,305.4521400665871,396.05156380882465,151.16022342845926,144.08072286488755,23.100691912988914,450.47479262152285,149.2354690451824,157.70401188359955,40.43168076586689,478.6611171552954,247.4187496013768,437.54171740394935,10.726013535837408,243.52693144805232,92.52848249140388,143.38312879414417,278.8180442677742,4.994119694877453,379.08733362885056,89.70810637862515,221.83893586438512,136.58728963620626,137.6333117658004,426.46795747585014,50.64632460309076,374.47661272945146,192.3120353648014,186.75989375634495,446.32739575014244,260.1993455950693,70.58345808763406,360.92272673362305,67.51541157787894,83.82767487813724,446.943707938285,349.1972809273461,238.08777460423968,149.75189007093016,457.55965562500535,426.6951762445214,197.4967480324758,15.706446248852924,213.98077112553577,313.9692673881313,119.18045293406948,182.9080733979086,90.32683717650781,217.35208247409622,327.32724704907633,109.75065955413282,463.58552539117534,128.02496756611598,10.033204619397607,40.962102732003125,241.00812225836532,218.5365836681283,14.974775505081528,13.426528799276916,399.0945896522219,107.57367543410123,431.73170640662096,169.14127495740055,44.43565193426197,345.64891426840484,92.82614190965054,179.29459950970627,126.64175808705647,53.882886722961985,51.96666829708613,367.9770997097974,223.69495809558154,151.2794374801726,66.2705614298848,243.32032029837424,231.6044136541136,202.2455171621922,93.9583617432464,31.15952748607026,289.5179129800548,337.47336313770245,363.9314019882522,493.40269584644403,31.375774802613556,198.40814235788784,143.8823651041087,58.86296085706111,341.39463189585337,498.0256467893062,149.23905497736993,231.93959506046158,218.34951758146315,478.8011229254988,405.40171175901315,479.5562055618598,208.18634406847934,210.82574169663926,363.93254723821724,449.7643874540162,408.8642548396163,469.5439477642095,94.65858196692295,45.65039610813759,22.10199317331263,439.3037955462505,212.814340815685,195.04545786385492,255.3604069639115,430.59726111678367,37.07608668964213,96.62457256490615,40.917530361794405,161.2819171250049,160.01879989971124,118.68743766427819,315.7322537448511,323.38328660563496,406.3663001504526,317.3673720329423,197.46818406651528,189.9852880445122,466.63860887421316,459.7804238930716,127.21378286804624,358.0456875506313,22.75868760699834,372.030130733391,224.3369838741644,491.79644632129833,351.0915892400284,210.13805598494517,245.11236254257406,409.27396914598353,192.40873363505213,374.525060290075,98.75407582332474,270.13059111119907,75.77739833978691,472.78282106877714,352.9633175445437,338.3961267707958,395.3985042110159,332.2084030262489,409.361215008439,328.02331660924426,82.43469021923677,426.18371371005,360.63605085906465,258.1291267927111,119.66329310236378,201.88768156840914,317.6613364189597,168.85406124055208,81.4769997122175,19.147927542042975,44.0507737447488,337.41137713502434,69.2788860403064,482.1046186889678,192.29332910041524,199.72173009364158,333.2726789470577,358.641410953462,57.806624735274205,117.27694057632998,326.1181317039825,466.1466033474687,352.69582107459206,384.03812823561753,87.46035163792243,148.68966158829627,341.51615824264314,155.14665337261968,383.02235339650707,379.0557125204958,330.3072948857035,189.07045867755667,217.02544223367332,107.48073467274871,46.781245273624315,257.09045033770224,495.91431891746123,163.21392861162997,443.63109866229127,9.106385005613948,170.28219436413644,291.9187865840794,100.06979762600116,420.1312564231773,177.56253243666924,310.780454095554,400.9071594295201,265.2381159247726,60.11606044449119,204.43311423664755,289.1033314578534,384.43768733087063,417.7033676242835,350.82494513154944,36.157767837809274,228.97126700225252,61.494052315257676,118.88644261856668,204.30470187926124,457.4846098041872,178.0626478415085,346.17448453527766,414.4944535916014,266.625281587652,121.7767360674642,5.2892930912285525,409.9233212122411,160.3821344371414,30.131180881834972,406.0404505135105,273.301475843215,284.9549831879989,280.6771541099214,1.6142791198635043,92.01226266758444,287.1850995476221,25.20142247484669,55.99523653143018,145.479876336768,60.79940659519362,200.83665993716633,482.56348596603635,166.946128162542,405.176964777232,198.9259863297259,409.7049531390588,199.0515188632661,283.60589822114724,31.218985857771607,349.5419654764416,437.8684842962161,189.50843696246545,53.61309128843123,366.3861324213425,130.35787273044335,236.81531478325707,430.6942735125922,51.75534235377177,29.597495819422004,458.2978030460902,224.174492772524,325.5052120987679,201.22651646879103,238.1891987632126,305.3670565532939,388.49180541338256,355.5760159716537,381.9520461329524,493.2502023343417,389.4140751556341,258.5605241990953,137.31395983652394,83.80759755614781,486.7293619609155,312.75101315038927,23.207198527742445,119.5701404116572,149.32842872028147,459.9929956497881,223.97748838848958,282.3011045596827,337.6612703545,84.21378843249589,35.80396575505801,426.96145861303756,246.28043102097968,94.0713153058268,472.3115073605632,470.09929708214565,365.16185904976334,96.55430961855593,222.49969351137273,2.690242808244092,452.949517864451,230.1277539317702,408.44091117295716,101.03879294584794,137.87758237679787,244.32099191986921,471.4158421415436,481.31988817642247,25.70430672900975,276.68476509183705,163.6899857847074,275.7514361727184,140.18704203610116,224.1452713548477,70.59325114010173,233.1532736003814,169.49901911994,99.01175250270488,303.4853172341415,229.17071046225067,113.1667955467408,145.73937114000097,452.8506292974888,323.16604644325156,211.75251733468397,334.6901980811894,251.2440140628776,230.22690858696575,79.83141415719774,236.72323729065275,79.9627668988055,408.9511893138769,428.96583687930274,167.6588431171729,297.3541060197422,323.13346636792033,217.67110198849198,274.4113300899384,33.67192062476509,479.81892738732853,143.91642482454463,324.45565969359177,404.343844849549,400.4255908580185,427.0972294240492,133.50802985756062,199.72647575876445,23.090623199231164,364.78476700648844,215.11107255606487,112.17960232433622,266.09721448078955,495.64893829932004,247.89677293069184,378.5533603060672,474.82191018480273,103.51787477196272,361.51340235219476,64.72968359126052,43.79886420180218,150.1015675199865,384.0320836185738,258.533249506392,179.0372081709992,369.87378296274744,24.80890555001625,458.83148379680705,131.31739992545826,491.3516310402071,316.8976695828733,243.1575142061206,218.45299003915696,38.53450442877604,291.054141711308,52.91593660352273,362.1913760130514,114.99441517187486,280.5296029686799,134.64141553251048,495.68945655634104,438.2518289765294,205.9672655627175,499.6515981848851,364.4378568378239,490.1843826391984,138.39355326724834,417.801257845958,113.66935875459106,9.162265763462795,39.684452980212725,375.48584271479854,57.63044386243577,68.82263331997468,277.4261628743335,158.42930064307265,278.05173570198775,232.8291680378496,48.59837216806401,238.4683921208713,336.8444093737553,81.48234110912716,403.32681575246113,76.98783305206314,115.00599520570192,464.1316815960729,361.3404127445192,111.01809542920593,30.15186942945641,123.87497252773777,147.39586350999556,9.158381020688555,42.949104989710605,195.78438640185908,344.03160110454394,6.286142479191903,305.16171753818446,322.1874551230297,77.44058459961317,130.67900916528004,165.7348210781163,322.4038463605131,324.991306844465,188.01199488307358,402.76448906556266,106.85804610022348,337.7007862567843,238.2062681043704,353.7808297137682,183.66957398497962,408.0091902233059,482.391365943297,255.0849976453287,408.72606083031735,391.83457598210117,400.9166382502354,128.20627824563334,53.03295627499038,274.28537442200906,62.06828682688692,317.32718992770583,12.231220598631188,265.3639852946695,333.3231513437103,227.9478835496539,450.1248446142021,230.0138017665056,490.0883519146771,472.54109196419876,273.23209046935403,234.41515983813198,367.16288354937154,31.777696369942433,45.210639209995016,12.56194994450388,188.393489433534,189.38661626998726,96.48447513685949,165.4802411969527,393.09144949239527,331.52665542432845,388.94987158445974,130.43667469874615,328.1852101154061,153.2847675752802,482.44860247446064,65.69641849905616,268.8991845995191,459.8234024671605,4.005796184517907,498.0193615599571,98.79038696440884,421.8667451456181,246.34081192504698,435.96869434692184,461.6421335945802,204.07234989356976,366.59485476453347,127.35846733682571,409.30626249808154,223.313751516313,312.4645874896161,110.14052042281153,112.98991832723293,404.2411660563929,332.29190234784375,199.58348348338927,120.41308050950717,126.42744434904374,290.9304835197094,476.3003586679173,470.7185192082934,53.7298894197385,103.40704471708806,314.62786236833847,27.01479473747903,366.0263657138324,296.339075116047,305.13671162222397,466.0139724995655,485.7592801974358,125.19441433623413,258.6847075550416,8.329591667125547,141.4968962812973,190.20670746440194,172.17406246054912,365.29884321503664,446.4025750321587,107.08479278012395,329.64964014927637,100.97719305320962,404.91568647873373,317.1060383366647,4.242090174250645,224.975346434224,30.59285201183509,396.1166494820261,252.952480724703,472.3763388920747,127.89206583913094,129.11952015363698,44.83291866153883,433.4990298351807,433.9149387130831,226.72903798815182,257.28258443501994,470.320710280095,267.26381556629724,381.6464903536596,7.5441078230314425,271.5155544264676,206.05784143695604,8.879440707684093,74.38950563013009,426.22792056541556,137.0778452378701,90.17281249240344,377.1457439264296,413.30811185730147,54.53377476606763,100.23240110840476,51.580877697862626,38.037559748982375,460.3291771904299,418.5648053889997,312.48856065378067,333.2437085478853,440.8516740383102,206.33954628403205,71.77945197782859,390.3589251777912,99.32464531200469,198.97178132790438,247.52159095704218,183.04115041528445,160.45701010377906,24.68082619854656,345.16870559221366,10.26566938913609,63.2866415836752,49.75191563456283,386.82728362322507,217.62424037318635,398.8077912368077,413.262281687962,58.32059742843049,317.0077302355224,178.182215447651,232.22919916552698,186.53602816303277,34.450000261555594,51.789485673330084,427.9459378536224,207.2391604781265,34.661660630789626,245.50763875916954,267.2330958388414,66.92166597942744,247.56047128407704,471.4978595853362,268.4299777691728,111.12480079627396,455.83623012502886,191.68990065278757,462.30053217153875,132.57435621389263,51.450100409590746,311.6321451177393,341.1278207120645,60.86695192149749,2.5316037621079257,422.09727130463585,139.4822696061252,34.19852608274443,361.59381415034136,367.85735680861035,14.253670614028435,38.5620635878608,177.31513244311452,170.94894662196364,473.8295160733757,88.81057497563266,113.63904053164897,49.50708567117768,35.70196883406551,224.9243538921958,487.7392543214873,61.518758043050845,47.69574064589016,409.8364303231138,167.3580455980212,350.47537133505466,422.9604735202946,4.288184385696725,16.028045688490977,183.39511266054913,191.37499881702374,331.84919579637574,157.04913863060023,211.32522831681194,216.22828694617618,315.67305268069134,465.94567031552054,315.7649866474424,298.09140531215564,162.87851161112872,267.9648332580096,84.45540382482636,407.13718603304244,377.98935994997044,140.5504301589422,427.207133364259,88.32449880346505,474.1385862202551,450.54079530793985,486.2425900242191,424.294768294993,434.7660979743598,89.83182087538682,138.331841738503,261.64580940307644,22.451964230799206,329.72099586231485,305.4604342496627,30.662006839454303,404.0077019008298,303.7530660692642,151.65467475938925,42.997904047385184,411.9400448891673,487.4444566561635,466.5358704536427,316.5332782156479,200.0127180529513,462.7820549905354,35.72391123683744,333.32932446658486,348.3964063524271,120.86366966450912,368.16886054980625,39.011334468113446,419.17096377127297,472.6653828008908,126.67869380256158,12.668389479208454,477.78338105452434,151.36136144300553,180.55748444257063,231.8922066202011,435.6030975117941,432.9292068226763,183.57617981041307,208.81804430625067,454.4026229745868,464.7728442456445,236.61094932555403,330.7537042415448,330.6858118682665,394.30668488187536,474.29420779407127,259.1858672019445,401.2928297469939,400.3372267896319,117.14281523743541,94.52703971863762,170.36645244043447,106.61667930630558,50.66433653463809,307.23028111817837,140.81318709960695,82.11362423209472,330.9383785353804,350.0064470034425,270.4949404740385,346.26116668944076,252.1969799714068,338.24869051905006,48.87108526489242,58.188046431302155,429.5072697247216,401.20913167408287,377.84656898659944,20.48557556102626,19.741249970502583,400.9458111300743,166.02908705359903,377.8909087847259,185.9308194847128,144.15248620035692,43.622604463090795,452.1147103808675,182.8759171539932,100.37819446071417,171.5506733014291,191.57236009808048,90.95353064475209,450.2366717927209,377.2013273871647,384.7911004239164,429.864064893763,289.14114511933525,58.44155299160375,426.44530115824614,474.9933339176704,280.99828716501605,494.66702027347645,246.42762662901686,454.575230978138,77.08282957067641,360.86134488673605,335.36542395003875,394.92916168823194,435.6768506458598,124.14604702147625,45.440789418325465,416.51395659827045,183.0375252029648,56.5250979523429,432.2543381420684,179.0907930683781,96.62629027797198,251.20415182284634,383.55176203943455,384.52480508018635,35.23558527284182,252.94949807340745,353.58805708718023,1.17019815614966,311.1003365990191,170.55651491564262,85.41214099798216,357.27514398001614,298.6536399843375,479.9948715447926,114.95829124355633,139.78541251996728,36.09499424469648,378.3675268540745,265.7313569904311,278.1170789848188,208.8778761394519,109.68317144080841,234.16725325202557,461.83504049273284,350.66878862895675,98.72279812533641,459.61156162027214,259.869540898106,94.41776947309532,179.3715731413222,443.89184524601166,136.9601014667008,351.71022847566155,289.99152172903916,39.90327351926742,495.7464099089409,497.19017838192786,52.05605591466361,292.7422494587199,47.75690337950711,412.02516278767337,370.52987559420933,7.7111364104220925,53.688162724562396,338.5149749319744,155.36122033769416,54.37387521494064,387.4488284564405,374.4148910655664,289.85546288045435,267.1977034131962,427.1028104894177,496.12836259732745,55.40680225432004,449.1728613429231,37.508047979768975,181.3400858990059,453.57972569581887,120.60131387939937,16.055969740588093,128.75685778937296,432.1024742561936,489.5454971350054,439.0878109280337,413.51089057014417,410.6918319185875,361.38973144151737,293.73947229402006,160.52915574571887,356.30412024745607,41.38964936238576,324.3699453309372,428.3166490402083,104.8016956889799,266.4861414142881,359.97436550993206,10.049706203068665,127.97598544314698,481.5244459025068,255.161006014597,436.83883900509886,278.961017126212,423.3509885918379,205.44349340719936,498.58789832403704,199.3740956804513,31.702966504311036,177.85528685474057,155.5667447733418,43.6883031217864,272.6919426296792,433.5898558908696,385.64422547643807,280.726551160814,195.6175923229455,473.28787641876255,277.6735545385275,102.08101839151485,312.69943994594706,308.313468700013,44.89011328920589,293.22727883252105,421.57218548438107,166.62317347752077,429.3058747673548,452.87426594211894,383.64182891970853,157.83717315608686,139.20397919811623,429.24250014586715,42.81660280643196,299.65024845176936,69.58719026914461,56.879549609221144,36.018640551161326,438.1599900252956,288.6677270113446,67.83354910455947,303.9240280909534,68.89277544683937,182.2882084127796,131.92619166674797,188.56451746505266,170.47089598032662,304.0403407140863,174.8016294614687,12.64944330380774,67.80706013866894,142.04232320558359,469.1083264346091,77.90672473598931,260.38157547992654,370.73507481901134,412.75453446456703,341.52963698815853,307.6104416953294,480.3815149884923,299.2362639267101,466.51608156487384,131.2127482356754,369.72335695889507,105.60009222605282,365.6312308321192,308.50080572332524,244.0203717449057,492.086510888381,443.97755018692754,162.28986044033743,66.61200936157991,278.8176227144713,70.85532920484205,54.58123102891499,377.8485458629744,108.13171267916461,386.4855118653304,239.09087509646326,384.1313543754368,453.3782832093163,138.67140486920349,353.48738329342353,100.77488859659239,395.6524493346232,222.97089164410698,290.7653879638849,492.8646813556205,465.3641672153036,283.30576422002633,334.81170293974753,413.082245294137,318.2667220206739,282.99694466151624,453.0297181502374,144.6954958650727,119.40999522190899,352.2998613391385,177.44988540044636,452.3414278057445,50.771503646460715,199.21134054284173,55.798590351318346,333.5869228353192,245.4230367490814,51.33415634325872,318.3864283220062,408.7317260248566,430.9879384927947,109.83534290544983,72.2263508319359,131.22186479369697,230.46509319280446,265.56425260372305,165.22531860591045,202.01057173710097,373.3610539291674,447.31891846101837,365.7537232127485,218.19407255885758,146.6850059777079,62.61308768086249,452.1661934571858,434.4759140505954,335.8016984035164,483.0607420947741,65.40610708875066,334.927243626035,55.19009041188128,188.12247543653655,419.56279788469294,459.8872502760305,156.19843558266933,82.01597673700495,89.17491937697997,43.32156248368535,284.78850901577147,181.10438103465043,492.4401471186785,35.28517305504797,437.99121977125026,343.5943123214772,451.15961067806955,222.70493453759173,290.13360510565536,322.2177007142995,109.78749815265675,488.5669050016087,144.45702134294902,48.80286930700273,212.031000982834,21.015018205312373,132.2244569147087,36.18374943722791,416.16066893180914,54.07696130544315,347.3803688852626,109.3828128122339,470.30196726966983,432.766096570153,68.16734241784067,377.0979474752302,39.12380941894295,41.87089863203208,167.70010133732455,422.13026945174784,138.58887270286087,235.9400852900892,213.97456779834374,391.19435900374816,282.93404348559807,128.58424052848738,84.8020423303586,198.2808027817781,62.12414775538977,396.3176025492899,34.32714224455569,446.73245947559104,39.48356967013411,27.81344981401862,253.1849426643657,185.03756355680423,426.703656943841,132.9808911549325,55.90703635637695
160.0898250764095,217.4998619277796,294.9794222753793,477.21520102225645,149.28983945190578,225.8781818328716,351.64443489904244,66.64038360845365,75.07692343273071,338.37034620546234,480.112699308124,68.11797166273081,119.73740837278085,296.0902902131453,217.51173935324803,427.59520395263246,183.66530089975035,55.13920878123102,491.1679317041563,398.35635741126174,363.9208675618428,14.372703688769306,262.3072027225921,252.84121017058442,303.5489739233647,381.23455135393414,109.97231509753973,436.89499578508844,262.19621387750465,381.90845099777925,425.72394184999877,1.5884161024382615,457.2264591040905,354.5277211663419,110.94571493455746,163.5717277547613,225.32266960542267,255.6586608640304,324.92950335853743,83.90382321585815,238.37628703286333,360.1954642949036,397.03558874185273,241.7220752049476,27.084519458048906,412.4497980853402,358.8632648194525,181.55361044719393,398.8831278966702,134.66379825261225,149.71099202879006,279.264148565129,465.8285322843076,147.77276777598,277.6401078358327,41.05216924900906,280.0095283326459,256.9594474004954,160.20016083308164,4.719889489892548,228.51817594322705,327.7643494344124,124.7505692006407,451.9570241226293,284.12380230751484,424.97455407507323,12.932206797305279,170.52919391095378,490.51396248497366,343.5954747058245,178.61050572915977,89.64658036921102,221.33879687805108,376.2301485975216,415.23635367283174,458.61393811784313,446.8022633760166,70.77767331955326,13.54215427218869,171.5951459089922,371.73270654172643,189.04213862625735,72.9837886011298,491.00163446468423,26.824153933839025,247.38536292861386,159.55337972215244,388.789807676891,398.55870983310473,481.81290199354385,391.6736277377086,269.99379211336554,34.33517055522106,468.5929738570009,50.991207609864645,447.19408052238447,100.397540179476,23.754524349846207,269.8620088721971,100.44842329315024,328.09542551407736,418.09876426178454,37.02191183797454,367.55077700856987,167.7580682116387,364.73640877162416,139.27935187558782,37.3482725082408,468.21851933899273,107.77886075917503,308.1301471549643,296.01539777807625,82.37957001136864,389.47795248060163,440.5011260068639,193.21635711235962,267.6624859206566,416.93276170924116,68.97916580719149,207.07714895391487,322.5873925129412,191.50325601105374,399.42122459066707,326.60271739756195,96.1581029505706,37.650901431340586,95.57350465833537,321.76609582412294,157.98329576403265,463.94268782216267,226.40707013866114,139.8282259315466,26.38070061482406,47.30467983385556,487.60877647587637,359.08329769614795,249.2772396173686,78.34412675838254,228.9024117374508,469.16502193477083,132.15827174758942,336.20745964655504,467.89606876701487,84.00687466676172,300.76421646055576,221.48883093469078,71.95273665575341,31.311799427770293,461.65244586308575,353.7621480303324,301.5541920182632,411.6304195421917,480.52914463247254,374.17249219456875,59.50753756100974,233.5556686614087,88.66667128347639,338.48258381074504,47.90970034119707,193.70507692919503,375.15359029952606,189.66535458940476,24.312393412703194,259.78750958892704,430.0161845071482,310.4910272325329,386.1453056277138,256.4683139124269,225.6822778260439,242.02654451601296,269.9039574145451,338.87041621288364,192.44117989063218,234.93017253797598,177.10632548233252,395.6311723067701,168.68863604392575,406.98937245707623,77.7935698668854,304.88009981772865,454.0299342397225,146.9952274350314,414.41129045316933,389.68163411810986,435.8719629816886,481.69226986855506,103.09801232661458,433.49138469932655,253.7388144758005,187.42899301942623,139.5163951535352,356.2532886905846,8.438480669183734,477.28860326703926,162.38331283472874,497.77437196425547,368.3668719960071,124.35771035855493,413.13848840256065,41.51965011357933,349.0120116661827,410.1668894674693,275.02376112716985,468.86231013588,317.8702691196553,363.7627172672706,340.45288718362343,135.44256056645798,28.370784952403415,10.850454296885804,260.96423267089267,192.78847742263116,248.3430722985276,121.86082729995434,51.11804252899421,227.2337144262906,337.82499418938465,306.0071143159743,292.1935761014079,39.51987913577554,353.02710573960076,201.8030071477528,321.4329014997958,110.68933930029506,130.93296516302672,447.26381806298076,61.55978429984471,415.1173607384595,453.99714828465113,389.75855426704817,329.36880986907494,24.927992395867516,476.2311211510142,413.09077883099644,354.46420655752723,93.58285241194625,472.41214257374946,43.02433384015497,375.92029953980216,380.5139833075287,277.47372815903395,19.8301008857632,462.5491157376143,477.55078691401064,238.15417535071686,475.613047196182,45.75745405695364,285.26993772410526,76.99128938263372,268.02061911274836,28.401934018231657,272.2608446989735,419.428079408067,346.9342215774717,127.84400413755404,268.77686170974374,27.691525865385756,152.79794643688842,444.2720629393368,349.56247080375476,48.06758084218998,371.91055558973903,219.4242237871062,40.61669191253381,411.17791618788743,377.6502313446582,88.84186531959854,460.98999653888916,195.99736006158747,360.22836646828495,39.787703620666136,368.2494182717961,302.0146335171039,10.810702540897,128.29864175617962,64.1073927046788,57.64326086737065,3.26887389126318,377.5797585953387,185.02826544335454,14.440321602434636,483.09334382044005,48.52261012418035,373.3188541108575,398.2632820433136,393.46483159983626,109.9659165866797,467.2429358114749,168.63834290784695,225.79337236509522,183.78691507804618,29.31969907261428,408.77110697590047,240.95219847712218,185.16746798013423,168.26194326614237,414.13021638871083,445.27675463500617,410.51811384995347,431.6701791674529,148.55696439727967,260.1398168723067,335.31566039615007,495.2533036357493,344.84169238316906,137.65415695352183,322.7034470177447,192.03381228372996,191.48727467517628,360.183986102029,212.7403147447151,303.2639266335067,363.41672129551415,478.6343478810292,486.7699917099063,499.46387173833637,489.2982402799538,415.28374255866186,438.5379545008463,7.267327207786556,19.33765392832282,485.3265445431411,272.0419364405599,469.9892160468011,279.3301079435417,112.58374731395155,436.24273795798564,489.54702066766265,342.2872067957189,21.553337945722063,370.1201705102303,403.83124042468125,117.13745193446896,342.89402254487425,92.88845757595688,28.122399259185414,399.7585294803292,32.559009123381664,163.3363492390071,193.29021214573334,355.06777659292476,175.0350653652945,254.1557898363977,321.9568766139168,384.137334504176,251.8315740380966,95.29471623407827,424.6390465813732,394.06969325185224,177.70256891701365,273.1323494338902,177.62296020728596,462.6412316698481,148.57531212974584,437.22592670636317,361.788394370416,34.091957450932966,443.93934001551486,236.59894657779225,454.3566037002536,236.03434531834893,73.53884040013631,359.98326474493035,65.67314370636207,64.48139981063954,138.9096659643625,74.45651856029895,187.36405454962994,227.6981299726894,256.3778383915249,251.86011337176157,478.40355675903515,428.2790912063344,21.32389987402433,375.90986144081415,448.410106733838,261.03559441537277,411.1159815962035,309.81214815204083,142.28371941836997,376.8010640131703,268.90503734674746,405.6807445524131,415.34347799865867,429.85097591636344,430.6169721847747,359.3412324636658,354.0972587254435,454.39351765643113,419.6622885814477,378.18309063032854,299.0263142498245,437.43919768095316,295.6780644624778,54.626473840901355,107.7339325084955,490.1299207746805,203.214646937225,180.74687607834565,464.329107540622,430.22755095159147,268.8727561509423,384.21966577155047,389.30595444311604,78.54149821095801,429.62114861847937,152.80879512376106,204.2809740243689,232.54838502047502,176.07580810314366,63.99819688033698,155.2921828153861,441.4431326018298,454.93767260202367,361.7410408723394,257.2491166820981,51.650965878013096,393.48788387427544,386.6686429507157,187.18746033192625,255.36457860064527,408.2781106868312,188.2729185596822,490.9850411351051,306.3312544967168,381.1918179820342,408.48450992862684,161.22868590950512,453.5213991125105,42.92678183550191,97.79583549698972,280.87908788713946,339.2064963738448,2.618779746552169,421.409344645658,138.8161900144811,304.69466192067415,406.01947749120507,196.65903901003367,51.23554702744138,94.92327872875434,333.8052789199363,190.6152023461616,365.1364275172408,220.79269358998394,43.9658476416413,257.8664151218716,242.2261331918813,244.99001918783782,255.850090114679,334.7448604340496,30.503726868549798,205.34287936873235,118.01594147776939,437.61147303970307,240.35149526672205,207.8260978471092,212.26428308244348,242.11651732636423,359.4971308110247,289.5774815519489,139.38231556149572,291.1550883850643,358.47702900220725,214.320645219422,191.3522793265271,164.90256427202493,154.01920030359045,330.6791204576063,110.28843923364823,118.09588553358785,69.5153403148548,347.04199764405325,114.52997628183532,216.9898800640964,279.4285784875353,223.79052895753432,429.945545273731,201.74757477900883,2.3524589251818218,332.3227282167559,461.5405732057086,164.5897203535804,307.0552875274737,3.51282580492035,155.56423110759332,210.29322569769943,411.4401133691881,399.8179075148862,282.60480758943794,162.3448000174243,137.40983009063228,355.8387014198508,414.1902080203354,26.72295445778172,208.19583595548053,242.30693812462823,63.258290365637684,345.3768766336444,56.33252717488935,295.52470357761337,113.16513635823539,172.34545917477095,47.98036998995819,454.228732036692,192.17538720609562,105.84745418803182,207.60140676079715,12.626856372527751,457.83942640863233,272.00314431972345,321.5898998551198,182.81820187281994,206.09223010413803,280.85234991022,231.9166123655077,60.24540934469358,208.40753645850972,450.9473701575489,483.17148516135165,76.84180391436735,192.6473779988877,62.38211153256745,324.90258519053555,433.1684534555899,319.03496970432985,162.93515072011223,18.899409263289257,381.3482526816072,456.32061169676587,319.3167479707183,178.13552050386284,304.39636062019855,494.9479275682632,155.6841987180318,261.4636457681721,150.9198966948395,443.4522047579955,121.85418789088126,297.4513987721959,3.226066852623055,34.827939627125936,473.3521672887003,305.9945802284439,67.61967467980561,165.31926126933737,439.9240150669401,456.7177317875152,397.96329645433207,168.19203614867047,494.6576617277593,284.88962243948885,161.01118079628023,122.37882765476499,223.98844947027007,211.86116642905395,489.6657163640317,160.18760288535873,287.5799203244385,166.7085047106876,441.7116635974976,168.43560860869783,117.12891641420309,374.8787593781503,397.0930309182954,377.3922123596549,214.20351925370218,312.08805094659004,159.99084386254177,166.40916923592513,86.45926948300003,48.867673345829644,35.46311563873855,206.46386299523184,118.21805484655957,195.4678076631345,247.08375601003812,211.79209554950452,325.8845161853671,227.46303867054968,475.24767052952086,472.78488869502934,113.20994700369852,496.9605215259966,114.09163022612145,243.54463894245055,416.4406138183136,494.3668973930717,202.79298446427646,359.4945511093591,161.10637334455242,235.23194483030997,464.4646207390278,343.5946070680555,469.5184266096408,440.76085933354886,350.09328548985445,100.80991278805007,118.39900912804002,151.1894093474273,219.43963338078603,497.41611836626936,23.937332568713,305.39838136906144,411.812738298725,123.04958809831452,319.2811233239876,201.445578868441,105.93131138698875,367.0789220158809,53.06267444276269,117.46821112407274,405.7462754858394,94.23200749414745,128.68695940197756,156.80849890739267,161.51888476677766,315.267806518575,177.92927915795974,389.4505594007999,121.25090435295505,432.51359326765737,408.95769129739256,436.8943584505957,301.7150171278037,424.10306691225185,478.65456997486035,372.8254914944213,86.8136475241072,174.99095898102829,152.71087895903733,92.86939625403068,385.4708539665212,21.090757827744998,233.3648356998401,357.5126681983829,16.462687484006256,457.2947129649424,139.7771402385873,448.06913443029856,28.85001554924399,464.6459421531749,358.3710445263095,200.1917082613372,170.5297359645913,315.35662473364096,371.71315865981086,383.50713987039273,381.40724471936153,158.37372048622944,262.6629690415053,50.702691026866866,103.52201458963634,99.18227864175361,143.4715306097233,348.9991717016383,481.5362629781811,466.00014786566334,406.0979178944,411.6400833083,97.62835486309174,434.1841169186432,147.64923822335984,56.10678691702259,55.132386912791596,84.8328213474352,355.9004079978971,58.681851884374915,415.2183278238169,174.23607971428584,142.3185376502751,118.65025639583298,348.6803227883008,349.7255791570864,417.2162862604113,98.69828718266082,328.1529072436419,433.85894738646635,397.9391986857728,344.1416675355856,118.21191045987362,132.68704160362742,184.8543846561997,365.3970097279007,198.77664117983556,16.892971361590458,82.52352302122733,5.96982756930009,435.6414444336676,356.8290484422085,12.72402915567039,114.53647887630042,19.48252251780086,218.6771449534911,23.77201021563752,194.60103490127239,409.2815639783958,425.47315507171714,230.75137033126424,497.5768865831236,370.3361113848441,215.81038491319345,386.3316385567548,319.6696475216913,447.1079096219961,474.74515672788937,261.7609499406147,34.63334943728141,102.05649119266552,233.71277109912032,64.76584279733727,487.4814547405668,451.76875932155156,234.3277616306415,334.8845159327728,406.51625381187324,187.39858766627898,261.4029266489537,220.47960314333204,440.73079066658136,416.39168870507194,264.3841831901924,218.0958964115982,105.01450138725733,70.10206749630987,199.6589841241181,346.1746957928797,319.9124417755153,43.88043883565579,209.59531910474794,357.9370742228324,175.06614180687257,5.065085291326543,77.30069323237315,82.62770722982027,400.0780251850885,340.9260351546294,392.9549021804859,256.57008598145774,285.25528053482816,317.0452552715682,410.6747154023847,384.1470505077838,27.612509049093404,307.19367585400687,316.23041141126316,456.5625590480887,291.32485851802505,70.84700180789066,306.9914027681958,165.60905886648825,296.1373539441726,443.9066878038739,70.23475690780062,347.33557381952875,377.98423187797096,165.27278607775747,11.596328215942531,448.7255232983604,163.26512695554717,287.35887472740217,42.17653374579922,137.54241534693628,244.68688941823697,191.89135622617758,299.03421182345846,361.06058857079614,390.8560513571698,212.04790041939754,458.4759252567536,309.19840463006426,41.58333545585086,208.3356592013595,261.14795639703783,377.0704613379803,329.9959227911093,233.24957978042355,439.17020418175713,144.6686909972822,16.73472258527736,414.57746042038974,362.46353457952387,364.55455950663514,42.343695325546435,88.46436894091569,269.30090812590277,335.48450171654747,390.99334809896453,380.0234070119457,306.8111203772448,382.60365027499955,275.6077423341807,284.53789288942204,16.387260635400082,164.65483322556784,323.4680761264152,108.47198299203636,394.3842482870737,303.0664157967326,63.27738387798859,476.92809617858404,419.95862603888213,319.085856611042,160.2621244819617,322.3104349835779,325.3931566310501,408.3803739580042,273.46623811523574,29.692746597684504,87.6899267941687,120.05454164669072,251.83318336119464,462.61539243848097,82.04409985199123,487.1221828326052,70.22092891068316,49.51891573305556,362.90363909411803,372.58677506395605,498.9525041553066,485.26269776100315,130.64352346118784,423.01855935744925,475.59019338607845,490.25908794305815,261.8221548164599,15.818398110092835,275.0605369785938,21.92978459373329,150.06361119835705,452.1561195317151,153.3837513816505,204.40906893369353,35.834501450742685,13.86351608878389,162.45669980726962,485.11257575584756,119.74996975497115,340.25253163145123,475.282658206923,403.8523543609359,169.19940095465026,316.67873401279735,205.72188048758466,279.4032485077823,0.14978391808240232,428.2743974949399,237.52557782783757,217.0637808969671,398.63598678371955,64.50973373806218,278.84016653117334,232.58577068826298,135.6126395921835,192.29191509351207,197.25519425463477,128.20269710813724,473.8569699909668,344.0948495646546,208.62091921239102,389.8453941485913,319.27007100184164,350.4319268435538,8.512693136285666,431.988148472326,177.6912271647197,422.17979103296557,348.6845208068058,127.75075616009174,327.8793938840456,288.5458763287026,4.571078210124924,37.50526292646239,337.3860367740015,155.11744531584625,346.98716148788225,498.2776625283767,438.9338238757043,497.7534585531897,415.538970013684,408.3199289726315,415.9648207866721,430.05475400328174,494.0998707357005,72.9918887087162,99.87794370077191,102.31015763440604,66.60611175616754,229.1627666820203,417.71838685346177,36.77873887078642,408.6751837357217,442.72962100201283,219.4244146065557,415.0973477294163,157.3634526554591,71.5472748068795,103.5727099366816,105.43453851355028,246.05615537886416,88.8408542897931,42.15620156600386,477.14016798588614,247.08545486152238,50.50458556482324,167.58517637053555,18.738498593808938,315.90587710379344,275.80386995620364,302.1507847308791,217.57072210030205,29.238794363805663,209.15013774880742,375.6342063183049,395.2227410174319,118.03256782488164,29.761388784778518,302.23963980530874,460.76336791094815,15.163314845083043,105.71243030471611,34.359321374771156,274.35988694561667,468.22645713877927,461.0678366613331,288.05476230320653,131.65784865411644,82.88424066498479,206.5225105780739,45.79157349029922,144.12738774275113,357.814335988266,429.0779409020306,352.0089770447383,184.88254731205805,47.226658182407675,411.5214131077677,448.40598537237145,158.34033250308644,106.83713506276437,130.08939306844596,65.84550536695171,405.43446555463635,293.469862435192,331.98290644387964,184.73592057342063,245.21916469834554,498.3567353823341,466.9624640219973,51.120995114992574,131.34586897511002,408.44006497052914,358.5725953453964,384.8175758243331,433.50976665332627,317.1962690686896,430.96182780463386,175.8150757737793,136.66604881942385,283.4157189564896,454.84699662979665,399.2724604534439,368.97026215520697,231.00260994594274,336.6408606748028,480.3756224325395,497.8551563056039,422.89509148799556,57.12368013923436,40.71251264800685,27.838963684759356,90.61166513354723,182.74798197814414,215.93829233141042,107.50893074701179,339.22318852398877,319.33387945951165,492.43012813410155,179.68287460723676,452.18877625874546,428.9142642257047,253.23051719284683,337.2497238456853,166.13749091025193,319.77227377467307,209.42012307360613,349.1741140353708,193.10485044174956,17.379181955019586,459.7569508578603,343.93459133477245,192.2219986695084,378.2644344567693,264.19639763541767,380.28753151693246,485.06305451168265,111.52103706499517,320.31146794286855,395.3612402475521,65.62552350594747,328.6997223036942,226.92418616322968,164.31811114054167,12.523028350320653,52.50853941020978,378.47879191865786,421.63191105320317,251.24167598237213,256.1145663724581,18.55468075323563,384.40807341923335,67.19344113117288,296.51550381675656,369.7018212551176,264.97214952918273,459.5351831093675,290.6269217398926,330.30842115833116,51.78379083441903,356.3742828615988,4.444988369134151,62.42067155279957,174.21948163579748,485.5322723777951,7.463116437857298,260.4601817584996,56.108193356567746,5.023147491999835,284.0522281444562,62.27434580847557,289.27144074826873,374.08735187062115,146.0951107562799,157.28229256337906,308.68607876343816,392.18139528654973,92.9343742298967,187.02341037285615,432.9263771448918,280.50055948439064,399.96412709679646,154.87612678519324,375.14746372640855,355.54681244833256,422.72287752155955,194.11898595766402,440.6736836483726,315.9943131460187,119.78018579278654,446.15054284856893,326.6840929823071,261.10471677244624,409.01586294042687,105.6680607492811,145.98557121096346,405.07159762512515,449.01303181038503,268.9837716460781,208.50306078855945,278.14938416594555,367.4387948282663,306.63280372584734,142.21895810247014,63.021853193507724,260.05406383232656,36.313895658718174,260.81986601714726,150.6072173992127,373.67137337378466,363.2197813880691,199.86250665982712,446.1507953133733,181.42582679734974,183.50272532901653,178.92452970196499,77.95760665823603,36.06268066180412,169.63984877243482,429.38568290786964,438.5781783986199,303.9593265881152,302.4330373206946,412.46472434315183,62.58795458311239,280.15090093588117,260.85216560089617,375.18791327242616,431.0724292272674,449.0714119788082,245.32076688359106,483.5249693282099,281.5547872456229,454.93927910768815,213.3300775756048,141.8560279177415,481.67714473523995,134.80660237857572,204.26319458664844,147.77688720747108,127.49559489461504,275.58998752216087,285.7465924576746,138.51543534097686,387.20490389039117,240.89827773606783,121.97028841115143,305.6340618171634,497.97655607886986,9.7059743785754,413.4740539376567,135.5197473832856,168.19043986914284,37.153310346582145,367.8358658579465,76.11287284580203,363.7651651543873,399.49128361064277,379.12164750694177,40.83452299077373,179.00064745015598,417.77291743451264,417.88221316286575,405.58807675258515,410.69395756066245,79.67607227570473,455.6638012418931,172.26196010898565,313.86781647803895,177.19882929357155,362.8388052675331,313.01290068248653,202.727370276225,367.2762121950193,408.2413476601912,78.5389307178494,408.4772107939096,444.97813175162685,86.46074868893461,213.44224105779398,417.7285710738565,401.3404706004645,273.26780210496344,255.67616975547264,220.37923878948718,320.78223997312887,438.3876734171383,148.2532660858391,138.1122550393038,376.48082424911206,194.338570531984,466.1959992660758,47.00375880973701,241.60883865674333,86.02063979575858,183.44612937107001,313.58734227634767,351.16297761530893,163.55658005491546,349.33141731564996,320.9178290702845,293.48962974868607,457.67899012592966,154.33820768497947,385.00630453174153,205.087264072971,238.96363134736015,153.84907840108448,293.06732904198327,13.40264591683754,198.91382429973254,55.041699164283756,196.06561878700495,459.4135375390602,201.0382450427018,91.09251262807011,103.5596471099497,494.34450500913454,442.0096506298313,498.68991820571,434.7045616496164,192.460615418446,41.12606281370146,88.31686538230727,82.69027685640845,257.952072419671,443.6694544885924,247.691339969132,238.8321342963222,241.2369479577381,287.92175714127717,197.51707188741642,442.97335467237224,18.345669657385045,105.07726470121237,103.4186035207818,363.22566077438665,220.2371065253269,56.13284596540807,102.07877133855986,102.68868646030211,301.9432935230397,371.9406437834062,428.605645691904,290.3866885360322,496.1925937237947,207.03387888584584,188.43880467467238,338.010213571246,356.17858091877576,123.13373717341386,473.5295995710553,453.7695438945267,312.9123684850316,362.4350388245663,453.49784757609433,151.07667799784574,274.58482772267865,395.65167009235927,157.7083477377989,141.859214970949,183.85472368472134,179.88246307528942,83.2169449115478,90.62603258104585,124.41033659966327,257.01662296436956,293.10634081015587,110.12239584592449,36.37693333452668,319.5197827780576,90.8284979632904,278.80212125836925,239.52776813106786,383.352166262837,63.22407973320382,484.18710480071246,212.67109275198277,90.5921757575993,73.48759525243065,268.13973493372305,285.4724811455819,86.13156970599172,346.8161601277808,190.6248490815966,180.11370124658595,299.9056590628824,376.19808195446166,360.5859071929712,90.99625850278875,45.09427625187901,322.16533830661814,354.577120685201,54.302140555876065,378.9659756519633,79.76587842394866,67.73523260997727,289.0594386514126,257.60744921752064,24.84471091726426,470.6184714701033,287.25682336217267,192.1272777479876,199.28743771868324,104.33670381948413,445.83266725699394,33.32289125054755,64.39428720203955,255.09606466551747,213.26386966598128,133.10403039231738,13.491352635989939,101.0718765556583,147.15212566542903,82.366255849046,472.21282225240526,42.70321386911957,421.3619512377491,379.1762433878563,177.07739388517928,358.52543391776493,162.9175538460556,404.994812456126,183.95419414877207,219.89408876546702,437.44395143844906,398.78258223366345,304.4778474047635,209.5325722204728,58.15007004606021,416.5034625898369,21.673657012658943,192.90345869307728,284.0905255834535,448.5172251481025,78.2248818670978,146.5414455067271,46.35079048429619,348.76704653898264,483.86042868056063,379.98484127391214,217.5017081391304,492.07238330161357,336.70168282307117,240.12210553063736,360.37068103060903,112.45537004333478,208.53213978956325,51.42911837035125,231.78015713358246,477.46572655234786,358.1558078268551,471.6756450684316,235.41140569196662,435.1406151839723,491.29243047549943,53.11957912868909,468.04640394222895,28.83748217290072,409.8019763376616,462.4275706076717,82.97312321734445,360.7423657522793,96.28189406632053,384.9907701347892,237.1025474189457,241.23178406671957,230.16107073004227,189.3375004999348,105.3616841145188,36.49784806877232,460.24299189320715,486.1661249651167,65.15989700099006,96.82477866754441,254.80874662156916,150.1216302593592,407.25070874084395,62.65973321972751,94.47619251020384,174.23198566718224,477.80829316107594,417.0769656212834,183.11167312762677,119.24868403683075,189.58915935378445,322.75166999993723,74.7907594813969,450.1731021807097,188.9685067116046,378.01072116404754,54.0408433784188,404.14551867815567,355.5478767660181,426.36219851498913,279.8944783530858,278.94254139706993,257.4208130089543,45.587686538486935,296.68291503921535,434.72880240417356,17.79155008641764,275.7911339590099,10.501368970312397,419.54648967041464,252.59271222320072,390.70758335105535,32.23393359792831,450.93449782078613,38.38018104645924,252.89218312839955,345.69040957595337,262.72057798311425,317.51550517746165,445.7003323630123,58.92856864987539,114.08293004141012,47.19320927297749,96.10480346018862,191.4801338347944,58.098348337302816,221.123205448031,175.27344544666119,235.7475030810507,358.6485269559153,171.10193824178904,440.33363080583695,208.84532877136846,426.35825013731557,315.28241934505985,431.57510165644516,380.05268054687616,401.1222164012107,415.7604755170117,156.07915129754846,132.8549992524071,118.61614010340105,349.0784130273378,194.2878126658727,275.4615186458157,421.3530219158529,264.77356872117895,95.3596554710096,378.4495744612977,448.05287038630536,152.89006218300972,38.22581438242134,99.95456822341548,420.82800311106377,477.0638090304047,199.11352645639246,199.33291621692484,329.62809021322437,258.65313982170676,405.49625517375125,258.29938416571207,343.13159722738146,14.525905527640715,44.5313792901314,196.47527602041575,195.4112839557582,176.94534327552924,65.18108403811385,321.9054024249682,254.8710538460569,332.47718855796677,224.09626044831077,404.8657683911191,93.34584300196308,250.0380374755329,173.82487337203816,274.11368853953246,485.91812133964277,249.18861896143363,67.64133564052827,264.6438500107161,315.75336049184614,129.42516258465608,136.264950466903,330.4424807287895,411.7938992353887,39.23041339822614,28.832296997425676,44.335021887940975,388.60439515306246,457.93325458728555,457.6065762818855,102.15541206030649,138.92665766845818,453.5734904510593,491.19427924812874,108.05276932210056,307.81230907559893,104.67604439578815,197.08221759968026,209.98512309405143,5.227866055807329,460.70286563120175,28.156843392494302,306.04011862916104,354.3164277460754,11.93030989543259,498.2749637213687,145.83392123291927,289.5311065517161,207.12867070169122,11.217251341825884,351.6373443157988,482.2755105288144,175.46312767531523,23.451982177269738,497.5111381409134,171.30583577489088,138.36132337022633,110.25401273677937,402.75313818615797,237.89487258324488,104.14966779708973,361.5172064099263,413.0138266725962,390.122580265137,103.42022357989111,354.48005597724983,345.10639308694755,341.09791664044036,345.61005404787295,292.620911206867,24.196593564857594,349.29371685227136,368.52794275259555,341.92531108458513,311.08099760683706,81.19376045388665,442.0447156675852,106.15990003624692,443.57649248393966,344.3082583791637,457.2882631694867,355.8164390675104,59.76276479630377,16.601603248696804,374.684783314351,277.8405575208976,488.09170596618213,472.8016162208505,213.56039643332502,98.10372944960699,259.6188182521303,345.1272178136019,419.06885689000745,28.967557618978013,163.64432421301694,336.2088417889577,444.28605868819335,323.67995094258526,95.3995422773144,164.37536743090786,373.9808823282201,331.0531901612637,0.30222898322779246,293.3075483321959,23.688897533462374,249.43452679822786,483.21785770333906,419.96648121430724,383.4884215390725,88.11994278042363,3.8954782001641153,221.55209931667918,77.45907497736599,114.80157958405502,177.74604095940748,161.26033318208593,150.81563278459348,430.8992472415601,95.0540911612095,79.14380154489493,21.082692827558425,197.62776052705422,164.67045466138032,345.62543824772706,169.16259266572564,73.09425510329109,435.9648766463385,311.246275853486,95.1358440074364,429.7197548997383,471.2259246806366,338.6598824683802,453.8313095932693,465.5443081533953,380.67940804340355,163.13398811588854,254.31795038718695,288.2829550502258,259.5739807346643,402.85363767022005,338.447736483448,293.16008509042985,320.03464227049125,416.219650426572,92.99303343276094,265.29117689005875,125.71903771113696,244.78954364181243,257.6419731600243,14.78378432975813,104.29446490573268,456.3137769254457,105.32997469443977,447.7918690634707,189.99865974408397,479.80718458578735,264.6409551075965,79.08674758452506,216.10232167884104,101.93271080383404,123.44221937708971,466.8021629014704,3.284369425269218,340.05365875674096,90.43534465988223,295.1394877295098,44.008333578611726,183.22554760256116,457.6320374707889,140.36584203153447,276.2126792916876,353.4417743771638,51.78637414323545,307.1651320036226,348.90533124483073,361.122832051254,400.68120419970217,66.18179593131718,499.3401614678378,208.40532850089681,383.0743778661362,280.2586028165573,38.31504582554207,272.1139555735531,394.22904056780317,347.8473960047121,46.23617446715594,98.0880049314813,373.37310456375036,340.0993108808881,424.71509532123724,277.3054643934495,431.76108057031297,9.6591819071849,159.8455918703232,21.061621854430555,292.7494020252081,183.30999678201405,279.7110779319733,30.943919416422773,378.98638588370846,203.87839111241567,46.57061392845002,223.65101009302506,466.73396225192914,497.6910270184231,172.1361957447335,40.384534738675484,32.30273723967964,347.06480721343894,37.026593345558304,221.84264008745336,53.06474700954583,383.8594180714041,423.0012259591884,334.990890927885,24.199583275761714,11.283533038303927,175.45615909270563,25.790664265161244,30.905618951192427,483.1581304299926,26.26346639655641,253.9838313560548,171.81646200114497,380.0647553093782,89.58021007129452,175.50147033452686,13.530296986853985,412.81525810828185,61.82954464128326,252.44678516097096,465.68738158552327,276.96653897277383,406.9002240518943,456.2947319337844,466.11464700628517,164.2010196528853,372.04160205928014,473.7435341442039,308.9826618721649,78.35227179516463,447.45040377842844,252.57928606905327,447.5130259246982,105.69702389122048,219.49174347929622,273.83210543987246,286.9136293642725,320.488383217734,337.1251566947188,95.09931283985168,112.29046937517067,58.48877587145906,340.03589920444324,146.11048758844137,316.18924978686596,423.8555360933018,46.63856949900885,421.1577424966963,352.0204802324073,443.98306952811885,188.8339290724001,340.98361626736016,473.2197254913949,421.2414313739419,348.3900643921375,311.6627419499273,21.023968574246986,189.97030598755572,91.15303568995947,235.44722323025175,284.2393194456488,229.70580323759282,267.19028342050626,270.9816238030705,230.04292616293225,454.6320940987161,31.899027041609795,249.7209319752498,351.49666659152155,229.26357952214622,404.28236801774216,424.6598851510191,369.87130367735824,202.2481298715253,399.3544357546202,349.5088581259815,344.81026360799103,55.023931735113386,269.6690497498353,456.40492859781205,216.34675288450046,493.18826169158757,495.6592944820303,229.75057427620877,21.119822687679257,43.22077481324854,222.6196305905212,315.49349820895117,153.67926337802612,130.60522604748792,269.31226114529863,342.8396832527249,292.33472939159003,459.23223861814705,86.80372263649078,281.07235113438685,301.9926698040245,318.6058134018489,60.10358465399468,292.8616485060568,178.6120102803615,156.97553569515065,71.59836511581807,138.6893555298534,318.0786886102389,74.57034452932521,162.55753572481808,210.48323563261107,87.89817933722199,255.10412622123658,451.5001164562787,440.82376528391393,130.0361386343133,293.9422774870321,124.40278437993685,32.747834926740495,48.466038402233956,55.141895277696364,360.7531883919878,229.1005374052561,452.30072293480055,356.6945903915346,482.16913885114064,67.6099056760741,439.4045343579895,261.0200311832741,435.5611131174264,384.1699508023746,429.98995419787,388.21531001725805,187.931809712377,254.60437279851416,346.1543043947624,361.8399287051425,266.20906690586975,64.65594292354815,376.5692871267962,243.78641325419136,111.4795685165692,366.2050585201385,442.7809548842369,412.4597791001839,155.1760646159564,451.85701647862635,360.0724804506925,264.3531986271821,129.56327592374507,14.773847059438571,192.30860183881455,187.79321144208467,103.48848901544045,145.48989751436963,400.990856016726,10.691695356056464,33.28660624275726,59.38523937837692,456.2981898722992,247.838529995128,314.59432197047346,444.47317098786283,204.74672398559773,481.58931300425036,357.19117040214906,281.4945883833937,290.53967446879085,279.04607608799006,371.0656324399548,121.86066625490332,47.210907784109914,34.89026335248063,473.2737279252147,408.97484616542204,75.82528993408683,352.6042280913869,280.35996773133576,359.07152326357715,320.02253707580917,86.03560421246127,393.0878300014446,420.85373231933704,436.9290198840229,96.65683736447889,95.31580523875898,386.4780268561541,225.02955442065075,122.95332887555999,412.8480043663235,455.4004196812225,84.62301611312218,457.3531724416595,166.6243660788549,356.30903476676326,67.18721092518965,221.5464094274061,234.95464239758323,241.83014740307036,9.402492940007834,94.88943739747774,301.48094761529603,223.79802014093968,375.8151849758493,156.11468973017645,285.0103198861053,325.2056065092586,284.26320591059095,465.4028407680702,285.3621131151239,240.37674979555985,54.37526528560155,283.0131814731924,140.96233819332932,294.5326564154342,471.5101212241969,45.94935187903937,160.98083083462623,3.434211884670635,437.3643510041364,211.88765816909893,80.93109781876178,498.1456761131796,132.33947844281775,20.0243198948305,493.00577201674713,417.07030514849765,341.4874860930969,368.3588720179822,156.67971609903202,431.10947754894255,13.48487227847267,335.2862278423352,112.21404406864916,297.75502226524975,82.30883197852734,15.28295213698322,311.95822227547063,91.24001110581904,331.40184059659464,275.9046576671332,270.0623981492379,272.49568345447614,407.66343582594806,424.9807126897558,177.07434586354188,435.87130559060836,271.5719474688963,11.54253504119268,40.211295788314615,38.28729500536038,65.18379029560545,461.15067288465065,276.16668072788764,379.1095031526739,5.053999428102585,65.29866006817176,209.51667023179343,98.89683144655997,3.3527473472751423,276.35951358642194,213.59680879263115,48.18982453695869,470.43785882141714,9.465965190019299,249.6887132650873,415.6507786963054,127.90671572405343,63.05789745396611,362.18529663160933,10.51738947638664,318.30740596167345,84.83491508240971,429.0085911731168,299.2433170151491,41.19065633490743,121.07985143690524,153.33503289786282,358.357863707196,334.52978434573333,218.8288831787707,371.45079722751615,360.4994417035686,241.87122414109723,489.18345657053356,20.53909733696202,486.6842444189084,451.498841225385,202.3581981022241,212.34790857131836,247.71845349975035,71.14977055239663,295.911091561738,254.01372118382548,261.00608922945116,341.7562811744276,92.46571821209126,155.41753605688447,301.510178587328,194.46530884046803,66.11047729179236,431.3300299174086,146.97897174154812,290.97610445756084,157.10991337795465,41.434035468222106,482.59933467515003,471.2865819312085,128.6465946564252,238.50342433352822,148.1527968230068,176.58723533298354,216.74006595441986,99.45200875019805,56.72495048818199,145.8948686656953,47.363716752133136,464.6474456965179,319.8674808005097,480.31659304118995,191.45638875488768,96.64152274271225,193.78086030554513,143.19914229089787,44.11078451899131,137.77646936576326,422.8755389610872,119.27655862268743,223.7168154914156,68.36809015488504,179.74381341597677,33.52752658035851,289.8457207565354,207.17175582654173,236.166271453137,134.17184787852716,443.6441947514176,426.12756708166336,170.4323485304401,53.34063742599865,413.8388185564821,137.75725949104438,2.989796143201051,215.8018680953645,201.3972127152209,98.04379083758363,395.31860267317956,320.0940401663569,438.5140506912653,400.0878055059203,362.47377268310345,85.40539026317234,448.85535342157567,437.34237491848586,459.2540110733371,253.53208554022456,304.944886448948,295.6126111373974,202.54433046325826,63.833731018176465,413.21286011120117,263.1027023572093,442.27078952591813,408.08582821797575,361.9002285145738,433.73135418537,424.53055471196666,165.6151297713378,127.83683350701864,407.79848026242155,145.7126962296483,120.89103822377417,464.7917539573425,334.4561235635864,426.17625151316577
193.63079286612535,349.4288339968887,205.37092229639237,312.40967004498447,267.0635029961289,342.5063534979817,50.39110252340656,235.21911602095813,187.15388379153512,33.39634482705628,146.79347092211776,220.62639960996466,143.35054549587912,46.29449386119566,9.402413395655229,407.8237575459154,364.82601057445254,493.3528631891604,149.97057114871015,366.0802546747162,352.4998944153665,319.64920446474036,316.31692034807253,135.70847751467397,494.83446430789616,474.0365477605327,25.39318988119482,65.6216621664486,376.23260480738077,380.68615330313077,288.9584066452736,486.26991814351464,466.74071020149216,470.8204837566838,334.367607188207,348.6740603650717,116.24778739457365,77.91144919765131,355.40075894144286,313.4293274179634,65.24665035293125,214.61393556858238,132.68377519831043,421.15147677561754,108.64307502369586,281.6280501270122,499.4901379913223,391.87234437738636,160.1212847707036,308.11803176254045,422.90766245941853,334.2529865037335,496.8645330475015,112.9620364489482,485.77007570750857,203.22890399529396,173.5606889384313,486.02939531404417,412.72210365237305,132.34563511764264,420.137085859823,458.87052267885645,412.6199297785899,86.58813712737657,14.03026279146058,325.085228111726,430.1087598211358,412.80372254366944,187.3473975764591,385.9506844431322,182.3344510495375,302.1609648985435,216.1590218825708,473.2440715082231,304.2260411620697,57.38692369506509,274.0968597954831,442.71143121454514,455.2325203446708,106.60364775682113,36.95691409293927,217.32384256782217,66.83654364049791,249.9225376190609,41.537692096918875,432.99105952834066,462.3115276735595,134.14043407079612,428.80710308191743,452.85106935429724,407.70581891919085,76.09092647398191,24.43091491984606,143.6978838428218,28.676187550200517,197.2060134874788,153.87315087748965,283.8832324848196,225.13700199389908,415.36476127288296,458.1159038753037,97.81040316347533,85.51507966372435,272.1092893474986,163.9675923453771,97.03813132000666,45.91629717540396,405.7058514241309,334.6345860447081,492.98594965900946,137.44310926594326,493.8308865417303,346.8920515143236,246.2967314840609,348.0185283399162,154.46243273626075,378.21109038340643,119.88786399222052,42.81901265420923,250.34902770314892,143.84232954145264,455.46344827433325,316.48623499132805,280.4821234513541,137.8355851097733,386.29920406403176,296.5926429371849,110.56584378797002,319.8156820805531,406.0227136214184,240.12092717056598,363.5591551644537,485.59077787415316,127.67949533109146,427.7884085312903,257.99549042282035,262.188075454772,287.20780758608845,179.70920168498134,429.25092476149,20.651783567355974,398.83289448526676,263.45713218479574,125.36279657825666,281.45988636311125,130.2947507512417,410.00349463938085,165.57106856123417,309.84325967921205,420.4286403267061,119.46975585285652,379.8993779047976,131.6485970116421,389.5088218942963,173.6048921061123,204.85893469517353,311.0440798646348,110.0170110725387,18.776095843077766,311.4182290865531,306.2973695738944,309.70822298630486,423.5913594870678,108.12688647964941,228.70239786660684,293.5472395191144,489.50206794246577,158.64220767899263,261.7187462228601,285.4300506453408,129.10820610832002,481.64518841288935,38.52789471626611,253.82819834192188,460.2953013266987,109.17901459527413,354.16910701236895,96.71984058895062,67.61530769741015,16.41856681005255,411.41439952961093,52.00417482540498,391.4387576408847,364.8019643398326,125.05593286758932,305.5936475436297,5.967113894725706,72.45296947906816,149.3459046748347,393.7104371076988,229.67944039751492,61.91341730130739,58.67737338292112,38.94395421924135,427.769544467016,145.69171600467462,404.69920543329084,317.013570347055,134.6371360697337,363.8070938068391,182.6529908343858,273.90553292108507,88.91667341038195,162.03433708825472,78.13696153467208,52.070361305108,90.38928649946388,383.5223498930929,93.31938640297565,491.2279834289549,319.64881510301075,417.10130805936427,448.1645727268689,387.98766446632425,267.03348911291243,163.99623180295748,416.1060229153087,338.21779600943404,444.3267128209947,302.9384514025226,281.3924045869414,26.03028826737419,471.0448864219998,421.57785578608053,233.14739705719074,479.58842431692125,77.05548963233755,448.64136779410273,290.52401489610804,268.8645623639535,394.01069475317297,262.98844125488085,428.40165588068777,296.1189837652021,108.05959055092984,42.33914076577039,398.0390074763429,108.53591182832689,14.364997929763978,37.75621041380134,330.5585234191454,431.91219904834236,182.6238818748495,303.9367132800171,387.8269184594949,136.42263112882435,445.7461301945119,226.753542339797,243.4212841373385,453.1488353540883,149.38953370610193,68.89596839085988,82.76383737456311,373.1202455704261,293.25651062966693,60.26658129908785,339.52619476939714,112.41127794071537,182.01773262135117,1.0538615628189474,124.56472562246701,29.245689051464296,153.7882374968243,471.5782822282197,479.3399859964109,496.5118959386901,223.12544238712877,340.8100866811477,212.2288347035442,111.77360990859792,466.6978088319611,476.9767029043599,370.6999419647838,193.36519022496023,226.16432952115966,456.43974512918004,299.0791420078334,160.7090143044087,22.609087072688716,93.53652303019683,67.37185445594801,330.42533008955286,199.93261558784647,115.84409775120335,263.34108750598097,215.9706158201945,165.40432487257385,114.34223547789973,212.434569068765,133.9720448475182,87.22301264058407,464.8748619745374,46.3860066054993,112.66393985030965,321.5331837141276,223.67687942459293,184.3874326461401,29.475541148824945,260.5070953140871,497.5194289363963,61.856063533642256,18.479341637724357,127.53913642545633,464.93030377550105,485.4844463245607,149.71967592661716,312.0399375815214,241.9424118087528,43.51789164817133,83.21261291918336,327.03681004964574,199.7936413416929,97.5462421997707,205.95874050540735,430.6564286510674,161.7178315560054,148.56352288659664,381.74688000016397,10.114502112299306,383.8371814886429,422.9003694639488,269.581215816135,34.360465610027205,162.65544607248216,468.2461775277792,159.92477681671252,154.3269838568662,459.86642301549824,462.76497407397966,372.8851310742503,353.449136067,163.87960818299624,169.62046751226646,114.51161593872122,445.2270695719897,442.233937584959,38.57265026191703,219.35412215721595,209.06475347416782,220.43558810944853,391.05887277522345,342.76528783392723,166.64576491123796,413.40331101760523,255.62516916418926,419.38788611782076,112.27585539959023,392.83710369046156,47.622636443532315,88.55157174354488,351.918260738482,252.3575695613992,214.07624673848213,458.71359530216,199.82602596261867,71.77746320306188,237.75698173618798,453.56912258003547,433.80268552057197,306.6724243755257,374.10556640174013,450.777429263616,227.82667724704186,175.87576991566712,155.41387893730695,372.24205925489576,463.7151434131192,254.50346346299517,428.8747352121041,280.57197543127114,20.765206086630627,409.476648479183,295.4822369498473,245.4502381908148,278.3367502871708,353.6045914390686,249.24540408777347,434.8962387080784,253.49300304392585,363.19853497062775,336.33978942094274,137.9548189216514,289.2999637635118,178.5894638199387,157.90104680319993,420.76496055587614,340.91596327880296,231.78164432057818,100.97776571966894,7.128781446906707,204.79741891402242,173.51639190527547,77.7381358405424,412.2608804759985,231.05600022960755,14.983011439566097,345.7904423247774,42.163279652025764,111.65251608464638,332.22398088539006,353.33894995462737,388.47001355561116,308.97197991307166,82.88118734592459,357.9740535401677,382.2860194292416,152.1525924749263,242.46891019826117,63.82338120746805,160.02403897354355,185.92516670501297,164.77711695374418,362.3571677804333,274.1857253481905,333.50115001519146,390.8140018094398,239.70661980527063,425.2349186158182,62.10474959003126,358.30526767042056,1.1377614521616009,11.521318453010743,302.4707924274045,298.91068895056395,98.58358669485301,241.65521309764782,435.2626778339936,107.69675797719674,188.91528170584075,282.9130426920045,296.5341290706003,60.09903859728971,79.57818029770203,202.40300035351368,355.106565619493,472.5053980037684,351.1468859861455,262.05397336778105,41.48438180654512,351.4003032937485,16.862632973454694,27.088503207627234,134.3296365619618,471.4299560698214,83.71885035651466,450.3020162189648,200.8273292817126,157.38908252104622,68.9759431238065,195.16466853553715,353.63492251506665,217.8496366597691,3.4216203056851024,426.0373924891744,28.45549629071825,404.1232691174238,426.205144416515,476.5790648252935,329.36862445716577,239.2547138599336,183.21612531129261,465.4094785259652,201.27691841513396,460.10337947633917,219.64224464825332,224.0552852622551,9.270046811841738,497.48329105614056,412.95578865788724,187.22205822255256,381.7843587948024,183.44528544437765,440.10717375583823,159.94792622678756,410.12096583345874,243.56825322618963,118.39562356959621,413.8774142931516,146.41845140402233,383.96020971810873,457.94099132786147,490.5427335262252,128.71446988325258,352.74826658985256,26.17195970705205,476.32523457462395,148.74419329989473,493.3236518919106,345.2429422650636,495.733861857069,200.35268915876176,363.2015739327906,374.3902691914594,212.7455464528981,159.504966483853,203.07195650329442,147.13146099071827,285.2568042932787,457.1367750545221,51.4352399681583,225.72871834398455,327.1563668003621,181.54261909410468,421.8787474846663,107.60521538407691,329.6064888829081,123.20509075703801,338.14777556003787,17.096412115210235,458.916116504028,212.1975446674989,466.43981016036236,1.480969620702155,367.00714141958264,119.4998672537097,411.3193857011656,182.02693939205483,229.5453255303841,331.6551835954439,203.31508507440626,495.59922942971286,35.38723129242366,466.77931451533175,38.2758825226297,98.76978709310691,168.57517485022993,140.07281996164878,368.1392534328027,109.44828057342126,33.40664813735411,142.9819240699637,255.55242282267275,59.5114340404746,326.8980463849942,447.6767261355379,421.0506332791167,265.31344598938995,373.75771994011825,342.8788959705419,209.67963688833592,137.77781283597173,19.703249255888345,464.0970883668215,398.54335079321066,324.7602686723501,424.0432470591634,193.14078477861918,244.11496001746218,315.75994394366273,329.11566502571554,286.9683888945208,206.78258578148845,362.4396084508069,269.826711111019,448.22704478366916,184.29324892500816,278.8995918320945,402.2926544370287,460.60583379607596,28.389225977188293,221.2002047227581,360.29055623948557,301.97880528731497,60.56963871298593,162.35923493370825,413.1161609220575,73.53855120934728,47.899137738851294,410.1107067864864,171.24684790616524,418.9328590425279,257.65666209867834,336.49980182211016,195.41747489732137,200.58147738541078,249.72360196685312,1.632196144457032,467.5937366170182,239.0363341756044,45.46036381197671,27.733663901677474,446.50221321491307,236.35249648726193,404.4451855284086,333.5164040642868,321.38208502981087,126.68785341711968,279.0681414844079,454.5344366358389,9.334313311584296,151.85955616964054,324.89705987251205,48.157106538986696,492.33391761095237,187.5362036062959,198.13247654689087,29.672269989858393,261.852369072916,347.3943560704494,393.57482422713434,272.92636560127676,95.15247889339562,463.4356813768458,111.07364590503843,492.7677175849785,108.89673714360526,12.902296050638473,17.113822774965204,147.17636025446467,234.4027357541592,91.82833964458864,335.5419569423973,36.772075131875305,475.71231125445667,269.51541921072555,256.8250180339236,38.57813144567296,84.90568597344122,474.4696038861209,8.232932750616317,328.55075033583205,224.79073460038623,42.315914542099875,311.80063563580194,455.2408607820269,93.65554973751262,242.15093476480416,227.41569602845408,468.0475400152341,130.1927108704108,405.17993919107715,214.7556650918892,394.6354124189913,302.0151441666179,148.83495469889718,365.4240280963991,247.7570658159428,172.97998073711008,218.8884911892452,72.34211160240383,395.99172687858623,218.10114688524868,424.62476132421006,66.07152090047452,110.1688840739552,365.69658878599046,253.57436225937874,384.0539956128579,451.8359886759131,483.7468240672828,1.067722481105482,414.0301072834748,423.7538569584623,443.13727848854694,437.7058814221189,486.7008117990902,403.9454103216402,424.29977571391754,395.9327278806613,31.725336962117325,158.6381380267202,311.75686623900936,232.30076045693542,398.46075720217056,161.57308994605646,139.31193646972335,431.58665888467016,189.95275645986754,210.93468049164866,483.12112943483294,220.4568822441263,483.4178978233091,376.81241366859473,499.6203707343339,13.452764948490458,324.58241593461366,2.5833774923357256,323.42168810424516,176.46688842829107,493.8595034767718,97.50841393136983,189.33094333407297,224.2576887158947,247.77344500208554,115.0152206503372,451.6175600368648,351.0313538267746,371.3553646362578,252.24719627783142,38.58385249546853,265.4354693060548,466.6074956220349,494.63261591247027,219.39220775014277,333.1780685709181,470.20144710430867,381.24259714391764,241.22590771588864,217.6144588506065,46.89831791729537,74.59976694775217,386.48142245947395,449.9241236383429,18.954023742802917,262.0944669098649,481.34598687698167,127.51126145671094,33.80836877662791,364.54553063379365,210.08161182176423,197.1722719254647,116.05713522977135,392.44178188311236,207.88199242304088,417.70885831272574,452.1574752846065,51.186058368967394,171.57584141668636,456.6269354487201,161.93496291846222,340.8397241575536,38.48802005128443,93.33147568998822,497.0852851878006,326.12134644895536,369.3650018762908,55.584851441934866,477.53870061091766,186.59048691913367,371.4868074671088,384.92219261973406,21.643074775241132,449.3167449585393,175.6841725855284,333.4669987478611,324.034662986534,402.1981215059818,101.35952605663262,255.41577391343017,92.48485949451812,400.59271713068387,105.60101964319996,160.30462311710042,214.08711865391538,462.182927952247,102.82342970095532,124.15826975191236,471.731182701954,209.47304422331058,435.4974715712362,283.76434373916567,79.80734099107801,389.02701459009523,64.5474722187216,288.954942085042,450.50981256117063,442.0300489478766,6.137562503805594,196.23233124295646,99.22592955683729,294.5752350522392,161.28532134841217,19.11836112146059,451.3463738491084,114.88659048727563,375.9509302752149,427.66144227197725,443.2259952590387,85.9143450846922,32.53141496851186,342.34597666459666,477.64818098807376,318.91596532461705,377.14754270295117,454.46968550088184,455.99567286397564,401.9143602020495,406.5207891944702,322.1500799004433,177.4562654338902,166.30797312408623,314.6139153204066,410.17567892433294,255.06200972487153,433.5813027304107,437.4253707409784,404.452704055236,272.95312631575354,84.85068553199126,1.346781045092449,171.85983206149942,346.0098172181022,248.48905362255576,81.25346615355738,139.41721982470685,175.1161554595425,212.1286130068545,281.7741867669322,484.2759837765553,61.21171120028096,461.96303663199086,446.16035979727855,391.05353052051504,493.2746764698283,262.3494871276467,375.9282212718711,440.4139199262336,108.4062819947998,192.04707289517563,59.13261753970311,178.03296238214628,456.31354062154054,439.9980567056896,499.4616708407456,436.5391385404264,128.1852498655418,100.35624584136066,485.1112785998952,300.15527496200883,15.024094087461638,134.48273351869017,405.66486537095057,179.37256348408604,432.0445920359708,314.60001807478164,188.54002742795655,414.7712223762233,3.161327695536287,290.7450997940203,350.4488206263655,365.6240665460671,87.54776665556379,288.2913711010712,152.26530413365558,265.871808647804,489.0342243488726,202.30438868491984,440.34618686886535,402.1356008778526,36.521529290460265,299.99838259841545,130.35493047181845,254.53343217403278,54.1376882986927,176.46919187990738,48.69570634021986,452.2930458995222,368.761243314982,397.1450548900397,277.85868972629646,8.809589259518692,116.15417173503428,31.19604078540139,436.686570462195,121.28269324742924,321.2003735387346,191.50479685942696,496.62472908244433,466.1931985519665,281.8817271251253,346.0555685846416,70.4058045469797,288.1543284903451,463.2379817364828,182.0903755338387,499.34292107710195,83.47700828236849,337.04511936265084,339.6437497348514,370.3317407194987,290.8822698097221,188.81406197201343,305.0429781407912,147.5101847580425,138.39039676450116,164.86668292669432,453.4233603669237,333.92272930338305,52.49580539244542,282.1311973994473,499.8001797504853,14.564962056598407,39.82854990191337,110.46359311360304,234.80186602539794,316.2228542347278,243.64067036752047,243.40637324564324,172.8542329868651,32.95994682390246,296.63223453402816,163.42493527331197,358.97146026734157,422.6217300327178,32.38826937570505,355.21720090880757,129.67871548634002,28.981164173563613,8.237593219381,65.72963347207683,143.62350725479638,83.38207810022286,499.3432608257909,440.708413108786,2.731839312741624,164.21620409468335,292.6581751993686,289.4097340881882,345.64117780336767,231.82752872929424,498.1639572657489,425.5082020355878,182.17960937758016,28.751611367179464,435.6981702716215,187.54282904241416,258.0290887755007,453.6828636842609,226.12304499733636,325.08248981332036,381.7372123535934,406.5121003818093,88.09046816394472,393.85693881366046,93.32268893919743,455.66879385521776,122.21804376164636,317.4198938132908,64.32387064405908,256.7395290718184,208.08024257933084,117.4981885656458,395.7451176243437,436.82308477273125,12.178813170365677,284.22740631795114,464.83973776323415,8.687336955476132,160.34297893075754,32.69127332276528,60.17171415601202,154.82284049801416,72.27204307932678,59.05766911373145,433.6916948265152,349.3242614111587,367.84519203946877,132.38226486341287,364.1256174064248,471.6773193382751,312.8022007971203,389.43871022436446,465.36654039130525,354.15747550856673,253.57966299014927,212.99450669096166,203.69896840559315,417.0963918665671,198.46403005663248,429.8800697566419,428.3447218473662,200.92717261659993,62.03118500617338,81.11150424327596,473.38021703761206,127.06597028640459,319.1730262945112,418.73335394198733,266.36453388300777,363.72843225357923,224.69442461016214,498.40633906971493,23.77803615507673,443.3241370128689,316.00329151245813,62.788634747984354,389.81953398131304,196.91903531170829,141.94492652525804,283.6368337161264,175.34452265227225,356.13736645232365,448.2546716128657,223.72495289319826,411.58579182370084,240.6535695639022,92.97112191769635,395.0451430609949,340.3011224229046,30.669464065620268,412.4968889895314,292.9864751625019,320.6953159408129,380.20551652649306,356.011587324756,224.86087274115053,279.5810067328338,174.67139047821962,161.76445541024486,30.61505474514814,332.1019308656907,191.70628209209517,271.770914702671,163.426802301032,469.08689695127845,146.06231000703602,396.1956964005165,236.9407408128743,175.80668900098777,425.41099477639347,74.30303394022935,453.4495310800305,423.2378024983974,383.4641651020219,374.35351307600166,470.67949201858426,169.88304428872925,452.0210510591019,45.94027718637367,148.0691288249717,235.71819891980167,353.93284887822733,102.40965006014846,179.23837181564085,494.34738168037046,91.16190749945969,438.7036145428601,153.6886632017697,375.7579104403661,321.6421043716949,416.37896925571846,270.2076926982062,72.72140515506275,475.2568504891824,365.8455777975787,123.02254829324343,321.70869988582456,204.50821395687797,353.2048834521464,198.94595453235303,446.3287783094447,8.22226735728565,414.00314063421814,224.3760813555274,54.227212665239385,352.9965617350741,145.07186428418834,73.98428387847522,309.6507189625097,172.2702619956597,219.7082645326911,233.69824023884078,414.1129965877248,330.409622509211,44.13827582588586,179.15116986106267,198.62907863354502,326.570093479254,273.9715222282,9.114650503847244,437.1502853635333,273.7814049892819,29.025589822847365,416.90503846259753,224.11168727307395,393.63192710310017,188.75433480263465,302.5542216806401,140.4040301445355,314.9876199652875,16.572214482841353,213.6729474485266,297.30144265133595,136.83696988541254,464.30775024431665,439.9834020369145,462.9713757517302,139.92582879189365,376.2620441974931,322.1377888590563,221.15139327509593,280.08803912425634,356.7907993623472,110.9658303830457,234.8117063157202,223.08580994628602,47.05460064702627,121.68078133688765,128.9016365914477,496.4991664550873,462.86849004853406,343.4234575078239,66.8446659202005,108.42481407951871,67.94104757664904,417.7911946519056,360.5496000479428,73.76824887541144,472.87511492025754,214.25553929458653,110.17312389583705,434.35046896036556,465.7696644588248,144.01581450420036,334.5923850921606,28.08630770185988,262.5109578731077,457.06451780308066,399.89295429548145,385.6113510821822,243.14933200336907,271.52349895607466,240.08697607959033,81.59685106166009,351.69487036311483,165.0912609554543,477.93146822181467,95.32344776472307,475.28713681385256,251.82463441115144,27.684081537290517,2.7396818198313633,124.80828548814054,387.38350000917194,154.6365667668116,391.8651300829859,41.34761583574853,360.31313026828286,284.31235805162333,18.510507535355824,75.1237684289976,270.1970966116254,0.5561497381151304,103.60052293352607,122.31744258251143,76.59591989094572,473.9773336823788,0.04294729614667814,294.98804863096893,313.6114963118599,399.6792520945272,38.71217570367996,18.89710708889386,33.00672699575047,494.9151758293787,86.49153745943711,68.27722483665366,303.92583660544335,164.65744982365032,383.1264049490328,460.8967072590734,487.68178546410013,458.10972992328414,352.6100487097294,426.8965214491937,282.59217500768534,193.2234997040031,84.20031073231743,198.94442238418648,467.23449976420005,377.55461695056584,390.4766642085457,359.6925247088479,386.5356470429819,168.4079420366617,281.1379532344157,113.77989091135726,25.300638734401083,0.9435765442712407,199.85656068586133,273.5160253417299,249.26365965502006,328.50153127231033,461.14208917275016,298.145245036838,367.5556209627891,39.9186807428083,310.38373931329784,112.95525003030465,45.111580594924874,395.05925673669196,89.00609004748422,388.1584907498356,37.86005760294692,201.37867041321235,201.84479563923264,335.5893866040052,228.1871214604909,386.46418296217433,424.05794861509435,190.12553834730832,121.38623622551698,434.00451604239515,491.445517620071,125.06063186160843,399.0731218376539,359.63811882342344,418.842100392013,158.94769911341956,338.4449382497693,351.4188262039446,280.5825503878566,293.5584291392508,32.46171493302019,351.6605719381752,220.5090751460993,307.6482099732079,220.56120449554882,93.79420109903074,4.669528181817151,13.529118135541808,128.9528552785895,28.008728710440522,93.42957012838771,176.7013181214162,381.4295953978961,157.9204159271299,418.9832503083335,87.48908450585341,264.1391002019025,396.47794433019277,228.73271826575981,137.96641418771355,388.584033406605,496.0581372611302,375.0450187234725,51.690411843218655,247.51225656918268,157.38006821808816,209.03158874206963,374.6686775680797,113.98052428226934,410.69151051238924,309.9114613517237,0.680975036378928,368.90049241863164,40.40310921213825,132.41690090761782,110.8781515135454,286.88830807965445,6.948470875783153,254.19934501622393,357.38313153194946,288.0953045413315,346.66965702441746,267.7865616200198,222.10617657569114,296.1137427137007,241.93141259897345,273.73664501523626,444.381700071423,218.51406669891549,266.3708208014387,237.82177347733662,115.35339546992151,312.571720292901,441.95298413271354,397.3662011013635,444.0390000277781,135.76413051581682,43.09339045209371,212.47973366148275,74.66556749096287,370.18066849458216,344.45806589353805,386.88133844855815,106.47951289516833,326.3256398447633,52.95407580988398,406.10112905231335,90.4778812754869,98.42663420577524,463.5838744880746,235.65580427274645,387.55687529737867,460.3238706455275,433.3656870157206,178.6795788704919,291.13863501102554,192.92864517626523,217.3230325136844,358.5612925292216,121.77228701755921,128.8181959315247,89.7134232139738,27.239694193041895,111.72655892403205,208.46163834394525,293.1114036829057,78.8002195395065,204.2533909406144,199.09005649223798,13.746776435647313,57.920985107254964,100.94559366588496,81.44501517037106,11.859866126276541,468.4353733798653,2.4617731221376893,116.13991288584347,109.33320259957114,461.5635497560187,491.46887884174754,76.94478161323003,337.0196775298078,102.72019057954208,400.7182285407817,217.95311850305765,314.24873727293823,47.624119402816525,222.10589551966126,431.53686628160506,170.63397460831254,441.4594240015031,207.6909067148207,485.33890061034657,113.30089709526419,477.909839205346,238.5488067836201,85.51769051818935,385.13691110147005,281.95049084980195,18.689015281103394,355.5949588060906,321.5999396920848,191.66040086075375,246.75350709902384,397.7157926942112,154.49876169047994,207.26900270269738,464.54852447774255,203.81845580514778,355.80838936793543,57.21186347332247,123.20160913705952,162.67768074624294,472.06686360223785,74.46443185025342,157.5574334785408,201.06442230855643,412.53674995695934,111.05135034263391,359.1915671027621,79.7741027000301,387.79012817881346,281.1877528362124,136.90690223990364,160.15653987724693,477.20853050174077,454.12257686729237,168.0391210445209,235.93129031342824,9.792673560741205,260.07546725085746,95.05457839074587,61.994050041297875,400.28249513436714,332.1849694077757,457.062771189019,144.51280137340606,245.40450591324813,95.90575785640782,351.0874019220529,237.22685061484123,289.0323038438841,449.0368756288578,416.8587325761108,332.19721139989645,327.71611846375663,75.31618921314292,91.91037337499941,204.98402760119666,285.33610758669084,278.1523353123995,118.03577671778487,252.47364552940337,352.7368489987535,71.81735646889726,446.9064286720969,155.6530824173602,131.16747496355256,392.89885702171773,190.15866441818312,14.484897943208509,499.4933171719147,100.58520297807677,81.12191398903806,15.3671396430764,215.80740030483759,39.48963233011976,28.835611726422904,217.9964246305357,385.98785020324914,174.71073273241683,491.0190667087252,67.41425540941498,410.7871901537044,195.384731760942,350.03331156161875,485.7969935846939,433.5502709468576,69.13701794815147,160.75377332987338,108.39429902282,60.52126555388254,421.41621485029617,248.83737523105287,224.0761020556442,61.95399696317361,244.66016730322687,114.17632658128801,99.4352170991965,70.72830796323653,267.24847990053274,164.60036572538945,258.30892116581765,485.9549163548239,205.8986214462073,120.14762595803464,98.84590483726497,343.69730273016864,68.81321742184765,200.50532223721035,330.548319090298,307.79628112772326,28.01752733166363,459.224640991947,22.13049576651821,297.7000669562455,441.53545767566163,365.4627336167652,300.87233610238695,487.0230722733838,466.14653348017555,23.44209973696254,356.5803530909951,66.3861591291805,334.7044373689816,331.0388514827205,241.4573891864799,76.07829409806361,315.7389521034703,127.79288285096318,129.06125816622753,210.92825665869736,360.13460647285274,133.46030321011466,24.99972439364645,312.42418930047626,396.91982156914037,486.16593794777594,216.77476448566995,362.3765101571828,359.38647685093434,173.4288345804172,351.99809282626194,488.32503992185747,301.6515506318117,456.8992518344916,455.88410591213466,81.96868669602908,421.0895815181339,390.08636732263193,23.372127908939778,375.36416531238956,45.131971884339315,460.6695506952904,132.66091666924612,2.267629641654889,467.7093835348371,479.97386301302805,495.697471832136,392.22915785130266,108.35683944007273,53.63640696282446,439.22541125356486,336.9804573944669,64.85329730787603,48.746262821081075,186.0017629871249,278.2634304555901,264.93494405304597,465.99840158297485,466.1480488833101,199.18432275826459,58.11365973952359,227.72832837942164,476.25038815661213,335.8527388657532,91.53031670054074,293.94951494080755,331.7023865555212,196.8528530675681,320.5938417896029,387.71381239452006,70.90307012643837,72.6701720178814,169.28144886692226,431.60487322718933,390.0930799153026,294.2764690258552,150.28806489628604,27.361544515063898,12.554695175742536,181.35934111877432,161.620152897737,174.36166548077824,233.0230350025293,480.5830852155444,297.88806432735583,59.029381768411604,337.2311321618104,470.50624540693457,172.4871216376624,466.99351180089275,414.39536547229034,386.7347062624083,112.98322799650101,205.62860145610802,397.3575044892575,304.4624407797119,329.77817545668813,54.938836140913274,477.6906558920794,58.91526570750044,274.4152936871952,305.6975135471622,216.33212653451795,177.1904758044721,492.26630435078556,331.247897833515,60.28228477744968,464.3106368728484,200.0313575019123,493.3387754005634,94.80818683454856,423.9339854632783,259.46618461261664,241.26724536264243,484.39733079638796,57.390596032198204,390.56782533838947,75.18304771392332,6.291276310948279,44.843145680574956,434.23789103843353,239.5501276217913,495.5277330949243,439.00720929599385,297.71001545058726,26.053177441620278,193.7720886277936,94.29255063461278,297.1458911474744,391.8078727746341,216.72772371577958,280.902894503889,173.02247481904075,46.0087488804804,214.19499464353243,63.470313783818455,496.02996905027027,383.1555955065723,242.03831056178333,218.78522156135654,109.09073970698508,200.59403346231886,484.0785087246206,243.46560775782817,382.2132655660019,309.5587957471898,48.63651280698067,188.18702263364585,498.77315156993745,457.2053431564168,143.30460679871615,89.0712338910522,156.14068596882242,115.1737992426945,432.8935540170814,462.7969654940597,390.8983970372552,112.44542210888042,169.78472776249907,470.1792506729019,214.63879497377454,328.47898895474754,410.46116383267986,347.6391261422912,349.1047110429315,366.1607291586066,313.1136865253844,380.27272580340747,308.4363232517771,90.93399460970936,489.6946995633982,353.93450675857633,330.28090594058324,49.136014200830914,49.58271758654414,483.4560076843296,269.61344878066694,303.2024406752211,44.31462877377007,113.79246191962721,373.01485083887184,205.42421402138748,244.86513178824893,271.6767713513194,126.76098343160808,72.54229080305974,348.8305626401464,468.29535398397763,467.4053711589845,143.13275613139297,302.25932837494736,132.46633774079297,497.7795884714284,390.51205947878816,14.768813196429697,75.78348868089007,473.0578271504915,292.2409573506247,162.16181754408288,62.37376348849855,123.82758657241605,422.73153201639735,127.56514186246781,17.78461924322139,468.1693301537315,51.00563370915917,388.5123474884782,243.87666527511954,40.402029555085264,232.49723509056776,167.0116317009448,420.7801652095083,482.8924215476164,291.8734575142783,143.64004358845074,324.3509513924342,52.91482452547535,93.74096092785805,227.09974076245476,426.45355483419814,40.576454816100785,212.7072001889636,186.10100225372267,345.7351133878486,104.62056153973931,349.94685751601503,479.7926928949006,47.42884955260135,389.7287468034024,424.2778770635763,494.842670709758,158.9429606000466,426.08738914924993,249.63667491902586,439.60062944772574,31.268256557483053,258.86121800761424,25.612509291890962,145.6837694570451,152.79487545155752,479.07966370816405,283.69517626829645,272.00834554105677,344.65738262823197,236.98140924222594,341.67654335332844,462.0362112817644,84.04983823499829,327.9186152688684,65.69497640768535,397.4567999047041,145.3472185932877,175.82144333777623,469.2478385000379,40.63904355598136,456.2036693818179,434.6255892328629,44.85549393698163,17.120655923872906,471.4898313088857,362.10351092803916,408.6615401518851,113.5494008016018,285.3031426243896,458.1333140462727,106.22901134889345,132.92713610029344,60.70142989867022,212.5951708287082,353.7481872100957,373.2522655332752,222.27029335047382,42.25065578312764,101.12209718664411,166.21861144624182,150.21174831158268,146.91639141814593,356.42224252042223,24.579085095614793,233.27711116956957,480.3886379322766,221.07228998408053,381.82505369857506,419.41842619218346,428.88742737882285,370.10474325174795,184.1863479574274,257.84237295473014,470.70999340450373,414.5607053761491,189.3812523876785,126.41539807950069,447.4188851491306,115.9569328410735,389.85216843670753,288.76705148727194,381.3314177342652,115.57475037888315,312.382142343798,187.5078505276096,429.8082084257883,165.43163283458568,369.98778324984886,70.59166449561843,219.36131184176244,29.64679087108224,215.98835831949194,464.4410679558328,304.62893999073435,282.4855137311583,35.539509902099084,36.6645721555599,12.14450461260702,257.21912924677065,325.3989967083367,328.4114407436591,320.2990035759394,383.842465167968,402.51076276944684,226.92794863866982,111.71393128320523,431.8748689911196,429.4508562355096,444.91439942219324,304.4528221114667,60.04428100577947,340.88936295243076,56.668105578688014,389.23314807254053,283.43572876683606,206.0227039856825,402.0867992089315,281.4699345315085,291.4051272984386,475.80580960763064,50.1929067099971,145.50208997996572,324.8533742679525,72.95003737964517,138.07619446146714,134.72216551317874,327.8101861265933,355.53194816359076,446.8587700664676,223.99282869959913,232.64512592429836,489.0972439592655,287.64521632620864,203.77916130965767,261.36604834419717,116.04980090483791,295.2670425065106,309.01057093473986,123.63233362523724,207.5866751263481,65.00235315332975,471.5849480231749,458.1264745051853,342.7288612688243,340.99685630196365,266.2173613108457,340.3570499260503,475.2818078738683,368.55291296188386,214.68022604828892,66.2994153045361,133.08114173480595,317.7465771938368,441.6117295785504,340.79497334589126,27.818980112653545,160.9798450931022,18.18884840700896,127.03269880724305,79.45271163755675,351.3546956724359,147.82071856841628,224.40033289260802,149.09294017154124,466.61602577945433,232.19835484371893,84.78190036814325,432.95385229541364,418.4704534791462,41.91964213841598,447.2525794762543,253.08324622916,247.4051698616579,127.51480115352432,446.48500948456604,369.4620613555134,100.87088534179034,312.6069119068219,468.1279146380406,184.96694002070012,336.92240543972446,371.42546651144903,314.68147959282794,201.0144519209045,393.2433919060282,456.88435372411806,447.73581586877344,38.56508209176002,81.70900589442765,27.530571514111145,466.74018183715145,160.95314915946796,21.951468349393764,208.09565965766365,319.8876005508044,17.282772908505716,35.84698369567635,303.87505819631804,486.3344813701653,107.65989264862735,152.635644269125,3.983861711134351,41.650802955035815,379.61400367662696,158.82390798726175,12.938660324724848,55.792442186758606,111.87266601870327,364.0374214045441,102.64382128927168,257.7842725517469,42.40172541116205,400.5831077172388,266.12776308901135,434.9934393131559,486.72637505992265,372.2765145269486,296.478670062706,95.4311834097164,264.00351625376015,273.85307620128856,334.7454406777648,188.23487965465068,443.48923376898347,348.83084656198946,339.3096946121536,282.87514862774805,437.2092479192711,110.72338661351489,180.21512512725008,250.84776349725595,451.832261625864,62.4630667539981,64.77773836042961,355.00418635991673,266.2969152930365,222.04378298242506,387.87112279075257,409.16350663228525,437.85174935317343,78.34443082443926,236.6398781144555,433.5015430858922,82.99189907532006,301.2688684147682,407.3693059204344,20.91908933750969,397.2297073099881,329.2460162167827,346.34391634083505,356.0923038021196,341.4548042456028,153.74592077657562,97.30746837236632,280.4186344214499,432.5260025394355,33.33906812820908,393.95940420850326,251.36944835354342,366.03682539505076,385.2737744974268,468.83355888200424,256.3446480076689,68.69026292207114,165.11921727052388,322.97077384358334,282.29737846315754,461.7267405702595,45.36067371076547,278.55036450195576,152.5139082905163,481.2498613192443,135.61237465838576,301.25374734354773,274.09010313673866,291.41331925192407,499.693621839627,325.4075631564284,24.287115428915374,352.16303146646084,463.6803199335714,49.38612718034613,21.831083513976058,398.518845480727,57.481447988596,353.19142793307117,411.16140051112114,353.1056453217735,212.66379808476543,19.158597907193318,493.4340261508006,378.24435863552316,308.6620108351003,117.09669673855677,496.6168471842452,344.9292383964966,446.1980585132461,186.1243682130392,124.43677858737479,306.4012305778129,409.5540066484103,9.71003363798978,36.48344387431418,163.74894471143963,25.215343948714608,147.45376902740094,413.9389847947391,386.50417835778774,278.53018943120134,153.72925547717864,143.96444991984498,400.29499296084254,280.7313774056867,256.90512531443005,145.9282868019957,122.31601520003494,318.79601385331733,258.1778378349526,39.13163432488198,255.41499952023926,45.55813343989068,334.92839151739406,57.8003827629468,456.7433348564798,284.6892833129295,148.3249306140732,135.84180947171532,190.30925326099174,120.4754963876058,219.0815027555959,290.05790820223007,107.56335708195053,44.331774798652525,239.2484052830907,106.98103847632551,375.2855940920705,328.6975424886773,328.62173989276465,76.83767876319352,294.8802797679086,258.968762514476,179.43243400414056,368.620667344006,396.32982443929114,186.76263777636365,390.1801420601501,79.72229555500721,484.516376988773,285.112431990214,201.87911544365812,451.7227310502046,89.97529276238497,276.6080084654666,70.8637042366756,155.39055527743224,469.0821575291621,472.737796980054,152.57861860690124,406.66548776888106,253.12679939682081
489.5439162865604,475.4233170226352,491.7328139816318,341.03360180052135,407.2913640181413,332.19188534928975,47.71147117059888,144.14282381756942,323.32967036150603,77.7080654651816,460.84196189663544,39.22151190301448,289.2268712165155,270.7861152499565,48.290427841943426,371.070344227907,281.6811546433182,107.95603546017607,133.23553970730063,273.6806334939573,213.02304265589024,95.43148743660356,263.38953142801955,261.0117409886859,248.58468356699282,482.68722685231916,262.0747351379235,395.7075274051164,287.3287132976324,61.30952770740211,217.83048932887738,169.3126340202743,433.2053920021597,384.8412137660089,133.0589312779974,234.6289635822647,457.3838583454014,340.866498731591,225.7451914462683,79.26740135962469,358.8628687856094,30.495902901144177,301.42051030757654,495.1432736356019,138.0989533458666,22.38379652839989,36.78574286948349,172.89541140215604,20.07104423196038,144.01330046448047,214.56519174480843,460.1114903097989,363.4805021599817,416.0241475871487,401.97224632930227,31.660205245694794,419.1122854073133,269.2236321255641,85.55433597165762,178.04115748670856,339.7862894577678,498.109368667353,78.66671876732883,402.5708992348391,431.89214326137704,324.9134262452449,183.4180481958974,28.790669713340044,219.41968642489613,129.0889791609706,241.74757597961417,156.73099370072242,21.985421207606215,266.8484396126763,197.06752304030428,137.32261820412978,122.41207483536226,299.6398358457611,217.51704748263688,117.01005785419099,148.96085477581317,116.06312242682971,427.3385820751504,412.79170535462066,403.97836138087536,478.90221568676714,24.805776467203998,443.42466728678403,132.25053628324446,161.5980955593802,437.9370050817064,129.8665519150722,110.11544185226512,34.737848221244036,112.58567436153349,362.2997641270627,482.2054182728511,469.2882444327421,105.58699004490785,451.57999439551304,401.70018219628037,69.85960109029504,162.14399845634085,378.7802461406284,306.24871888542276,119.58319611755758,481.38971062824197,206.81091084686602,308.931165018845,377.67098761183297,32.437754950640056,208.30654068910286,1.4649510041305214,237.2785637698202,386.2804729152493,156.0813264220694,14.97620333630839,75.85751121638967,435.1533789980727,145.87300259898518,11.683281882895136,101.08867676097539,188.77181791877578,123.2911627379497,394.01558788779226,40.92671945295978,441.5864550976792,240.6212998408552,396.85519861355743,311.83381848756966,316.55752620558155,72.66180771410625,476.9446082619912,200.79983980630516,76.6863982772108,282.3367001118785,254.40001136348044,125.72402237902647,268.92923606277293,110.78008556006041,429.0550744534929,401.6349418494122,282.6436227149083,371.03413186448404,222.70788821417315,438.38347701791133,225.270468899726,294.1386697025,156.37391992278992,393.82420320218887,342.73082323278373,182.63877749225426,320.9004885056114,124.0406537665698,402.2526881808875,171.46371216424544,307.0747313156167,332.97797832571183,187.35108198563105,4.542751593878124,60.52387521268027,86.57370514487044,216.73834191410407,231.1393685764847,239.3425001536054,127.8758720957599,431.43263916179217,193.55071970953213,306.9002141305121,156.07259671302904,120.59827937830792,133.34252989561008,0.8398099387417202,367.4253768814575,141.22619493679213,484.90784479354176,54.147335814682954,121.82545728822997,308.38986183676275,351.6252040044148,469.52266115270527,476.13094899351864,375.31215347200015,439.80585981180866,55.970209425686036,187.2283158893458,143.39574762540175,183.4832114126534,413.7105856927763,382.287762993336,255.02298571275756,60.400441476123724,95.55755911668513,16.4914990172772,432.681730793452,182.55420274320966,189.5825181431696,421.0499822512147,70.24973350883823,119.3050353980244,132.89032459982653,496.8289252885833,76.29264931438013,387.2501301328658,288.4900012502825,72.57697935505108,69.01538374139832,336.3287653748769,312.9873512370847,470.871413173454,399.03458353619123,17.207605995660735,126.38257617023108,415.0060358319447,450.90703241702187,282.6253644749411,404.61182734185775,265.57062488490925,176.75895421046718,393.67405963323995,56.446257248060625,296.8893523307228,99.87909067751255,345.8468994513441,32.82470383010272,386.12883989697775,92.63989269146367,113.43760700206057,113.29261666837498,349.3915449254329,251.43108711017408,3.292729575343656,177.45860845492223,284.43010230289036,10.77630556900605,107.41709245147646,491.02038192028095,250.35320459103588,391.22638924900207,277.45417008719363,266.23817318862484,405.9653830214342,407.2483987553771,62.8636972469509,442.5222871247077,54.30507251537853,423.0451643470321,230.01523266367275,95.51539387310437,312.0166956460526,299.52094366676016,225.30089637271368,405.88105866988354,427.1594341064169,146.23665463566022,32.524710404372435,259.25923239874106,454.4937751309546,46.83933941751373,279.39119852988046,433.9223512648406,261.58062702077615,302.3405516085043,177.45266430452872,435.6051228212868,244.3312557664124,123.58022452729777,282.9481032321158,134.5764586514156,45.58773637553942,197.2554975336756,260.55428128040137,328.95008437230575,19.5148256346947,104.56239066706729,92.37268465771481,206.45125933735125,324.2697740235943,180.93720076528587,185.28839690017546,89.9841093891407,327.9058255748007,365.66327513588317,241.04341871206202,319.20239756619327,470.5877352652722,36.091929613047135,284.6925107289179,89.59957788608497,24.66602293584541,428.19750460887497,244.13275991845956,467.52677768728114,351.565352415528,11.420480630214003,334.84689427565627,168.0165409573977,271.48063117816093,84.09913849047112,317.624621322269,302.3417831150716,441.77421731364507,70.60316232232971,44.20063070721791,404.4165784304273,190.21195726506375,56.924476529115196,35.22740112539313,347.4989029541758,480.42198720023725,151.60186506617362,456.53973992666505,185.76144197485934,2.598995500555701,40.11642153319783,321.7178477616024,117.64711588221921,39.07872432310433,62.24923930839671,391.51733238209897,355.9586089150028,106.27969349482913,179.13254355537904,314.97059945447984,317.44480222167385,376.6381127990367,245.64547944523906,216.00573788115906,141.89102111405606,195.22140436022605,397.40437278798,337.75684408218274,155.21856782243236,235.25637823858364,434.65058142736825,63.42658299488502,287.42959580504186,145.08014347525588,75.52987856269195,241.66022325617038,303.9835376605856,213.15411238085906,186.80066787588407,334.4636624672543,137.91838441875177,388.2008247620931,30.09794949009459,25.362917917104653,125.02293622221666,411.2283567788539,341.48205649998937,158.59352798614452,388.9360499142356,69.51775924866315,117.21364078407743,254.12643468926044,240.80524315583023,94.72512928269028,221.1867527030487,4.047688063836041,156.2409611764461,313.2748007342995,280.0738616447876,35.61181536676927,207.41798178489452,396.4498379318359,133.82228751824493,432.267502250923,212.05776908579017,242.46368063933767,331.2727592041824,80.84295626743487,353.4284500689136,173.1643127097262,487.0594747711809,233.08612877075475,349.28085829240433,116.39087128472286,34.96510563346011,325.7703207341473,156.67833504699098,492.36117232236757,389.79999281011175,441.92763168885716,370.1004725132169,321.37766033888084,30.745159684156253,221.95434949285746,91.50263535015834,493.51552333998063,219.76999380292222,63.24878031234715,249.18160589631145,340.2933454138862,412.86678252751136,364.8137502708726,30.15609245208517,101.15956373995027,157.94407224265706,311.97354457589546,40.611190784861805,29.425895151683036,179.60982883659622,198.6085695689528,338.88166203117777,143.02312898741388,296.60565949410244,338.73231051987455,24.409855678050874,355.3896482625238,347.3643187912951,324.72560572539254,464.1680677880422,377.7425506046197,66.70193486301434,218.1935575299349,80.02439102979241,167.99193390349265,451.55511107692126,134.36769654292397,247.44491449296058,37.27951458249168,97.3526168049217,49.02128622077056,199.6760867211687,256.11915141333475,266.7588605236312,305.92963112089564,272.3708895861934,214.9100673289268,66.94640678303837,308.11711515466465,442.2197505993208,467.1830066020674,356.201886001768,11.236042594527373,404.3078214820857,101.82426181047389,406.50810230827045,64.21762861513852,38.36721938906717,408.7665018821843,20.55974849951536,138.25541010655118,380.21702266782887,241.90950754644058,105.47923918147961,225.99084626337307,360.0179318665337,301.32757469028815,409.8693812883874,312.72414065880355,208.3307878960432,177.16648454825057,122.71688604120595,201.65246835403562,110.89680156196563,156.784021947741,312.46130114026926,74.4682227336953,409.1812179206954,62.02213157839026,475.9289155401503,222.611759979481,331.95331168008414,111.66508452596268,107.4001650671857,43.94684249385294,10.558177701511905,487.97971563590187,441.1392555693864,190.74370042407278,107.43124482193889,257.6784763238652,125.80602394638352,306.3399322881452,193.28426751462675,77.73894841619273,433.72203247799973,305.1046946795764,91.7647460833767,411.3226039066745,463.5497613487074,417.64363300898003,182.13416013169604,57.61593600691278,393.05576122561973,335.8645150862113,267.63696289659595,150.15424800044008,175.75199054661655,204.82389769713083,288.38783888791784,337.26942860094584,75.50482461620605,26.097685264702296,280.71860783747667,263.4796897278679,33.731195434306194,64.75418719010572,307.551537100817,96.31021765709663,377.04752881370916,422.89540520081766,241.51401059868004,479.63005167089716,129.80180647774148,227.6522144006047,286.7100012033101,99.20276785056714,88.23583867755458,196.01965494973828,331.20958760499065,409.720686201036,379.1155347267162,354.98563331899936,391.7956962047591,286.6815492769835,416.99685323138914,418.82038007012306,227.08416059047133,7.274203500614362,324.35990651399163,452.24660476973327,62.12302308953288,323.87755924229265,210.11581513841398,487.85765802087093,119.86626197314936,403.28541060250666,441.86828222027856,307.43809269506824,494.5796395964275,358.85522390257296,387.6241368075734,170.76433363751948,268.8001127042963,236.53981419229504,385.3249116705288,351.9846180231671,284.46919541668416,351.65056707088775,122.78860035900114,410.5296413339839,31.284221725276286,473.2213068893922,74.7962986354161,422.02096546251516,181.03003526596916,89.8394955293943,340.83197749360227,236.86791044718547,237.82245317804578,110.50764116069378,306.8267664911713,75.082950145276,104.04260577128305,279.90137227519097,410.00011450208484,420.3104293598157,248.9811946896367,396.69088617009345,21.02152598032997,460.15081991771603,192.58503000736914,239.49958278114107,240.16052272974525,137.91729572976897,24.521287344759223,329.9530702113426,194.35952349541301,258.2546377203663,351.11608690921696,31.702938868225672,1.0745418129346485,82.74734276178557,329.7833117748744,153.5417688806829,45.94562318184548,465.37113836484207,22.803958700085392,154.59176910990558,108.61071752687795,363.0998627106427,272.9269012676146,377.11753982087833,392.48972106795907,100.6140002525428,480.9999447688419,456.07085014362127,336.82877278125795,388.9057708054345,298.18827274123635,196.15648182954075,90.89827256817212,280.98575580997385,345.55789013535167,380.7493554325508,396.4997552619099,56.065702364559435,49.28176095412174,147.79449167451764,489.5635875072475,244.4262731151618,429.67094862868095,441.8308277461267,458.89194558006756,464.4324951584382,474.6300524413085,294.442136323938,213.18856729503432,197.82965649218863,39.259320568775344,371.92329002115946,325.9061930717718,24.407322382396345,326.2464661658042,267.06371959138426,255.75221584790702,247.65095618720272,187.44273868973477,83.724948689543,497.5814807771252,423.63378011530983,82.86902943133772,85.12116045651763,15.098218164550591,96.27522456229393,355.13124184637866,40.77653447028895,362.8234294041084,397.1060801550172,6.037590732318964,246.97887694516106,162.3497787774622,128.77483896814545,405.58009289400513,233.6263843040166,439.36157398279124,281.0938145059212,418.17434104462507,473.7101787722088,101.58318236567021,476.72703434684206,407.22405609241224,405.62298617362063,161.20341222178413,419.62926702481906,238.51517152665912,409.57387253596755,59.532936464882226,195.7249363790491,313.34856167530796,366.2877758113878,391.96278208850856,305.6384819741712,197.14580406353437,146.67774241080457,259.83048931684567,43.87910550044405,479.2046689178826,202.52624209898866,8.98232398074833,248.94644584631854,290.12058964405117,53.66191649008783,91.80009938540906,114.93482590058012,58.26081609530193,261.1299636736822,241.69238598841102,479.05280124514985,257.8459637713708,170.8929488014293,436.7129844149504,309.83221738892655,367.92607418204574,347.15817276394614,355.88137608788867,169.10340921368612,455.79581602721,429.0095025527956,303.2635626954127,248.48665441782674,429.26043628970933,18.84681433173285,192.92725225183716,179.0979538982026,97.18337786605719,450.4823296745684,0.6970786138301155,254.1386992961135,119.40404675888827,215.28572252150596,94.80658661916675,19.014496112968125,43.234033020810806,265.38715858598965,309.2047890439924,360.4312334988596,330.02253060888376,378.83770028854553,231.09511279205202,397.2922546380748,12.915218092135806,141.56649947809274,247.7557970963309,52.73327540073031,395.89346535857635,277.7263122390229,243.88808568512098,292.9067070558463,201.46496357437908,199.37101727385854,419.76777605694554,375.1178603733795,487.1492973442623,230.85825723689507,438.8700346585876,355.9028464133652,357.470999598785,492.73627710678227,166.73843898478785,138.03180728804602,8.459350473028259,320.589011697797,348.4464998856823,428.135360139906,336.2347639038966,248.04902733358486,483.6668437467151,425.325769839071,247.14377665811077,363.6179289417735,21.990775466130874,399.4025256029153,74.64277694320303,173.94683929664683,57.893991432276195,108.16006079762624,79.41398825775298,164.27702227251396,393.2517783405293,438.06247361298284,155.62160589295,430.20221604663027,413.5614030993563,448.5876645373988,427.7409975457681,143.20590798967518,106.85923137024783,372.8642010671444,26.95729432247601,378.87956026967413,90.75711643523864,388.1068317216681,73.19509248546107,462.7934864569196,156.4806993702334,217.1804612547215,387.91231384492454,21.080638590519342,191.6249541694589,98.61818789816729,96.22503729826659,486.2724860080709,170.7298333281067,49.4174844982167,499.10730179189034,451.7987677476878,250.9096833375986,4.19174861253585,9.582185355890838,199.18750518645084,259.11166214547086,467.71879287447257,24.97481148246988,329.835939536858,264.6019550859063,174.35073659332195,49.5675078045979,190.9698968734407,333.56429134473484,248.4297832502969,317.98893693335106,227.97523360587547,35.41157980934434,302.00391039643677,499.71537460053156,409.1034002627815,173.42252492713706,226.75581124219863,273.83723182406493,323.15191219478527,111.12269106792644,22.23299794596395,393.47541294255933,321.38881797120973,339.0201660909713,441.19406626023266,109.58454514839922,175.25904893368914,465.92261265792956,493.01388908585335,428.3307949260984,211.79227658302878,340.5354376582555,135.00944895692564,49.35052858308725,249.5442473318638,363.10407619923535,363.8988681072157,182.7143908181643,137.26080050145188,456.2123531913251,273.2211251210663,452.8213885543472,485.3427455692502,44.36632459296086,283.5566283816513,14.270690694537514,444.14429519217487,277.8605464913102,176.72025670857988,349.86583208613,172.5598240666888,475.60281831144965,212.09749161399856,463.0178965615714,427.94391832236676,456.48235571404655,45.779025903071535,32.26514427273497,269.4931008929088,192.10418746629077,163.65696923853213,465.77216215476324,442.66088346240025,22.20863469709544,65.14772364742011,326.8343878167184,400.72613346223847,353.56521949004986,242.3901696233018,317.9031003973755,138.27758540873853,64.70617876969642,370.50685527771265,227.6369479341166,464.4794033611338,380.6784469918075,254.65526150227046,198.1356596009557,458.80830876957475,149.6323510723655,169.82478713314032,443.4604125932891,466.4145097780971,443.8127532725203,297.83964801101365,76.90681716525467,211.049523740369,479.58146599995473,96.60352146921369,332.53236543075116,423.62350143209284,405.2733999315486,150.27865624797698,392.7517100866969,92.67357636064577,33.24930044299429,285.2472353805856,396.2870986705126,311.18259022845643,314.5049918612031,253.9576434101185,16.631945565746655,97.71700625265694,158.4424237138666,266.592884234009,293.79151512907094,58.60624555095689,467.19164723755216,395.52269831383006,191.8955784781186,319.667875231466,181.16444109704395,342.7839732564588,453.2836503712558,457.88613852998066,130.1385424143054,436.90015371042745,301.5112591465802,205.80920033931395,208.48598546595747,104.15345190938385,258.7425225487911,407.8422280509918,370.3969085307044,414.9481961899528,413.38811200913693,33.968880744648935,382.70378407328343,20.251953303038196,427.3698957489989,468.6383815592702,136.8309277739655,333.5979933295574,44.71141069824297,37.77134233470558,38.40934061185042,432.99808298757375,145.3820265260104,30.263796008486498,426.10653041671645,173.34472116019205,49.86144297273548,493.6549073684637,374.87920924311265,275.21893675926634,394.95796133224565,63.14052801576031,329.37443878735996,54.87006726288346,119.95498766662027,205.8859850636795,113.60749248083857,238.99439713118153,220.23552813133008,385.94222171214193,171.62730820758188,204.3136968000198,265.0772519920719,250.07074154933534,52.31622998699908,496.71055590395974,482.1844075421853,241.44470623501107,180.82232845810557,496.40732188840644,296.7548685234811,218.2286876322692,281.74253080065733,455.21070752475794,388.22896486159743,251.64626364312502,125.28761557476342,139.30388376407532,384.50121649501995,346.0472421764132,458.75545471066084,386.4600367853758,177.5304198204966,152.23374897336467,351.4980515131305,104.43685276540005,116.19374844661756,331.26897304604137,142.05455865690263,472.3623828853117,61.78017914822226,316.1837995172793,258.6732092428165,198.14798276305535,149.54173109891,243.71920412939596,5.3458255425370975,129.29251404248592,436.1054079726126,274.3696813946164,148.9038156370176,370.89198999872207,12.8820428394264,409.42871089796785,396.9406216797318,5.312325146461849,113.11478657618551,424.29719813968967,239.2677304740925,275.0951414188633,406.2555560449133,143.55980326306033,179.4890149750694,393.6196527238999,132.94694016432047,382.2757369221182,84.19751646500629,351.8660891622812,303.5154491141456,71.49691593986857,16.184174542626884,448.23780104446456,368.9306192756913,417.94385242738394,283.7094488151088,321.0840205600387,466.58909448619573,323.1111130049511,446.42479774746715,262.17253976444954,389.2649866606242,81.52596773497567,68.79527449454004,100.82812204032676,123.22496720281339,6.008055079975206,80.0505834371954,277.02687930234873,156.0687704823675,351.00373156695537,17.840606034887184,132.4485472079454,240.20172805383282,123.88266774647767,285.94045375904597,164.48516205900165,212.05541566299107,401.95624365117425,179.3821568769985,251.0186053879705,196.7816454102775,470.39540396084425,55.96834046260335,364.7133567037563,57.76616411445945,128.04124238065106,6.536864065019743,488.3477119927385,466.19986798175637,120.86014185907706,30.711514951117792,85.54124266559282,245.67515810124806,161.75769126614853,170.21509789802707,241.17990346865275,280.1183552258348,282.9887266683667,46.88332159694897,83.93697612616413,108.23888455979287,499.080075142992,175.8155441901245,459.59629974183554,241.14542826217132,325.765625039453,376.73447144418105,100.54482798563508,387.0744972981191,92.14382614362582,360.5313992149502,87.10435043214827,72.69273813214333,361.90228613908505,198.9799928586533,359.0377100950247,166.69427706351559,419.8177506158703,62.36789543794386,404.03142411589823,249.10442457662307,299.142195436449,76.57122032308789,432.52958982702046,410.94420385494556,269.491124186552,149.75614762755862,448.9244643715825,466.29729503466154,76.05469693621292,429.2352242649624,484.34819151256016,421.66007618511634,22.666576284780692,124.32266554880577,201.59604089440492,4.930126824686409,284.5477303164318,339.8802650592567,493.84995983788605,85.0688516858733,99.92711884626615,196.65082338012775,413.3828711245184,183.1596713493891,411.25156299573916,469.66897089531295,31.402065180746842,318.9207983081734,120.71694414466361,419.80736682944496,10.165485537167285,299.0126535092982,236.41673900397186,391.9620488142561,424.5725734724787,461.8340998654387,249.6599818654555,353.3518223047845,485.502216755689,143.42052037346582,3.990704297439418,90.29361744018455,457.00202270568633,222.91585459585085,6.128566004739156,323.53445296461047,170.66774838888466,45.318980591474656,262.48014433275546,202.15828162138394,94.29584077327807,352.15952850113933,166.25029693201836,382.37450684556393,178.6042641047182,31.893011191392816,94.62695910628189,112.75589848665368,307.0785151383752,473.6900967875197,81.22251822210153,434.07594510982625,148.53306879336947,225.1258986662237,145.81681338841284,418.2030550019266,460.73484604740264,293.6550550718945,203.14160742210785,332.084138512436,347.47002939072684,103.72979231042417,274.0140048591688,131.70332795194471,287.23369722856523,172.12248982942302,328.36225178331165,194.0475840402207,147.29169023654643,389.17460282739705,204.62163588214605,226.97449038790955,172.7351651753079,437.0544045724367,113.06941027120327,460.8236348035647,28.7527160339226,187.7455875494472,135.56626667694954,338.9176773195263,268.7420396866883,189.10930293195605,350.34763644689076,68.9166352852596,315.16403408643447,119.58471313471858,4.8005206392918165,330.2095523292542,447.6542286940038,110.2226416176737,499.5791878519008,201.0914775546204,19.177263683993807,111.10541108288457,400.4118934453136,369.4780903837549,211.02283157609747,161.0426252854165,44.86918250497235,238.94572218021298,238.50179330167842,219.00174317273792,382.54072556204903,309.0083872243732,174.9539313699598,118.69042977461464,380.8090142395106,389.2144977349805,199.49578088901322,431.13881769574397,136.85434588342304,401.37841904779066,249.36436238825127,436.928271038647,41.348845310007874,291.2601825922428,263.76661919871304,147.5508934725383,83.90988864085186,266.3904027369059,391.2494118625754,307.29943182580615,337.1185365004047,485.68630595371513,479.3331473907252,155.94707679049802,34.23424256085222,376.8309991724682,459.9293966283277,51.46599466163326,169.2006897424389,411.87601085299156,208.3150269874443,268.215563676023,241.3899873266519,493.2234458784543,360.2670770522647,262.0941546259064,414.54009757063903,95.05721473717882,72.77844052264443,266.51489901261914,292.2244268277919,281.28584930049533,288.3030781191594,189.55277280174127,476.1076823801771,335.7503026476974,21.17127583560968,242.4538602049351,340.2635423915642,488.1849670670452,196.6585538273901,258.58034048694196,316.4427386506114,426.6634009024301,115.44594668658009,158.14933101213157,151.78572116148825,454.73863074383087,12.91370427042593,354.4104385112172,357.16068362218743,186.574510656953,275.15781897064477,342.92769086858704,329.5887250526939,5.316618024806541,288.22237085967464,210.21619383065766,395.6367692058758,491.5777815654176,397.66412505356755,96.8012748869192,420.647828439722,27.319775538233227,414.94180627995314,53.4326014884845,7.80183927328626,283.84631366529084,498.34725921402304,168.70607532990428,133.62464023387577,327.03166673874875,74.55299204034377,170.7585621149522,206.49384589155883,365.4947065356368,384.2514124877049,327.1649415552942,477.1769692231929,137.0248070102272,467.63643946343916,144.36219150592484,266.037189161109,484.4821860955489,196.131923685396,55.20789583897695,496.1014902321352,147.6168217028409,272.5122029578066,75.71087613665523,232.94762063723252,24.628108838327336,141.15746444276007,234.9939421442328,234.23292917104737,324.9892468734068,68.87378426469115,11.38990840379661,376.01249496315694,498.8861727323053,151.73703301645781,189.96838429315028,210.75750903313568,324.19870322590447,421.7631747977575,118.90710519300774,23.18440049664644,243.6886577244224,461.42412295344985,237.718180014584,499.1966845691649,140.84850768785805,86.5703759075872,57.383767816480244,355.6812007010656,191.82066929623687,395.6298574768126,222.35716582170727,4.495283935756323,134.94019516509977,403.6162575330645,312.70967686413815,53.03900601409234,259.4229308432112,171.59829555815625,310.72833584845006,203.65051711689875,270.9506978326849,119.60673521217485,60.34306467219452,242.0224019728764,492.24317754326137,434.3948145348031,23.65247421971012,72.37111280960134,262.5853973201928,376.0550575345522,450.8765834588921,420.61977648670273,402.3233655250806,196.00301728381098,267.3074034396059,157.60733961720175,109.55760075106019,490.0603932107983,405.1791499573369,348.82146924423427,194.3448723581913,148.32869127948734,212.40136572197582,499.83359200820524,142.2613703849005,26.835241270656283,246.8664527736178,108.2228338264165,418.49088501951707,27.906708030482285,283.02679614324467,227.482166519817,126.11131988578211,53.35518279745383,197.6155531406883,366.906803536708,329.093323835865,346.4689710335836,40.897069402081875,139.81037305161038,232.1200980026913,332.05983044387494,214.82481143049276,76.76380088626789,141.87137941916023,439.24418860120886,9.294272630216149,395.61403912711285,458.4188445457078,341.94209325528817,488.84140676012197,450.2902748739894,96.05498875857221,67.42883856506538,216.5294072182996,434.66399894660486,378.43416027356665,61.75379023750316,225.082309692975,306.91874841603016,489.1320782012076,347.1365316163746,24.99186328651587,184.3393151986575,189.68890048860538,76.99913662121538,322.56629311950326,148.34308462421996,257.1182147457103,197.81936177087132,94.23784855359574,254.4383610748182,353.35462340841445,44.03066214108675,67.08501387901927,280.29146050865006,9.140933234035476,109.56081046001992,364.67932769007706,247.17779215647084,125.79752705801673,1.5258240600260486,35.720698967042495,103.99281743559885,484.37552791928846,112.1790380010959,224.1992618198917,205.52077205940063,265.0541078437734,425.4514852961322,293.0467175633956,486.018443722468,62.23958037299793,257.9509180101636,35.73342054144935,151.8865399059472,69.00275382548693,61.32727916213604,98.72443147042381,220.6330763450438,4.031380045297073,270.76440863443474,167.31182623754813,283.5307528007265,230.92485129964075,17.156808416354252,93.33352340352418,223.4204752421549,38.882386446355,212.08991998169785,27.95399043231478,313.047305551775,271.5143773723761,222.8134138515915,325.93333590211154,125.64172005463581,111.59851196916998,53.44253015254586,165.46569656269384,90.69407233376597,205.34435833550856,104.01845395101228,210.20852558199576,207.20739478223155,245.15655659077518,262.6786641404314,347.06520235380344,474.77213728751383,488.6790375450476,45.609245714428035,147.84202286173965,338.82051911142946,91.15430739649605,130.93635383287483,262.1158351999028,446.2586220329498,326.7430727707158,380.208915821323,468.0052913042163,297.1811406150969,354.03272352952496,402.91231727752216,414.1373866636901,99.05099756630543,255.1331452650734,453.3929665587366,263.7086768315307,445.9940940141197,10.975757051171042,464.0877190626671,365.4559214552805,41.67211854402536,256.4467212239089,310.7915626400601,308.0360902313679,167.5603068906762,279.72239749901524,34.00779858081038,194.58664666371496,327.33592987512947,16.920675274474327,362.84821444306084,42.75779937627533,246.08495374238242,450.1026365034903,50.896305708914234,174.21247253954536,443.54357959725274,151.90045316199314,7.031991630224221,89.11354359931572,442.44682617658754,28.04783384941728,444.0714074851992,489.79205383658757,165.36194845486034,67.65849705255772,409.401348180801,75.86576254458372,320.38381155007215,176.13935256654955,426.6345629572657,472.56565332234373,420.5687849077377,220.32404871400507,266.6881263746323,0.877091179395606,211.7352754568632,106.41800433423354,354.5690201302706,280.30539604433625,181.58357912646807,183.4615074721776,142.31142563194598,163.42396960679378,204.19600509894192,108.43909853435923,211.8812606312974,382.31302195783314,399.44239583201704,213.7123700325259,172.95175176086758,443.71505350353874,346.14561268103256,33.11345919254383,182.1977372340981,180.97028039580076,62.617331853975834,394.29022573118897,393.727330970213,434.4924606905908,273.0503711240803,268.7418273103758,279.57643040452587,378.16252068403395,40.27300333374634,68.76193663048491,479.2458870485938,35.88065613792085,431.25317819647313,259.14658546444525,306.2282935704162,218.09807131806446,490.35470029305316,301.3088128136707,357.70732889482105,359.25999337654906,472.935787594923,320.5854116686465,275.643918697269,400.7771264917711,444.09769941132595,136.61621945576573,428.13089382974493,258.5338142616782,455.52223173250934,183.2317699699585,335.0954071225387,425.985901625562,349.9829944435513,339.091551692085,359.9775548782166,57.18389965186093,204.0103413106234,237.97346532347134,18.720956024106005,218.98671930084762,186.18311037946884,250.4862098709194,47.91812797872297,288.1402055657044,123.71521398795704,475.09159761918426,109.2605995334034,209.49823823502635,173.26671753219998,499.99333890804445,92.97874698299141,20.60072829763898,399.7545907877466,136.05864561925395,443.42608215621857,176.5729064871816,2.925147849789811,190.71062049063363,140.87969624401063,264.8902993324862,276.03147547511685,182.5234800472869,176.53618175098663,74.20776447891181,26.205642773396598,398.53915007261435,222.6721716220808,44.945954052509954,296.4317959049287,88.89667054690025,181.42507890390624,281.94243018054146,63.03505803459297,136.35059184113274,110.08070629256427,221.58987753024923,43.531316109986726,45.63014507917224,248.08667322627875,477.22101463493163,6.085349712264487,95.17946301798675,315.9301033999135,301.5831546507636,157.82862544143327,377.9831169874937,59.20727099169659,303.84850679885744,35.92059033867257,40.39892250360744,212.2443762393677,296.7055098084209,117.67885184483667,224.06067858719751,364.01786543796953,365.6905718481522,362.98721310354045,267.43260081181126,390.9238709978534,76.1007565512527,174.3129289111952,231.8647018310802,443.9882374596219,419.4431789132247,436.68735949856284,394.784353725736,439.4756704847328,235.87943062511545,386.2550020202491,176.7619149551002,187.2872229124081,321.1094318031074,211.4566627630559,220.39861275947365,143.9886948434141,265.2550765033773,230.22079517282884,124.37250390837268,389.8569897510197,81.25625969777906,102.25954319571218,98.06073761546486,329.3525256465494,127.21117386688374,431.1929942429702,383.980675223255,105.03089005600508,87.19325628179259,423.27830913335447,21.266190053118862,106.10418824067241,433.9832501826303,334.83389637394697,341.5038816487185,126.91653435779304,81.92687903328172,303.04781381534775,425.3931169524046,174.2395114879574,80.12801920585261,206.85292261137482,278.3467004663046,106.42872276408106,71.08407572748298,479.3854928656996,162.71090253902065,481.44996831081767,445.8264306676392,337.1464550360805,243.79990960290016,479.71957554488483,299.4370335923244,213.92322867482355,470.91386589183725,273.70368631633335,282.0915466931036,226.7366510489065,219.67037470293116,299.093293335446,451.68493979048515,244.14723015655147,165.38121287638157,143.7729405148769,249.3596735530066,177.13824995703808,291.23690320712063,468.280074259823,131.9839489800902,402.4980092770582,6.3800221815451525,178.40326536759116,446.28560871525696,302.46062382335515,327.95423529853537,404.4064508816983,416.1637972957805,67.95765799062376,278.6126080099834,129.47787041880048,90.1207568062265,346.2554311869051,201.46517726528583,470.74859063020693,253.53754174813164,96.71065096952842,169.5397797316875,367.50116789123854,226.59671381252406,236.27248107091697,92.55860407891741,496.6544192926751,274.8937006971228,177.09429728264908,104.173816620175,235.28377322912675,316.626126801848,12.701457969912289,170.79487126009735,250.4357729462761,126.36034779320693,261.2267055855091,350.5839422305288,276.5696965742657,138.71503115384047,58.206327386462476,436.1582894811083,136.65528509692416,181.21913911855137,444.59444041698623,62.70551735320945,267.76036812847497,192.1984502396133,193.45242790806262,80.55993424338686,436.2390468850575,421.08634509203773,264.30676612169015,106.15759160597304,187.75532777962107,312.36719052709464,142.69867861716162,70.69121637762082,467.2184284750305,441.0210058403664,205.75670495347086,75.61393613738498,205.69502954877723,380.8589489672954,300.32725635850466,107.73256473296227,96.81761484437223,406.01262017244915,208.16703313642338,499.1829240511934,270.81092837342584,123.681668427224,139.93453391878364,258.56802157475585,88.3387093796768,461.0309864374498,363.42423610845526,28.39528928215207,109.70889180216442,378.7351276264123,0.8073830397590798,377.4881226994473,470.14894750167775,362.41717299861244,40.022896242745574,322.48148303905236,157.49293241919733,25.64957631385645,77.22497482160485,473.41161276057255,40.361330870745896,247.7695046199155,137.4065661778652,280.2086797640154,432.9811375899433,45.95501404844388,464.19315878352296,59.22924014123976,480.34367136425413,236.51187607569446,214.71549293395498,182.19175793436844,108.20627434169916,79.40874807638559,9.102316876339167,280.36439785276116,13.799829973453415,208.69180963854845,485.5474114811464,149.1399914854572,1.2194233041066815,67.42223349443316,122.57601811801177,32.179502723398365,231.53745152837607,451.85658154570945,417.2829306728196,147.86109667910296,155.66989396169922,13.166007842398407,344.31974310822005,395.8950438239993,79.4627284642832,95.71015377642162,14.45126869534552,189.52037513276576,64.4302682624579,74.42593147026294,249.5851898035152,113.43066407597313,336.8331750104347,486.3639787896728,19.84841490000111,285.6207159482431,397.22081373782277,473.5334759505528,320.9468794983884,331.90048994484135,48.40058399961406,407.29573337813446,408.13521975564737,167.32054020047465,499.3168441888674,464.9352754506983,288.9971095270562,319.28063055018777,470.1988350246287,17.208020453561513,320.1954216484978,8.036188602422389,439.298968085457,67.89989897675997,10.740136402815569,454.7741400325591,91.72455001807411,474.26423294615654,30.1412689986576,2.6566360834357483,428.07074326549974,117.30459050730147,179.33142345806198,108.3765056798383,439.986974907422,405.3436227086926,75.71207304926087,131.18241153625604,439.8000344286213,271.0538507499075,281.4677549121443,73.9510347791889,282.6034918609563,172.78014047139638,93.78173467759132,315.60186976838986,309.57393605056774,167.80627754966275,137.35704522073829,129.1556113699418,323.6416464798761,117.90220416511127,219.9547097798666,95.16031663739899,111.33862690494212,120.95022493336727,254.46493773790198,140.88606926145386,28.819527067734384,296.1045266144034,439.65705632112855,349.6657636648869,457.3403803779744,438.25751904228235,181.94733665450192,51.70671779656616,235.29261400509992,415.2549336089089,14.841134246720678,31.3078044040207,408.0772821076281,128.00848421203287,284.7610313705887,449.34028937908903,32.96483677613299,62.5289265145062,313.4475498336634,391.505358778053,229.0445184025125,237.1476279253502,73.9042712215598,379.13955354194627,119.6168592115795,105.6616174461727,243.85692372273022,52.527057907119534,478.30902447468037,199.0298492563888,229.42468308393072,277.34819511827993,125.22667844352465,71.62746503107675,436.90229173358944,316.6930951165415,488.7453835796135,32.43173823036116,190.59419585819685,447.0666270349398,33.05804267492879,484.64347754417184,172.30521778021202,314.8667580778352,127.30023486627945,376.95577431510367,301.0588455744734,129.32060493544478,250.34737275650144,351.93542226233956,31.36190851250692,150.34719522939605,392.9224805511098,211.72468903837006,195.88396112993595,207.02242673809639,55.12189007441681,109.74717520995702,417.99486576578005,61.47893287813039,294.32222096867054,203.5383545742266,275.05358090263286,478.6923421974255,220.051676751701,292.151666925403,71.76642495371732,307.0596602735948,52.86176047646451,97.48298588373139,439.24427268926706,250.5922247786403,320.0024086832189,285.63781477426403,169.4187123850683,234.42195843710533,13.469801064295906,309.59574841667444,459.29650029198183,487.621292583409,416.8010191049436,132.7517369569685,223.11149330916587,402.4835902411027,38.26434137010581,61.10903757962283,361.733246101594,90.50912030431363,53.78253569584762,137.41247542541234,344.49460370822845,398.1888860934736,372.476344921209,358.4844143727811,159.57866075568472,125.07327585603029,424.1629439474428,148.67509112813505,406.9587182902935,307.5220266417577,261.1917062671483,186.57850402182686,102.80727637394365,227.7495003361612,215.09194866281223,126.12794963034318,419.5830590845972,163.61930332016368,305.5848330034344,445.7286722161132,426.4751512653413,472.01809300282025,399.0522289614359,194.1019620733373,348.2791958006949,339.9324338653753,396.6760412082655,283.6564021917611,397.5993415856474,454.8222942855914,235.3517955167586,319.9074186541722,75.0532769569277,294.5985691173742,279.7647199536813,236.17461074498036,179.17067729476554,469.96995192932064,333.28217530957363,179.099440546589,100.00234713896234,38.77785633574066,292.95932962049085
28.866287372620203,133.58168285049686,45.18065872046662,360.1294799366387,41.978647340841,476.0571685845484,187.5185074373284,179.48635960632336,291.24922177464094,416.8721082858615,456.1290214367325,121.31949573123424,171.06632779521553,220.86432541410855,290.9226587257508,109.79276207870036,220.85372257859348,340.2071247910413,341.7321777079363,429.69942694925925,291.28204200850786,372.9031070050659,58.0073301217971,446.5080796888881,5.60916344156448,369.37116645544955,353.05241802619815,0.9428700982507254,117.87105411261884,178.57469256491865,489.83914844201536,64.39536845095766,349.5302619202106,327.7471283482906,162.292455437041,286.33659811359587,73.4200211374128,17.358531409200182,343.4169028222321,174.96174011037292,242.60946169678306,494.65335208694535,372.02094534940693,96.40446387292684,369.7690542430246,374.54354216225363,305.6040448703565,408.6262034249083,424.39718825654137,214.6975266759718,206.62641930122876,256.97560813233906,287.2275626035292,244.8046292572011,84.113295795183,36.00288361267617,163.11149705812227,341.7905674738811,143.68845425581205,157.91466636058877,297.7967655253038,115.00362399154702,422.5253389206922,321.9290890210343,164.8854606433031,452.96778355107375,145.1066045928911,429.45630655523246,344.36395644123326,73.81484058907262,297.31011217120795,173.2966201752974,113.9385815277218,272.8184677733288,92.74785062877893,36.06104052431297,95.48854284140195,272.31756522715676,365.88283867246304,300.00257097658255,226.0473711734543,484.4945861656849,271.6966593725489,296.5298173274485,139.32532648286832,206.03387516455584,440.38988616625744,89.79803988989443,65.63698878574154,140.11322082705914,154.89719696557964,456.4851766279388,59.577835649384845,287.0779694445809,489.2044762672993,367.20521010766316,143.7712341629941,234.06396816415835,286.3543740204871,305.8171385527625,191.44158553259982,136.56350412320418,267.7753058355193,446.8574950202404,376.32490494525933,459.90524600456365,204.67356348163818,278.61920481521867,385.06831350332027,161.55653316799788,272.849773640198,140.90149262390173,355.0811876866677,374.9035501753187,231.06727594633963,258.41736549763505,309.8723846772635,382.60663179956254,361.5081903012646,480.8790598741541,423.12279409130855,245.03766965652656,111.6549424731475,21.699702421665467,183.92196441756968,274.040012649343,425.14673363787847,163.4320929651228,237.31896514248368,77.06234016659886,435.60764032210625,472.57535599543564,335.749571240367,319.3132909479857,21.2397745288066,395.9808930321795,143.5784578605604,164.29743735702058,163.10679986470333,259.15361543526865,263.7034787388959,8.69231589427677,254.4286150800102,56.745215934987655,306.31268880314656,113.22572050215307,6.040183656241648,85.98723702798122,284.76899332434846,318.2605811090742,355.6243688651608,2.261788230070172,388.2236216793516,103.53138588690386,206.80201194093735,57.4474372929904,124.28934322507246,420.8955792193035,239.53703277257594,496.7237770292643,139.91832835240336,52.05136922309428,192.41060882297128,168.9806374382566,351.0292780074734,44.502473679450816,495.87376191749615,287.0799098688516,268.2108847932986,105.69087343948702,261.89305640030165,249.76011933985814,394.92616672154514,342.77309421086767,58.3678232125277,100.47981810055512,411.1444407443097,52.30754154594231,68.29160536757966,331.9913471477861,478.38849006330156,300.1918293702529,8.678934986407928,98.79298565696743,314.1649760330319,479.6618393366374,383.70059633246,296.77228696092226,146.78663944356552,432.3805345615916,140.19143089719822,216.4738028828061,398.45137711426776,132.86335246317964,121.7359193194757,323.40423248770173,496.0830877229667,320.31474395656903,493.90722222783245,297.2167315264128,209.57253938169214,418.717401784234,90.52114400940991,117.56766591913792,385.3473817293001,488.9419514599824,369.9710004992498,200.77410266404922,222.08552033581492,185.68236223410528,469.76645982054947,460.7891862136007,480.8760348326091,212.35845629334793,253.47704077436677,164.2956995713406,164.34501353075498,462.95706655416814,485.1559813298917,241.91079754571837,115.39010872420286,180.90097617693561,136.05253770478876,233.969784841347,338.39096715991985,177.78539097664188,372.5588086839557,38.811500238743804,273.136081540799,136.49733660241213,205.4810562085737,205.3835149977275,289.3505420852504,291.6726139854627,356.075244077147,84.3640697935587,47.49790875932997,412.5107383204824,81.98617766919725,219.1114933640101,436.09596351678255,286.4030381192987,358.63081463380365,69.3262240343751,232.35987942440707,298.25663219676676,324.30201315217573,275.47012227146735,420.8735597006979,63.82456304912043,163.98248653597432,251.54531254593056,375.227945091561,349.2609122544966,202.85534332638215,57.55139778848134,194.89366850085023,303.87560293438935,120.14760891025917,24.849025761898346,450.88698754767506,415.35660280285896,209.9222985205939,148.76290871635135,205.16307348746653,151.09370831173658,34.88140386215682,69.49917514399684,484.98036348974995,127.24597668221638,162.87922105433256,3.18899890986285,1.3123195387901299,140.94260409124016,374.61085529027366,220.71582849518018,294.85429985873674,117.9403786318059,60.59145546854111,350.51417877750134,157.39355089855016,414.18118881368736,400.66053923190793,186.86731622464342,414.6854770236467,477.0721265541488,344.0912764699088,208.85574432865417,409.2862741653768,444.728306123807,464.7884503315833,288.1053857085023,328.0214066754226,457.4252648818301,71.18977710010167,59.88396060892809,194.7762632763046,476.45335030032277,338.55838343353685,221.383796097457,348.958677673273,77.4943590976968,287.23759409341955,174.8831986499711,305.29658030288067,374.68439242736144,128.11089517511786,432.20772722093295,29.3607427911603,272.59339927603327,351.5274234010929,343.69850012691006,4.1818616622625315,131.63386530635213,352.12838297419927,309.427816869129,357.9891435006458,131.8140050692113,462.37235034792263,2.4524663984988315,143.98242925860865,327.8033378097731,222.96423152763427,179.57139317714038,495.7281380971613,425.5708326641587,103.92553600291427,153.1939791519679,431.41704112322424,163.2557564930225,119.6933898521157,106.26903119327346,338.2966862212835,215.3010450168655,465.236334461625,95.70217421009974,457.0355314090293,60.78797784601303,290.66515770404214,352.1705796494209,103.06384336035529,327.32932169985673,313.54898716153355,236.66250942571338,225.70758156157333,3.001718274861731,450.67509337548915,370.6967158951113,417.1967384243043,54.83385412721653,414.6569061877298,95.72324328615196,432.78992651581484,234.567327942998,141.8091884356028,423.84045347523477,197.8998535305736,380.9392323871376,381.17527097322477,363.56150836898547,164.4535115831795,443.25418619929616,183.2119927187446,481.2968786895164,62.44243139720884,101.4776019064898,254.3541515987175,269.43849656636604,36.302658237348965,16.637275933753028,110.23081264338263,86.10374515200014,497.8806649320036,462.39982322523247,346.66285131762714,88.6747803572267,242.71722485033825,113.60207514707422,382.5046760714982,124.7981765679927,257.284580080922,21.49210684703773,60.037156410827684,423.8703184264594,428.09557850071707,378.30315672310303,327.53625119105914,399.5124339010853,106.1410751026719,219.9431422735973,127.79680890025513,15.58576887148816,393.6206693976337,255.44513467322776,278.3939981645617,37.0899319469663,439.1777276058417,142.58240568996234,265.10142386863,49.29258171674861,47.69423362918235,208.34450321318104,425.67692574179205,213.45060033763946,211.56121620846875,238.8560069541194,240.4787951053226,59.82014228596688,391.58941826242756,367.03745742919955,421.7947223687657,214.05784984587456,467.4307090314924,284.16022531748763,183.68989224341388,211.17453459698078,447.5246539148247,341.7488327508998,484.9800743463221,190.73172426377167,329.9682667878414,361.7447815672956,448.12840939941776,496.3335697714123,250.12576415675193,20.52419214948581,94.1020247181451,478.1191097928374,67.21344952074332,404.85388016550047,124.34995863527193,347.0993132120558,175.8749978430803,291.03192523367954,402.8682575687663,207.5085097910197,491.2002798308839,131.40026534455407,185.88528465798447,96.51664750730966,384.9399793553447,203.0828605138734,385.15493582369913,318.3897966607717,421.30808754044557,90.38640142165372,422.708548000594,15.274767902344887,419.2580066237692,176.57144055693465,198.70211955900896,77.3806873764632,481.7631536912964,20.56270065652921,454.96790531912285,478.2620970940308,238.72194122729275,94.65799210595743,434.258346112544,57.72431926725613,257.0510153602187,375.55669850347687,110.07364070766724,222.575377859279,101.5525772016771,412.9839089303731,250.44959273165108,283.39126311210777,87.9642232742397,259.71791495976703,0.07023231054481549,97.0850353739029,50.27420256906107,487.64319780102755,424.62524729845086,101.76082918711454,0.4700682944281387,349.64257361356556,26.254074374507887,230.84959188489844,495.38181252266145,2.409154908980027,145.3452389983242,461.2962117383102,104.23352776321366,43.74887720142523,109.44369851391467,438.1045251897683,31.270306037222916,327.21407458309386,362.11050689128,400.6961717127124,42.64081810515496,414.651905736908,152.09819178520607,105.79788045718303,238.95443646227537,417.7322539141871,459.07107592089835,121.07942320937332,301.87506815908984,462.7304367966584,245.7665437751923,208.32095418453488,231.5686987246893,404.190530817986,115.47910454505045,239.74077210398698,285.35346906440185,463.25292080848584,213.3339198093031,125.80546156938632,429.5441294177984,364.92375211873104,407.5356155783291,126.90627037159491,153.70527387481715,331.53490239386923,291.4137769588014,210.90375697064795,122.90979509565231,440.8928216886326,112.39808846308385,362.0117336327975,445.7101239899571,351.6957408226135,97.96365913248462,263.2815665120287,249.05731299682827,188.24631441171664,108.57374777698348,289.34099364535183,295.51644013663685,259.36488575810233,367.53882869776714,348.36889592868727,230.96002733913969,368.2608663563894,443.40222400063135,76.33709938402866,298.3307870620603,132.85454105957572,115.03180983364291,108.81139554901964,367.3281029475268,184.1870233640901,192.6507158723876,228.6927348006304,32.90725451901477,409.7588612079207,369.37056422164443,137.9201588255915,356.87260735497057,368.5594113774867,263.2940511766797,58.69254300195198,23.362286912224583,195.30682879202232,352.57258462382566,137.44824390027205,496.12385794976893,209.3618043696548,60.02759100931143,222.81967199402635,355.96381001072456,461.1286107492017,441.90459673324204,270.97420339715535,281.17462626485155,288.5427696736908,353.65337025359696,429.39021093179224,330.42700776113264,229.22359793534508,117.20544217068974,256.7420667660436,399.48910873740334,149.42179976872282,101.81968817524395,464.5290508669576,496.83706582558005,220.32328922531806,137.9426651007567,163.60835442275229,82.9054602219953,396.70011703226913,398.2781206984467,165.73783993678325,449.1501325588849,237.86226527986832,102.31836262243799,117.37959043974583,297.763176686643,388.23534920165133,384.7364382584103,296.930571644587,438.1783762900185,183.74461960594556,409.4303471111001,178.6574805726585,243.82206918085697,358.94679859880483,191.64204939396996,91.6930722503112,399.16095433023094,430.34231951855156,475.5111826404762,272.5034093518863,243.91023334059182,14.841033427079765,29.19908066427507,281.25930985356575,131.458475615392,43.41132610017917,165.512213140111,464.00895922261617,119.15583964795101,400.18534286588874,64.7822929419986,474.5968225144055,37.98666528007855,365.5843257453759,465.8709594447696,93.5568566776857,176.79161436735225,0.12450551337739313,230.44480239182047,440.15014904544023,2.9585141740302023,470.9302489261901,419.33052722509996,343.7754546396344,318.05756566796464,249.15426591615514,206.01514601526839,316.45357902594606,25.04698964362434,73.48423326410447,393.59088685726005,468.12984658413666,426.19907153841876,88.29790925100394,321.7782132214802,414.1108303417535,265.0217693074404,81.54828982981299,265.1028141889681,247.46228519926626,174.4287395854892,219.8081809465882,409.7786710065277,310.04212033669955,244.92976387856146,128.1503080590885,298.20495433855837,390.12028727677074,346.74538385312445,133.25816784962657,235.6148087047848,1.074242233391809,232.45473972461943,100.13601470460188,182.29236430106366,364.1023179402651,114.53406469128718,395.4662271733382,276.2346998846112,367.34013873348016,459.14883360601675,368.18006701242797,407.004894073984,279.63909014974337,29.43295530066925,466.3023585607508,210.55853584187668,298.97088677787235,126.72252910020593,419.2834319923025,88.97286131722359,139.7043691825967,193.93122028192855,387.49474089274645,99.49295961708383,269.23052953368955,157.10176283960215,313.53819532489354,391.79686256429886,235.6255148119626,85.5376574768989,359.24305198504413,495.4142868994009,137.7483884258069,119.2805129679742,359.67003131007374,223.0686940131011,488.73208305887226,119.67255306082481,305.4362172740986,124.09232178115059,136.3919288268232,414.2389179009973,296.42536878531644,23.46883420992002,141.78927937097257,209.96498425547793,191.17581791426957,432.18016679708927,103.39658360196141,349.42751103979487,410.6647755948943,80.0434401003619,100.68540198661408,127.54758581750097,123.61475641117958,115.82233443366874,22.869363525540365,183.73119570306912,372.5246490164213,287.1496266047274,165.25518605327784,81.39593866172513,348.40202109473506,287.60428927214014,368.1826047768855,472.0249071843567,197.1709472197109,140.98325015290342,30.837032684643994,164.0628757347536,439.2077088058573,96.56995758121073,460.2562725850361,330.55624097231515,433.4453192133759,92.73044571942263,407.82242744022955,66.91642949857251,352.53877546530055,251.7366880229801,442.097504925887,308.80776564533926,332.08268806704405,209.88244709004434,206.7093885048494,364.29222877461996,343.18990601052593,401.7827570832181,9.260910000966238,484.62700927012924,71.43663648344695,437.5821482904899,104.30018665189145,289.3857912052352,123.90651266323644,118.03765938752447,310.5076346508337,32.684674104685065,238.82555120518273,250.0978018400164,107.45263758715923,443.6707465046922,72.24349411131148,379.60117355949865,104.09717535713786,9.00285301748216,54.32462273551919,229.86850771130963,208.6330122506725,162.551776160693,266.4540681363722,282.78287335029165,256.4138136538432,28.198565602050863,89.63673202432948,239.07464919371614,471.1883677796106,61.29104951537007,292.16025837728364,275.2618830116298,176.21116507862976,341.9373625627691,122.11706566751873,70.12246076948514,17.55870363234957,181.71552370425863,78.18164973794156,185.15721639616538,463.82694247588756,258.63904870884915,171.80982376851438,96.09509961240087,107.7094819808258,272.093105632385,496.78535224681127,142.39664630706022,329.0328111054364,10.052816581257783,214.95806450108512,198.6475281221196,93.36835746400735,490.7888142861374,193.63649865102417,234.24881228321237,255.1367618592159,274.2105876808115,350.3508687916126,382.06623995778085,199.78150372385446,370.63078600438183,164.12639957618458,55.107161996595046,188.31815872768377,10.99292625082482,69.73587179538154,410.8988703880094,219.68510486688731,37.831781234135555,465.91480285927895,443.0188199368714,68.52437435556052,20.541222130841863,412.88293615533405,235.85793373663066,318.2230195226598,163.40256644646357,490.5583555039035,339.1943681953018,58.09960386880947,457.601389255522,329.2350239170799,209.80922045662965,88.73529688225562,136.54419755676167,454.4840928194626,62.54829663513778,427.6957569836419,352.0514696374836,245.79698889488006,97.43797854513248,136.32243229805508,69.39793182455011,87.60902153625489,376.460678275224,190.2900116183554,128.8104704590961,443.17407461545145,403.96622700286616,367.36777878906713,484.3229853974038,460.85159204282286,385.9373309130494,222.37388761290276,261.67353509095176,359.8146038359133,156.5905001962123,465.0652780510798,195.30239353626217,173.05386920563498,301.5421160782433,84.8016948925211,412.2250234068205,313.38042629409927,361.3356332474845,441.23797413715516,81.31338227023849,123.2018141705567,290.83652430645674,224.34874639564333,0.7686297331541692,67.77197818266629,43.25618872873355,301.28687872279016,276.5292675565973,11.17765551434885,453.3232316598483,164.0534084600334,464.7122844963186,297.96945620380427,326.96156896989214,29.26173824795758,195.23703577193635,289.4239636642727,341.6069567874195,398.5305769250505,143.13899296582278,425.9853525929609,241.6896246290286,16.850354540651757,199.71368839277116,19.761025271595788,298.50047065729234,259.5966627568693,190.00212531979565,396.73052861032454,169.78887306831518,437.5477881288302,345.12887449899193,417.1851435252892,242.57290491161748,441.2550854043812,456.86241026585816,5.1171434895181385,443.8351754577179,262.5394707950792,33.29094970026952,195.0196211814959,93.48681576699175,252.69263304360268,25.51218992997284,489.91329841327246,62.07199345048131,239.2256716997887,258.9513323986856,474.79237160359054,182.70326246846776,175.6923408156651,375.87932500053824,475.9126940387072,393.98815843948887,327.31320915673325,433.77734205557823,149.4063688913675,281.0809479211207,449.80735785824396,78.74687643724442,10.470965054230119,77.33344535590963,471.34518313309604,233.8411931624023,312.89130299197745,216.21923917333123,377.59185619278736,280.0036214078784,411.4526281165843,498.94732893534575,363.2650986167896,218.76902874422737,303.78022211865925,38.204530047106,305.9520810393533,456.6006275790878,376.487030903359,401.83787727170557,420.7335485604077,357.8948150999833,380.2745849846426,376.58958814864496,173.0915661452787,428.8958408137761,237.13165726584478,16.622917422839944,138.7038448380355,20.26369654885274,55.36989653757296,466.96682753288377,54.775293746017695,465.7603494745323,237.7328202193869,483.25814685965173,149.23049360514085,403.1580886590936,184.94490201575513,419.85063931779956,51.128221783414695,81.78507030046522,199.82913728196772,275.3005843958397,24.183496931806825,24.97187270299539,427.2547158524022,55.29543010713112,175.86358980714928,391.02412889308897,379.27132211683096,463.1274352482984,493.90551320808555,418.77117897027244,231.4547750995522,351.90610501619705,201.80836320864444,304.40009712889804,74.4243065376416,335.5571037030205,80.8641267356186,32.339789971141066,408.2331670253307,197.8942846851902,254.92914483128737,312.5820504518577,286.6015704237883,371.96494615815527,280.7690361907735,256.11470846674297,157.77233440861204,379.544594623076,323.0381092418023,341.9783922271285,78.46408714562719,308.2054991536571,433.70953881441346,1.76503447063997,50.55310670260277,462.83078527130516,230.67778246320213,417.4736530330791,295.63138871149096,499.2242512023336,163.64749678320973,343.2970643845039,264.05785513350065,236.46025061435572,481.00657221988484,36.149874567394654,243.23300514799794,308.33069864513607,277.5604984017535,267.1101539755204,471.6585903233662,202.6419615773047,463.79589561901196,385.1131796556746,239.83000191831238,31.225031525037306,199.82266369316181,495.7910703866748,245.67527326126793,283.3066247070526,292.8164023762364,60.12965877252441,164.74899315914067,397.3722892459933,299.82655147703935,193.2777342498681,229.3859666758315,337.97467451116097,25.3731852182576,276.9989157331899,447.54437189247676,148.24652727682363,132.99747274040308,237.9481063187938,16.630103956302158,185.22418773276712,147.20764351518156,188.77506278324435,64.73729497915798,143.7082696487728,289.98426677903655,405.2181242111451,86.84733917305071,54.77400884954703,71.70282860876948,386.7048662766599,434.30017557248766,56.502524666832585,233.0724184436768,217.22684424334886,128.650168646895,100.85870459989005,46.84037042198824,118.32174288025155,124.98550204635767,126.21622171080648,443.8830017897459,140.5837215793947,129.89203012626893,485.1443096479712,22.873092780975433,98.33793518535572,154.87530548712274,112.93550260396873,355.86863487006116,303.65009885670315,451.3273896205128,394.5806127838966,312.4545560289348,45.966028313941585,336.36973626590907,136.97289136227903,155.1781704663373,352.0281948347927,280.45898607088503,439.30110738107845,220.92951141854334,472.9388455920313,415.4034352692056,464.0834109140921,392.3595688230255,442.80301464539673,106.11869719726008,54.099445883792065,242.13065929485506,417.82215368260916,6.3875273956716105,300.4702539349367,364.24944043330675,187.58999006351306,186.21927634360975,244.8597873906015,89.05017759282163,236.01588330475104,381.8659749970537,163.66188671218706,214.77363035821435,151.8679125173812,400.3120043253969,126.14162955442976,181.08393975899972,410.74535619331834,407.2770722774412,237.24261844524347,80.1728128624985,157.70534966731708,462.95296605997,22.484396716388353,170.71172904502336,336.8949616786276,416.3470011507301,18.88402445966336,180.76660315700227,8.74855101351818,283.16666171958786,397.5391930354001,82.03774937482933,406.3685436488096,438.16858199814646,421.38668507627233,363.73156428950136,207.36604636220736,369.2668927166199,420.6071299541259,100.66953837265002,436.4446696588303,35.094040870684125,195.83863570710486,376.1793093458666,411.75750845383544,460.4944954177383,317.45792065031225,162.74372474918536,344.00623821707126,171.1257101132547,4.799948110423557,166.760942107868,296.5257869860043,401.47237502712176,420.9094114853254,282.1619516787587,178.57309986076802,202.70457462530356,308.55230882544976,420.14240080345695,11.491805236278463,402.50528430799517,432.897762320285,350.05788691189747,382.7920632666613,182.6881693531523,457.4671006025199,417.38691290412646,288.5687583923969,237.3791716627993,190.62193663872068,229.06379195474213,257.06637227524016,173.3731047754063,268.98655739513663,26.530420275748423,2.7399335804781932,117.92824761958288,160.04787187802728,169.5691582969734,130.31647260635427,162.65234822671977,104.28716172256192,128.08451630500238,325.69571940037036,347.84038743921,0.35182031673347547,71.66717301642522,29.34435640886951,166.8717195715344,233.12475771337287,324.89431087638746,46.12003597895531,16.27414780418668,387.49546481000243,413.89299358550903,428.9948251361612,476.3715785717778,36.54579333512109,59.800516763628686,113.778664207966,415.7572746801376,116.98018731648607,251.48080499788412,220.52686481998273,424.946013306128,142.14286517452834,85.4132743696227,351.35331430422366,15.604311548945592,77.19169540702364,364.58912852916717,195.79240614201737,402.4781621746252,203.87443936018528,436.39667950106593,41.49602372984729,108.58624519675891,162.0977687322092,428.5865849877525,234.62530377160368,300.0096592141007,208.53221121475806,162.40219701373704,1.6814683568749378,170.93854431257216,61.10401816992073,482.84752321640406,349.3655725193323,126.38202451032265,179.17304279181982,219.1648786655842,151.2610030053787,72.37512054006623,434.28009422921565,80.52003366151823,9.276611413314484,21.02527774287499,232.62810488528373,369.3140527944696,367.95221048533347,144.01733045311082,143.75755115111068,457.10434821599307,193.2440516779227,85.12123280214529,341.8968441306007,42.179140834224526,65.16463329687467,447.7522662660921,350.49752599420674,214.19050435218173,12.032719333753716,272.02217178853556,382.0631281481696,207.91729655438922,11.388278462272305,15.677079278320182,91.91617621630854,267.7261808311161,237.2595527343307,80.00924548755938,381.7810896078379,223.4995930550768,431.1107902135144,54.54252217170657,386.96297852397703,171.8781252783584,25.817618292027834,170.40901215486187,261.21887994371144,361.4894431466174,362.4066900881827,427.97142451177666,431.72648409552403,396.72114908291854,180.8837419380556,59.79350418004537,435.6245087196862,496.28393255484485,167.19843943967626,130.70560781024048,389.89222716546675,452.5921174084362,86.84879811352769,16.372787342125438,194.5615130134337,462.1279969957819,316.4966635090088,391.1123747167598,32.87295329606238,495.47876796129475,485.0197406469011,472.9170563149316,107.27587051958598,2.9193456204887336,206.25636273132415,289.9774201408587,308.37617749561394,180.6159779938459,327.5744274429286,270.34130165719733,35.4647678781202,322.9378536769921,475.93857469293306,275.8855075936973,174.1495271577282,137.2709196953034,84.99967487845606,35.25866783374576,101.83516247897417,69.07432652498352,117.07825025389745,228.97661363706146,413.1055263531508,138.651556849978,44.60058466347533,445.8788027959587,282.81399272855685,186.5696959066912,378.57799462174,231.6807472383961,455.19025750355485,68.91959057314567,156.2011516954951,370.21447434839934,434.8939841706492,74.12572644567273,459.9119694458385,229.44671343792444,388.47069242000583,365.1768151995943,43.813592079731066,63.05331518150476,34.03520996382442,475.7467617242516,397.06808251907034,287.4658409056639,267.40556903290803,36.43017026513839,431.1373775033266,269.98338255855043,14.286318282036635,107.99917676043619,66.77413096021562,375.61714233345714,46.05342402992485,65.85386938559739,391.3081615688459,228.42225967782997,243.6315020649571,55.19423641349108,468.3001302806015,147.76092603619,170.6903816606798,154.43005882195482,495.03772929505095,252.1852233053024,418.86987152470886,316.71348376496104,140.4013739305004,186.9484769726884,101.75033390160854,498.50769876838405,130.38459087634524,429.3901276451306,58.55537585887749,21.314088484604753,473.19646173660146,403.22997001405656,359.80344097260263,383.19306898409747,366.42129618872275,147.0628542756745,54.85398237651729,499.3741178378832,55.354230158461974,35.63855262880205,408.5362056173425,274.37741064413865,179.34017495540377,178.72751045172774,105.47900546936346,211.97275006842807,194.2772570613559,130.56871490559902,274.97684663492686,344.4974761498708,421.8098975334958,405.77632367980755,264.51584846777126,439.2273966647689,159.6993427038878,314.4560391659141,493.8269386111153,170.40987091550048,409.1695229849665,227.14189671574036,273.99915953725707,378.30065874433126,470.3559976372347,106.46871325579122,128.53468029583448,487.5249452115347,223.91639789242979,383.1222547938954,494.33795979794047,383.72492356409634,401.3578337923298,240.16701113653417,314.8737222072525,218.3109822168378,492.3494396656795,80.8490063497721,48.17670433874266,26.47074497134566,44.75517361091019,373.05554085564665,277.50124529078954,457.77631155070935,21.937068889130494,288.29262275711574,37.018505228435586,344.4294419727643,282.86988859317927,470.8334059687039,427.81406710637197,170.62760565560987,135.12572094117465,205.45827582899756,198.94499055030047,49.889024327351926,177.25477192504147,43.32307546404584,182.58868745329576,52.1981445124971,396.1486391216813,94.8365410598535,291.58108312531715,124.2234494205568,207.97277498089989,70.50834766674625,388.053631797485,27.91649602961649,68.91692855184395,5.26377301680081,272.09692878655,339.63295468985086,493.5254461576493,99.13163163425276,122.13153982379782,152.7077586829902,67.50161849804681,155.02784299916655,191.9435915312624,219.05930966021103,435.52642041185237,324.18722847990637,176.53426455245923,208.3186730751561,75.60352840964873,20.769758294625685,416.5035532509191,343.98682634845403,52.44878313194168,160.91735042540057,475.368864382821,5.1445068695364915,425.0668606947808,326.08964039532043,284.33804750808144,266.03220356495683,137.15456877784555,293.2039333596572,249.9121522280539,460.05372252751823,179.86202024742383,117.21209826717505,458.39450605641116,41.236107098063634,368.1516599830248,264.8308448802033,455.35637420061494,69.52406050357796,194.838855067119,259.98047797420486,194.73670749514844,164.29628837928544,486.02987447335516,340.89582164374735,457.79925237358447,476.09967247475385,67.21628362658106,114.3426242806338,333.148319350721,443.8263351878535,166.33247942927147,307.665290255947,154.08087558058602,226.00979311698865,474.0816761681779,488.1112711856176,473.9365882956512,406.30500757088134,489.8808841929595,472.28438485980513,250.25193270155316,62.45035495589085,142.00086789663646,454.8213922140624,356.89865412799145,8.93370188749537,409.8395248984873,485.3068021123105,303.84134276553766,165.79320375793944,98.39605887068676,9.52211772720679,240.8133665403261,479.69207817735446,433.22913244383113,401.7689050703479,405.58549937283107,256.83505762099134,81.33956961482741,464.37851411954387,192.02779819693257,120.98951663807323,227.92310419994388,340.8544955893346,360.3345517535414,355.6603863962128,215.67379964356314,374.2027442806591,409.7805883493644,226.51208544611922,488.57483711688434,431.9030274841997,12.651854570577491,269.23738753624133,17.285276554233953,72.10224590137054,348.63680662082294,327.27705922268973,138.60992692345286,430.3356613493718,429.30780289163124,457.2865318091553,307.07971433117643,353.89796253754935,237.59524119191667,433.5211289528475,442.09269652196076,218.07219599134763,46.722970235716645,98.08621963465869,321.75229892633644,237.56873405910378,479.4596265541232,446.5073947998926,265.62977289266865,492.7482285419701,136.85100387317743,153.10865139995812,435.432624031533,440.22882327158686,401.6622075240026,250.37406275521957,237.5481349928018,51.085915804010284,252.03050853894905,370.73064107967065,57.44649779610089,166.1565038845435,417.43810742512636,258.5116209847623,327.77352909311037,395.0000483534847,205.89580472760775,319.2489592966241,201.7201345786631,181.55531030779127,270.9240245573201,23.811294492166347,350.0112451635544,61.028760916139404,254.71791894684543,205.15401376700453,352.2816090946679,63.56197527614976,51.493961230423544,238.23478632082984,413.44924899352907,422.1094345542771,58.851054447006554,269.63537526912893,344.43985681495803,257.1790175111084,225.50311338791684,323.7786440953975,112.8507262343923,448.84357704158737,306.6768851488049,134.5478810225893,319.0821268544327,118.24821618870584,348.53464572232326,165.80895117307583,86.35677211453968,491.2527423117555,225.3850665096506,98.58599761136816,83.93137691050501,267.53867400969403,209.80305104752307,55.46304501977934,29.639546802256888,62.10856835973028,405.2267440702847,5.78034837541569,169.79655457486203,121.69916976963557,444.8233089071208,488.3516856077526,180.8339644425862,426.329982385009,27.52478768757527,6.157202657042782,124.58044601869494,281.7400120236092,3.959627502392371,486.46980302463925,336.81516791577394,163.96321898772808,127.25747008287675,20.751140491221896,35.45812666674236,227.36596671865883,296.09994768505095,192.82269273101988,350.22436734771634,465.9728439524157,378.7799550872988,327.942812241071,42.79014921254676,76.68800006339937,321.18534904548096,279.0153258075764,446.31055187689975,306.1510995678179,47.280090534876805,50.342761072306615,446.06113938785415,165.0234174048138,380.4527307709477,412.55390083441966,374.8622713169861,255.10994744851305,23.281502150579612,156.72273758586292,122.24430658041868,129.6719918650781,186.24180744539993,88.41372388446112,39.78513727192134,290.74297774463207,355.2660624186407,368.7854152350491,151.09723408930998,22.931590487471787,134.68386231938402,184.15534208678025,14.122454503156911,82.91841630561558,384.7022130444305,34.71328849363553,22.000348676697477,290.521076013924,416.4099084495902,406.576227007797,406.64429100472165,175.29238334107043,485.1678509427283,61.511614328482125,99.07361805185444,238.82355764850672,482.9121357932456,454.8200487873963,466.86736587283235,4.949494449767777,231.40254614700206,270.33062324105896,488.1487047357737,276.50680821885993,328.92455031134796,475.5436264916319,427.02454733605566,335.19685876765413,24.78598282149813,32.81994582870163,164.00240063343952,328.41250509823925,0.36130782704457687,91.93314235837185,252.23033328225992,33.7226632981058,309.14317031556334,130.67127373288662,427.87073660437676,111.91251204003039,234.4729633207266,75.88314597124368,222.12633150042706,36.13695065672995,134.27925334080027,265.9242737657285,289.2997357649285,388.95321813660763,137.48120926021045,174.66076667090357,36.167617578814756,194.64592007811322,211.64431089143972,19.477520771537026,188.87060340925177,373.4038364268168,10.55658887255312,117.40966877812176,360.93438642618383,69.05301504282296,288.7560150910838,330.56958014214285,207.40333489559794,7.437990159852747,166.98715821614758,196.1490700682106,362.4853369357656,350.95644174580667,192.3044997338928,334.7773474330684,434.0690564816652,478.9061678269305,271.0530633516354,416.1310363899206,168.60673573663902,466.38146360965123,90.60446026573265,56.96545320034885,3.943186326340775,42.720866740950825,6.71637784508744,465.68734490580323,413.77299534657755,93.98266417814321,354.2083838262405,100.95783104669454,404.97838075777236,364.9555882816564,17.487990529568677,166.35492406161012,65.60898769243207,225.91830130081686,180.36169844579746,131.25379825067452,127.5709061515366,223.99669531847826,102.05589134656884,217.00605520078693,103.89266687542337,226.04038102767416,196.46562343272294,256.36209559061723,36.62428914858257,189.90721985713026,134.23252939907886,437.7708632299451,94.44091882302696,11.12180329719764,68.11679137729598,211.53438214156134,335.3568888740797,429.1560598394708,469.65111705024424,9.419084053263694,347.5755785048097,258.7628112870935,29.45156055409087,471.37789567479115,399.27803981866424,121.79439706747908,135.4036756245161,331.2252298038458,166.44656540343433,398.373606395899,366.3420056288211,425.71499755350214,397.46377668238085,346.06645131275616,348.9990163259296,257.02936291820754,294.1894826943173,363.3317244021869,291.44883131938184,339.71229503353754,30.939792252197062,202.91481822923046,155.526218129651,150.44949234204435,464.1469119660986,71.13401828256045,431.42690023954503,495.16422604429647,295.4982760457054,303.992498773628,326.99714614504563,450.56192896984254,93.47634162455448,105.34534472740192,206.20570306725728,59.07352594699494,15.103916900228832,147.54039206438068,495.44713807324194,378.2286311796334,421.6435245964519,382.9070529238429,438.7576319263924,272.1354254500481,415.1070366720527,461.2363289820983,204.83943061093763,327.9444184602222,199.62956844883806,105.47975460588272,232.83513745022745,122.85870028833828,430.7846227437892,91.85698059157782,493.65520979594726,94.98756294060261,494.8930976246681,195.50005826442273,415.5150038747055,295.44608695547055,367.221384018091,231.87975253788002,277.8633287636997,191.24501370377905,177.5554840389314,5.846381346956642,481.6897537919308,269.61460340420246,25.698390594105447,218.40480671288609,411.74665653742653,487.5926283381348,391.3877831964842,347.4499913481272,484.6225440318051,96.24370868633197,364.3791023305565,126.14985519777893,205.65259537754272,166.7336357978052,299.4595496529443,95.15544997626452,391.28419485439736,163.67580292838397,453.18346650547494,296.6285091474385,60.50384274854953,81.88459909250257,354.14494695400145,427.71866702274707,486.8458150574797,171.72148950486073,417.0438216531394,482.46662656638847,476.40415312698593,342.0284211295947,204.43549670935073,217.05932423841244,470.3508877188847,109.20940598505574,218.40170858336688,480.15632822596547,373.9921561216846,74.31590651642017,344.3585651661975,302.1825451625765,285.3785204470151,475.55277225002925,288.2321273803184,128.90829626252093,236.82284943127468,65.9052855451368,205.23612412188413,289.9949205120068,468.5305130780243,43.881546103895055,18.945857240542153,132.0006287076241,41.88438830392521,344.4371617332253,70.71076594967585,249.8087246325063,410.7725159681865,301.9727546505546,210.1412021450162,126.32115061898169,305.97146336110933,72.30713575894676,236.09865353211933,78.84481364077706,246.10155730437478,107.98636917958376,327.54194504157806,264.5143798371895,262.9251499295268,63.74196769844692,439.9827358731707,337.99241885832504,307.4097896222924,467.43994755946693,195.43356707569043,9.121940414741292,4.5649314388047095,249.17854193638317,60.34845671656919,26.765908425931574,86.17670290225887,414.71725338258085,416.8353959989866,237.95777807242175,363.57013623129967,225.28543231395136,293.5425817356737,466.1318789197383,40.91053434476088,338.23639685066786,396.2890856490486,385.853203053675,276.9524107166038,206.60978940821335,299.59382229833744,378.89430420353943,274.1304688963488,187.77203470617664,235.2284579351256,311.26831588022515,286.5370447382043,133.62785089870422,430.6072374485329,341.72221491577176,26.226266446530033,363.0603355807671,37.685547608308056,135.4362991082383,281.20947264478514,95.54977757452366,34.92448246871316,357.58779372939995,346.5342374947872,91.52061945311956,342.86378571580445,271.3065809630477,462.30394869577685,132.29899429383084,111.3558938155192,178.0308231564262,270.34047415201417,39.70496931284062,425.71015753872507,70.43239484629532,461.469461749783,335.00469917960123,367.26735031282044,365.59519811680946,354.9673917843135,127.04126506236962,208.09848254945234,62.87930775052125,362.2573310906065,280.4654174788508,210.60111319002993,148.05875859144214,362.3092099526706,7.035514696237588,291.8331783011617,124.98634800840269,195.76893670641337,37.191515221647876,383.55699221436026,450.1367784086339,366.33793348235065,155.47250190377432,298.92999060415224,188.87364610798258,212.51835721545558,328.80265037719244,11.154332447321448,65.5659477224328,194.5987182901377,18.903764400109047,355.4644580561899,296.56281874154377,150.57595505365262,308.9595704229489
362.43783395776376,101.54216534805055,249.98808297606433,121.17217720495027,256.47144542087005,301.7355350336099,482.7149480152654,100.26551302323678,215.65305073913598,72.08700595850465,455.47094944613997,24.220360675106523,102.44108548252795,280.7216705688567,24.34614759896414,234.5144290407607,195.99311369488376,252.70233965843815,99.44379676707105,90.19073254706328,105.66397083350803,137.01266424643362,220.93620381765095,160.74865824601508,142.9231206811324,399.38622617662736,242.5743898838134,433.55750059585387,110.1276618493936,12.633736625468794,432.4384169965636,337.8832138286771,434.8066162983675,202.4679686731381,16.00871384463437,490.4652079791622,72.51806166169317,24.295829008332547,140.27342527522086,443.81223209948365,170.97051995545988,486.11999525650947,293.9595958813206,52.477201358074545,31.945343345814447,206.6438548939432,124.511218286882,57.544755263821635,498.3188978358748,263.57693324938055,59.450547007473375,434.8356105332326,97.5760943649071,484.27033279199514,101.62970996541043,3.4197717044012754,306.58071343815453,58.89508975393976,180.09175847377605,91.74813952342697,387.66570540174166,141.42816613595227,66.81084820135719,441.7075276984604,19.029479875884327,286.9839950084719,364.2102010880813,384.86110053037396,112.57914810939579,215.68255444210038,218.76822970071757,135.65535406430385,486.6607926424885,74.89745295421757,15.200920085466585,215.21337053852858,323.31595869414195,346.6760036412698,25.419768649028228,40.40834786204989,363.6334503907247,363.99920233262276,298.4580511563248,219.49518444342635,285.4385388386015,358.7044039905866,318.2022713684587,241.32416654935528,80.36973451847024,256.5439425913722,489.93056996294786,382.27360164981417,40.9227960708019,389.7525217653173,222.2009402124277,48.863667970130194,128.2730205843427,203.42480115002127,358.8591518698072,386.29771317846973,212.44228929795523,0.5158028129728098,203.98262084337742,240.76417095167284,54.43596704919912,206.87052150943273,355.126028099582,242.44806071339232,458.0242106885174,147.17765659496519,419.69021979060767,314.89629178777415,179.66902712952592,375.19699374365763,462.0995273215267,210.03578157915405,192.1761918955911,216.50800180900737,428.7342331066823,298.43612930211896,243.58778487459216,73.62635938058726,283.58669182906544,303.3226441458193,269.9130562798185,455.4825405017067,7.678131552859457,198.05097612888756,465.20673102577354,136.8418937838804,446.58980477134514,316.6878780744148,90.96583590463419,23.619866149825587,326.12466365772156,30.58917905157077,329.7602663318355,424.38015956899295,453.5352740474998,468.29720857350077,217.42375824525817,383.5604828470416,109.91854083594716,135.42797133552205,23.235054341951944,75.22318795913563,100.72031415544308,306.39410863784514,210.72191475838974,388.9335237389266,321.05920913133195,476.4438801271417,18.792073379787666,470.4286785122351,357.57166566348917,67.65739318743513,137.722773355857,216.26284975501054,486.6978290275833,304.79304409642197,97.52663816024038,191.0846761013218,443.16607263413454,412.0037648766461,144.66360547712577,206.86057747400466,295.9355221110495,57.55910700140904,189.12808242434625,189.17883041955054,413.71669247069246,260.2134089208019,223.55240337546732,281.58033088025286,483.4054365839876,128.23801756818003,220.27875025342237,119.12218168253513,340.2888660577502,437.60058676208735,36.38601554777582,325.7698209386429,172.0285137506067,186.99693097865395,243.98747965499174,248.0443629553752,56.06758520202337,384.75208857968823,418.37276896219595,101.68804341715281,232.84018827670766,457.28141871347066,235.57024825766987,19.446199367255446,303.9536631027127,339.8064258759374,325.3573466928572,321.24819279326556,126.5805557880073,477.1034080257752,106.67369383380742,355.7326605066624,449.0988685348004,86.49168520601181,465.7630771498748,227.73471875732147,436.2727145333546,72.29777893272593,10.84964791288906,357.3022988605042,216.01238188113726,188.18264257096752,108.31312514763192,339.1203807981621,417.1789268863989,364.43111059092746,479.01216413824426,55.18435528593913,99.63207194266637,58.568332980814596,169.44896523665392,331.34724702382886,19.59358804173206,119.35952700042141,450.468753586185,487.62380025156097,29.23366416864509,263.6292833801677,133.9827656865285,179.2562398338972,256.5237551929985,289.03251080738886,39.60875609004694,233.02836182735442,167.46452590254796,488.15805203609824,23.512073880802564,280.0753780135944,154.287742623887,214.42753344460058,45.75243615534513,211.9001230595201,65.54080214130003,345.2152127101111,143.28858905125148,176.667690457193,498.2654891251943,64.55488140217352,318.92449224740346,471.18621321456163,19.242193117237516,258.6816892971002,39.78327825488759,217.02680695863913,163.96650697789056,179.3217696989286,326.66748324739524,155.6105656584571,204.8852649704394,410.6580124774332,20.823007820985673,194.31692645250996,225.36416997959142,14.57343687778706,381.69105819476863,404.34522431179096,247.60280122050054,359.2743568437722,482.5917187845579,26.581233972625128,317.4893225591349,234.5027947686244,393.65497187254346,301.9386218021329,249.4981702807883,346.5410181978103,413.94649559896135,365.38114031880707,494.76369596786657,495.9008556950231,81.90495090942035,202.05018830337468,103.2039714466309,181.58496126224048,274.72219540277024,449.31430914634143,385.502712542301,216.13791669454346,240.91789520485975,23.978289767721705,243.34273218666857,402.8215546663583,295.7327045510892,347.5150586357293,179.3483732814135,196.91941086524733,324.17805836098773,409.1430043044433,134.26026910898287,25.333523687926686,278.76691599247334,208.04185874629533,344.1757488697573,79.16847079002697,24.27313806931669,291.02442269710366,271.54642734698035,383.06070091901597,168.80516006186824,353.3745197337707,102.43208396580911,78.98540310894653,275.92426348387534,94.7758442724051,488.81544461480064,448.6645893863388,142.73195019671908,417.0410205325807,238.20929477532016,233.58174970673014,382.65978296449106,206.98416065072078,262.4476559855444,217.24241500413714,348.2227707879881,339.52784496804026,106.12293718634602,448.0604205907778,52.89985349736065,416.0826812487679,63.92466379543649,474.872476559336,218.26780937962016,172.19974847527442,145.80531954861664,114.36038585170405,209.78069475441313,165.22204803810274,429.6946315404523,200.86962979078905,315.51288530598197,123.7146194884483,321.78248515607,470.93483033786777,320.24688853955377,111.62236078730409,114.73845457509458,226.51444232848044,484.6255066811989,222.40428994650225,172.5297063894801,373.80400453757983,407.8747901443205,473.5391591919946,379.5352703783104,342.5294755377707,329.5328028393555,341.45873167102445,153.49046738006462,356.97248313581815,107.17028761768199,11.7234626893028,237.3161863406983,127.24196399945825,193.98163611724527,333.2012523661702,479.744225918684,39.84740041342788,132.2857247057942,342.52654818293337,270.65146225036466,87.98172684145145,272.472383288673,101.49426408832002,278.77408187991443,373.43205286972454,106.3258353815843,392.7161235993142,284.5715005866486,482.5401442271724,67.726542030012,111.22622956037287,460.54493298703596,24.49827296283097,270.60198029264086,299.8329736854845,434.6311531535852,156.3480676500813,305.8647585631387,407.4872468940391,349.42077810518987,86.68233344070985,138.39158938490652,465.8553531673881,434.3491754834885,305.7971387887407,152.84954062559126,61.26412285731764,440.8806021240627,228.85511982265976,104.83442830091305,152.98116850941977,22.264030217467145,15.230046440344813,338.1680868908593,51.41070323688829,118.49609325434773,37.62743797125368,296.15400381945653,271.9852205781701,116.19801399815316,12.860787166923792,44.5882275881842,239.057631827092,258.99302719144697,348.05225968381194,197.81501873425532,355.83903680945537,46.169344709050705,400.56853437267415,259.261940303292,75.76102290015652,460.912489789361,416.34766972669775,319.1681451431302,324.2796393402719,405.11487759590005,439.20253762317924,315.0098357252049,115.44567247324483,307.79122418142623,428.80417185277275,414.4163207527297,481.6763360777937,253.46366416790084,22.35511524839412,326.05186440717387,59.362365702095744,233.08699116912229,384.9667889984051,178.7629528379594,493.84148037382516,193.92107232345285,77.66537599880091,386.78523592333835,45.29618564766291,367.77513601041045,224.80340908555863,418.27076378820595,121.26463348928112,226.6931754982201,146.16242103433348,474.9100767501692,194.5702996308428,5.201507733737509,124.71018240584026,472.4133965977654,100.82350210815677,33.15735161505257,325.3820173572945,9.15984862196323,193.60282896724502,273.1779316851342,291.88371535611765,262.60250717732066,428.0578259612364,123.14286920063915,107.49882830427582,471.3210027663374,393.9911897675105,81.8566305518606,335.34111200127677,105.14127389873778,374.29931482727574,256.0910914155379,389.0489497263351,147.02292903101284,311.06531718368086,83.30434600995513,433.179156292182,134.20289684416002,493.2125351691904,455.7455167906173,157.9337114230364,359.07476015360766,294.1045593030614,260.17549909422945,281.49962815266247,199.19128169773882,139.31890668267826,204.42849060560175,477.1594619746707,370.5989334816375,253.6695801389603,288.13557724058336,377.7437482688912,32.17704283167572,199.67038191396603,338.96246813080967,135.77692312366884,0.6543066501977779,106.42317688020874,284.34909744665714,308.50552030367356,351.61264295890385,79.56339286683995,308.0910472528332,304.72213824583054,275.4553661452858,421.2280545114009,360.36916830019845,263.771936078054,480.05004775308566,153.41876517949206,88.40943395432693,184.29054311235743,99.58905188915779,426.7210542779446,50.083161126394046,345.37772492777145,235.9573207596708,306.584224034358,299.07325383466605,451.25082402700264,395.7991030895233,103.4761126863571,362.6628166730059,235.66081036892194,449.7871677331382,102.86252964875852,284.0316087807068,138.00791966562244,262.48921211256106,434.6591023118698,396.31600759749193,92.59177716220518,38.54127122707024,80.64712803256118,243.95220740789654,21.62718439036898,245.08542493647107,488.8371648847582,283.4611144929203,114.01235382918435,48.714528220898,498.3421309240498,221.5632612028871,50.19600886218617,67.61311119666713,63.82771572286588,461.22473863683484,291.54852736970946,156.02727980467586,322.21860554970607,428.7502763568745,163.85443134171274,2.045035264824746,223.12955678114733,54.01791695444702,44.820876191908724,381.71874781486713,112.35081531309076,405.21030492327145,263.017559335369,36.74576408103314,154.08437915422058,419.85701201704507,151.5631743422206,247.4311332032208,314.03741724053924,294.79447544486226,57.95850666034552,485.15542550940467,465.7968431695786,426.42001283486616,311.78772919097446,139.7593704940933,408.136473595063,201.19453846492723,435.94038213498743,284.6154723642608,240.4083502733359,412.76926507762624,395.57779447234617,271.6167082123274,305.81038694326844,341.7405272510189,129.56922673536758,446.6943259827634,274.5671790503863,194.96676817223235,273.5911151724908,55.00006520105233,159.38136983071556,434.5388791816363,156.99042466249062,239.5932612674047,474.0787495236652,235.13603020717704,372.9604234485511,107.31727627422299,15.296766431059151,474.9329616648317,194.0906301005419,55.44414160235539,186.67674801247463,90.70291870904023,341.2407726411587,278.1816084428028,313.831001940205,304.0654703124421,81.65346318685279,41.86720417615236,428.90353305253313,363.59654527865035,397.15773131111087,116.50582638674433,324.41905857761043,320.69585421922136,485.7666447804881,135.67880851163216,338.7013950867168,322.1055429113105,340.279726986895,319.5263816401913,257.17205343084,434.1325671813604,284.505617822703,102.83310574066684,44.30683092542914,204.7090641450917,190.78044245038654,173.88831532269165,146.40131659189615,180.32486945483268,258.9963384052354,231.158349654095,393.79224611824884,426.3997213019242,350.16376546672655,47.392225337052174,112.46962194671012,213.6160330964723,39.75622292640008,333.76461062980746,31.904133998426065,403.54095135994066,36.999160698777736,399.3513799348866,42.88851225823459,167.32325248575424,70.5530735453228,119.7699941340456,372.6505896014015,207.41464200863174,172.77494048082727,257.29734371370176,142.7531298114799,309.23787480902223,268.13629966485803,421.02404471885745,339.05886294241543,413.3206113788468,336.2641907990645,25.551588674733228,238.61338921659436,381.9771639249968,203.42870161286407,283.1253377220648,452.8218613620443,419.9361516698971,414.04157551198466,384.9283341540891,299.59889800642316,187.03528022340836,10.949357513426072,387.1179287123929,108.44867243975298,43.51275808027199,182.74562802975208,357.82083047987,429.37687340536803,22.780676787200804,127.03211886665517,281.61825610964195,273.6011570158348,183.54874412884297,197.93383379296807,471.86437785663423,268.17358758647305,430.7550933797903,367.67576569542774,389.0215810464365,253.77416673120047,331.49389616872156,310.9192268171436,391.44985868429046,162.34467388605205,283.89614925718365,110.2955514172796,163.65759713689303,433.1161656097743,415.2236559132021,154.90801886476646,213.1009389759283,458.28379175915967,264.73712073198334,461.0242499042126,344.2842548153221,332.0650568528348,482.5360320112599,343.67282719734726,490.764054493227,417.34247907313284,236.99993674301706,471.6768286835478,167.4612013559064,161.48976700874408,281.20282970839736,488.25412107602216,110.88035008552677,321.2499600114609,348.8793742898862,6.8611616156276645,31.712451511496155,90.46239010366325,35.08805772687057,204.4589729184185,419.9488878421956,401.99001622353177,198.4026934935163,350.57137797474223,240.6461778298256,469.5185231605056,149.39297670563138,244.7386381874533,216.50089520154648,23.07279448663263,252.37014079731546,292.9468984048012,111.95355510215977,60.56293747564645,112.20841506392992,361.4758822301457,262.1305909692203,198.95964962920038,179.7483346117819,175.78442518934662,422.64764601946194,5.075951531453571,391.1792370593161,183.72319016328314,0.8878052947589588,354.3578517964233,279.42905909408915,153.18821513546072,195.33002040209934,89.663252454808,303.2139510983194,461.67148406544527,29.568530269176552,29.69533275677122,99.23070118457944,336.80154249545296,260.42111412814336,240.67577276536446,494.8702402949138,376.2982978932532,449.01456675575855,445.54827776053384,264.4699062041307,307.6523149917293,296.9129331281785,127.95495807117324,32.661805061630076,324.6271687280107,100.81551713713083,281.24133323974866,437.68608516767506,295.3269727579589,126.54050837740522,268.5371915138004,8.381431378971016,256.99989589358785,306.5498651216075,126.5564173622803,395.51277001691057,335.2158966929205,382.83029089436553,225.40604853167733,28.933410403681915,260.2650918289408,421.70361268009094,338.22907894485525,115.20052641545125,382.60011358838034,488.7512598108449,127.57303064235292,429.02777905976995,263.44891069797933,397.00777700332765,232.15339642518822,411.46614247716127,246.22187494428476,400.3018936977182,381.12506296238746,433.7164325740771,445.0816129822461,28.38128752587338,438.36688158234995,45.30751734667188,77.41229165094948,156.38393281511682,431.7089268735774,7.911959510380873,116.36960243816146,374.9007356624127,69.2242188063228,230.37174065871835,213.53708876280348,386.2564136066116,115.70228889389527,110.93313885753975,256.6444103334671,495.05073230504473,115.6152129175882,413.3136235962528,300.28836691147995,244.522573594407,451.7701550398145,141.58277893164046,3.890694015746765,411.8054030249168,101.4923905724402,324.16930735439007,102.40206867850782,267.18668926057654,31.37615063166016,323.80218801743,301.5802508704701,173.7411219447823,19.19425696578625,55.088296798496806,99.60347098921551,459.42189457098533,419.4293093126363,301.0942788779867,290.5475874538381,417.804156999707,68.96103526449131,322.51900292544394,400.2258979592095,465.78028929963637,155.82255999954532,127.27038399779356,401.83099757649956,184.9053944841757,428.72582851810887,276.1320541854211,135.66477264994674,13.443316768440683,63.010955433865426,287.9597440995842,55.6839091013096,331.3919545086804,223.06336077578771,299.6100404540217,332.1032720470484,356.29831283546025,454.4470955772563,300.43993726711454,117.42089117525667,143.2163239624475,187.48315158795114,330.65656256771257,12.942495025426492,312.7982901579326,67.20344006678108,136.36429052522647,171.6100573175932,322.24161519324656,289.7918142070049,431.1461507294776,75.81357329720278,450.3204400278059,9.93061385284355,289.5252827302484,277.84131941622474,120.55556496702025,276.07258755245516,365.716392407703,374.5510607034388,435.8321015395616,53.39319613778892,440.264508015561,133.9602766701535,175.29760362049944,357.6456408492567,410.41938299172676,41.40725120432032,29.500560998800385,264.02375260281764,378.00013979573856,96.75535833707139,393.1021799152052,317.7966285048429,105.07504092668424,315.06816092610603,285.0409499597908,123.8065990087187,420.0616698322495,206.00973427996166,251.31053857058626,39.28036985974182,368.25651304178973,294.82940844090166,66.91850194212434,249.3891311160794,294.37897132977696,191.83193934844255,403.0091845626899,312.5699495935907,259.813278840122,163.47779026762365,344.762306155875,170.50075042461748,129.09973109349048,329.26307932059746,234.390968904111,320.45154430868445,314.4626907491531,267.77357036890436,282.99187317492067,124.11004666277576,492.35850024697964,494.5217729331105,417.0377433880979,64.83142651211682,436.8606151594219,231.57007487900788,481.5270999859872,104.39036366005844,210.6045360833822,261.9183362572946,0.23445104914943116,105.57437260624974,62.72130101448376,177.22397210557395,205.7820475697046,228.01445016853017,154.0935134054157,488.5618334096067,127.96016212165095,182.05372709028794,58.008878579388636,50.367779229906375,180.9058561555278,357.5830458859718,117.61240802148643,377.08333498854773,29.296765912360968,39.63147886018403,485.24912872237104,190.424266620618,376.15914126376305,202.1579408704463,389.5106304366915,137.13787232430613,329.04277175154874,489.54949716789764,37.06642380177655,167.84047568936728,28.297047077762038,155.78849949777523,228.09214443438248,27.62297680550202,479.999990579969,426.3587044155596,180.67546008362345,275.11849583258714,156.87096909214543,361.9844909434055,478.0357491954596,227.42540770049064,498.08557620167005,47.88303330005422,28.092691405085525,369.0762580720664,143.16734826024862,313.9551826475538,150.83767747613902,133.24321966683416,355.1873314830597,284.2950437488479,118.43478871352676,155.24287658434628,191.24630560743938,295.46025601390807,454.56940443287516,332.015503226102,335.6316151757038,275.64413255276975,44.47796548546812,322.05500365622726,443.09946578587636,70.12285900099008,412.49552812299356,304.8311720260168,386.47888711064525,303.677516669899,144.87000046188743,265.2419717592089,154.26281918856705,29.4691984780997,351.397084629054,48.23854283792733,213.48012291815917,333.2154310913657,284.95971094547457,474.6902449921107,30.38892527760284,215.44268841835478,473.10246798099206,59.870139995420566,145.38314948616537,82.79710664011469,429.3622459774563,290.8502148068595,229.70561556036384,202.36548293904576,496.9924399216854,353.7852295248272,288.3983407373535,35.39057530203715,380.1695169304175,135.21309699955086,53.625739618965554,319.242720937686,107.12186575691346,264.45130321036555,454.00818018819706,110.24774916095569,297.98859850088274,445.14497520724365,152.47973966810403,3.230498180794794,312.7795742233123,94.47128963351142,279.072423757217,174.65375347884876,327.31434158559483,356.4413366444652,267.16728088689894,64.85385219721861,27.271738348842835,361.28940869534347,151.96243410749844,479.30367287621493,465.45276969533984,350.38755287746676,39.44736604805127,351.0841812062374,157.97704795005419,317.0722395866642,272.6537651508708,389.3378806748986,304.19565700340934,46.442030441580464,405.21351744649314,288.0723507317067,410.667687667319,104.75756460798557,499.20821205112884,254.92669093179532,282.55702792951854,111.87632388868646,232.33548660730523,155.92510625686938,103.8154365620434,198.1253759354868,205.05119234902068,497.2150525580231,494.1891740089789,90.69537811171702,406.34413097796704,233.37137685584253,409.1535347809692,380.8904538088213,397.6329924264049,440.8344530658028,481.2580310579362,12.324982958693997,133.262770457106,139.6719948650386,317.72485182370235,331.1758994036795,112.97378624170268,54.93123829090163,179.4269612026887,119.54757033995416,442.65950499903386,40.09070442206087,241.40390244947463,394.93616250271725,137.64891943487234,89.73960365147448,229.18804144987976,495.5931491910206,53.96303178653822,477.3927518538402,412.3520906268647,346.03656538614626,248.29132125339416,339.1044224616783,493.04954908073324,307.96446537780645,170.47450741849724,102.64709443949465,64.18145934275132,136.38796091763265,180.73848829223067,0.6342220681082589,57.66940901553513,397.236303970118,49.006466155077035,60.01492964987659,426.04996599979825,221.87078849428664,21.322434668912983,114.72530239003204,98.95136149391843,386.38812316155526,183.903514627558,368.9482594011293,161.5312896716708,359.15129938480624,276.47613491010753,377.0489166136735,351.4302846566188,73.70134980180565,206.84305111421568,114.06228027632464,343.6908121009548,54.763221705344144,80.10111371906198,124.29008382358919,44.21463389322944,241.69362482795214,296.30499828532766,484.61914838513667,116.68152799033055,303.23429352761286,68.08281885082008,32.466201762190785,158.20664413509755,326.3672552907487,115.2742614365772,72.10043098569358,294.8519928717095,312.16991610259015,250.04247965934118,286.0850451439319,244.5993630669498,63.90709443734938,250.0615816466324,67.10388400423095,101.34811851711146,101.8067287098709,232.44900225872166,4.78741040847569,366.74661359067915,407.57020216152017,55.03098310159815,240.8881216621459,297.27246196274257,327.23252040218307,316.94430512276534,263.10451559865373,158.8692888668674,242.4023707166636,45.093168596132884,153.80544519342826,253.10203700796285,389.18807943401293,23.422155404164148,96.97942822547401,70.46074355363163,461.83443103046545,116.87887517640478,152.02619373275718,372.8187601293362,67.6696616280698,456.36665675587903,294.92554675622006,430.5011364050241,78.70280561513482,12.017557212629093,174.68243075412565,332.7000480175131,390.45833872352625,300.3440851281311,58.95075034662089,40.941043107746545,155.71567283277537,13.261141606022154,470.4023194616244,485.1043839946817,319.50979166920143,116.60896184083347,307.1838653435086,93.59867107162611,377.3047570318276,60.614528408827695,178.41614523157907,231.75756529202923,17.93934668995267,461.50382084724873,358.413869166678,406.3956590570947,447.60248590704236,182.45279588212264,128.9068189682168,316.82956810813585,167.95929064359217,446.6145911406041,496.91436734312214,397.0796810597242,450.76292537438314,395.59286147493566,16.942201833833437,257.9947496805909,245.89504332989696,216.333250720465,108.77222501150374,481.4285014528112,274.78775635119683,275.81061368616827,465.7136723288217,265.7852833627689,0.19791200778340734,464.2157395026171,201.0552019929391,213.48122230553273,485.4718930313583,91.66604454579996,182.72231304761505,283.8942319115241,230.5146868778653,106.87913224916595,70.20731681561738,124.06068795018155,413.41732931172595,216.33276480705376,413.21678715810594,387.8472258197863,395.53958087223816,454.6440945828471,416.2670018805015,74.23716154022414,331.38181500874686,443.550750106871,337.0386155361012,431.04658680888775,465.30000627845254,215.48475875298834,252.80427671846223,109.83075266309488,471.56562017547265,274.5927387598974,426.46501037683646,257.3749381724415,125.2832939657847,88.1059061526288,325.2691710977789,185.44707573556113,60.68365844616874,53.92230682936372,58.78079271934234,420.09426565380426,162.99832064501956,499.3332706486823,234.1696286331577,327.9203152870329,54.51854194674849,122.09108549333581,355.4552262468509,196.52881603645872,22.486862583566747,423.3735761220627,136.97955003955903,315.26556999876885,492.6310330880153,361.2428318606638,473.99283317165606,330.7100815083768,284.02476703959127,157.1186522444392,421.01686041038994,120.24535306728384,480.2904527274757,165.22876725322993,47.759875089380955,64.19529684297942,347.7407658843623,65.69657845557303,391.9706225774521,112.38804954768472,110.79692967606903,52.93885113820501,255.25153363903968,16.519031310583465,209.02801263516812,50.39963448770224,462.4213621978611,197.41442230813976,38.85531864903696,461.9496109234857,408.3443465278943,217.67869352001895,202.82377825327796,495.5580579996197,130.9022511771305,146.19171936026044,343.6404607104322,20.26344287008275,165.89245329557482,84.38967269615915,349.7670307600077,472.80792013715035,373.4936578468531,295.84529506485165,85.59132825731375,20.57538859011099,488.67723239382065,329.9359492610253,472.5276709834835,329.9670718381349,441.66003416432625,464.1783483564491,362.094014253502,133.15625557527582,194.596842567124,178.1688810620892,281.7062424945467,409.17494055688036,59.69529854076872,317.505649828081,314.17529660097273,381.2187874536945,61.80078093930569,245.24172140632294,304.646519437952,260.31354713428095,389.9187639595114,398.36254788789324,358.2235129042932,292.453883579247,258.11915232596317,184.9883361041249,397.68765284450086,433.84028360233697,455.6669183817988,335.10963388506025,313.4819004547413,89.27834701978993,464.9257030132824,34.42952750876582,461.05451982879316,455.97598458282806,26.118694040115574,409.65506716847597,342.58007654226003,105.698907502431,350.35940990870705,223.7407817295437,133.48893214513424,480.9610799444765,411.64234736157266,214.89529158919112,88.3225123213059,396.8927867595169,332.21033759505735,10.785415511728402,251.68166314232715,48.24074084870084,101.09665404874978,280.31447475067483,55.79053834835035,59.72239738956836,415.1738966774957,318.5484062128848,55.74747303985978,144.018326311465,11.814957745778731,42.80044693086216,35.962559334973996,320.9692507231195,37.53718153957053,265.8739840659894,253.4307057256716,177.40721146330085,72.9329424525988,21.8901197302242,89.55610062706177,461.91817176584004,199.61111899127658,491.3846435783663,35.81803191000754,158.80974411446485,302.7872261139579,440.3090544909514,75.77273451794797,222.11159835554545,249.86560914915512,320.84148212287164,469.4870769301894,51.61218958477903,24.873971883183078,211.64707597268796,51.74236109534364,439.0671300255741,337.7120776499365,96.87246149891676,436.1932453904694,433.26170677404883,53.85894492392496,370.723808876966,476.54907064546944,256.5142633249916,476.9654980771951,386.6758380522331,61.97450738980681,159.2294383627318,410.9893432260353,441.7533537209108,425.0427881928409,212.17888259331917,29.856775324997365,306.99877691485966,483.0134632947931,447.0035269718997,144.30755383949196,311.43580329378796,493.4799762278484,240.31619893923965,495.9947618518812,133.54601784133925,327.7444436327739,124.77467698223732,0.6212425796129906,6.7809654259488035,295.7780778451709,321.05838167933604,428.2543036211533,358.65603495976404,336.5374424598583,448.3251821756934,3.472506645535167,256.8856845520106,12.926637981571398,392.3731088741239,356.2952271893671,260.60319355870183,68.40182074202784,265.4087987738078,301.4615420194555,380.4041392913082,414.18062229897095,424.404492177709,261.17965119282223,346.81459377322557,319.48611891645305,313.25408483678245,470.4745973510864,190.97016030785812,498.48796181849644,33.88104868201469,153.6409610852229,248.93551896308696,351.7522983002014,477.4731438250351,137.3700339236577,217.86613007474986,488.80614281556757,231.1318438919739,498.91713671911117,450.9054701644447,458.0042005567575,246.37770429303478,189.24566006229648,312.6356984454376,489.09088335620413,343.28843913585564,103.79974296446038,232.0158444209099,70.42660303249693,456.9697605211505,252.6253053456487,267.74652496315673,336.7908593716251,365.29491912120716,28.06707982675627,332.75799621736746,223.07868004690667,152.08734718806193,74.62996173055036,35.24473016956381,446.385075804531,408.2570012142281,123.23170689560887,154.129216838549,229.76663436545368,133.77067933779836,360.7598488368439,242.0782837393652,251.21306858577768,387.0666319846889,190.91265535994407,387.4642327573588,198.8490106767028,184.89320526597984,73.079245561936,218.64584890436328,284.621204194639,250.34959183683569,64.5318495116397,99.84959402004418,127.38770724325794,316.08676494531824,155.492572299471,167.42528677045115,365.4114235437206,110.95082275047518,438.62575964415043,227.51937994857147,3.476366332303915,196.22485843447723,305.9468422804434,224.59229687799865,215.21746016154287,359.6179718283606,214.95551854865602,107.61953418571046,356.38961869229,484.1596926372609,481.7117952889184,18.318798496367915,435.4150116950717,208.20997675644375,335.3717396296328,346.83966337794664,476.5573475868416,390.9354044073896,217.8312999238898,296.8864585510515,214.69743821646375,119.19764439646463,57.1148872872812,484.69887632795525,257.25013795521915,429.94904651253887,467.53373553327754,424.14403486397725,348.7880510094027,292.642003121691,317.2539772480843,98.52609163593212,241.44330872244478,327.7658257070228,293.1522471387177,123.35522049172081,254.4056299987745,102.42262110957256,228.68655225421531,21.152498268561747,440.76149828138233,346.1640596178197,397.367361903071,457.21626318222246,270.9042974172937,288.0170497252175,189.3836843095027,354.2602748348333,190.06356612836285,284.52349710765645,288.236888529397,182.68107558556218,37.481396579143734,416.09527740347437,431.59873777490066,165.57046648815006,306.191029058861,442.4985591820045,477.32446456752416,149.19602409023085,444.6756809338909,130.8593987218164,250.60735120762118,404.309029737017,389.0302815750418,460.8513383680484,372.5250336042574,191.39591173373483,100.11593087382693,460.2551222421161,427.72789717464343,217.10612744576503,427.574734218678,66.27486444834935,461.3804234599511,394.7704031421865,267.94802665564754,377.4142386485705,80.19367280256934,328.5479816847092,266.94767084674334,141.67040494157058,78.52723583554871,321.51963131611797,429.80310800376293,37.15673896144922,324.3620689552485,31.46394770539085,461.5990905143309,135.44544436089407,20.056731156849082,473.7830379428415,410.8800275601234,215.29293800379529,335.57678947517,385.12831892083193,307.16427758308805,247.91038984394038,348.95531379319533,386.4337982354935,73.84477286207725,211.42749476986089,427.86352334900886,152.7203205994972,16.986886317120863,324.3391546501718,87.54684808706547,108.5363275771481,125.12725315816381,47.671857721126585,474.26959234811187,423.5656794378715,475.9414477913838,373.23012277320964,280.58234978000695,340.0449805910717,265.5395908452784,127.63333455153841,152.8231888182055,334.6018629066157,441.5655582241538,452.3134796789766,452.30332089916794,314.9575598292083,333.0009282388412,211.93809446146668,418.6729406676532,130.68285599356412,135.54463799813453,66.73363443675234,306.45200526106436,99.25211880866081,337.23462947198306,426.3422143968643,402.43672637731544,272.427292711513,322.93227200432415,398.83077232166437,3.080494015440194,332.8382275302263,189.17952574493157,440.93424059945426,326.1192384997132,314.2360047756895,291.3687183055622,320.43229171911184,57.19808125306025,59.47084284004761,40.86911946671912,451.3230544793322,102.54830010161903,123.75857592411593,219.6929440958052,10.268232568098611,162.35552245392398,60.761054074350504,101.36422092328023,389.2244631790523,68.64906001705229,384.96251518600917,108.94702584953852,453.92583763614283,356.1603143641481,66.42116710416224,51.57895707876797,1.3214188446498687,494.4818891153763,231.8235870622725,165.08508488451307,443.68068901706494,113.58369658395628,367.6305110947557,412.4763953459974,227.62323424425534,125.47966029281821,155.57820552225542,177.03690340591223,89.11276193348888,294.77192149313123,363.00931308306957,29.054457222861263,362.21411409889527,412.4469141577334,377.0303871780373,499.64243255962566,340.06248309231097,239.74579835493415,23.27840516256724,473.83875890618725,390.0315121622985,3.117730719970291,494.9483701567343,443.84051323091046,309.8448943063459,62.92864255591829,495.0255926334997,125.33316821255669,186.50131612423522,54.83420712757603,47.87508572325861,107.65581618292308,44.36297121595606,369.06898691036855,284.9762060797452,470.5974611678519,487.1147858198808,472.7974381284851,47.23149805767496,23.077563204552288,57.14654629477584,272.45732148961935,281.80544638840155,136.6387201024381,134.6200902304188,263.5397364868899,445.57621962193844,112.78541534878394,164.95907863860964,248.94346443628186,398.0400745330256,389.86703500910323,223.51537316413322,482.8261924110339,376.91969583731805,119.43074736458448,366.7078328958471,321.6285204943655,318.02387245952855,168.0739797185245,429.87443741738656,14.744610294715299,499.4826437411333,55.98256001560403,399.0987295222098,474.51816068312843,37.15199522443624,136.08323858076648,36.36999727847451,293.8178916199549,43.632304791079214,489.29395626436735,209.66147474278708,121.13654149708586,141.26257341996512,228.87050180346841,426.6371074743461,191.31919412463893,111.17076940772658,67.83760781895415,383.80402701078776,14.21234255578202,76.45959811710368,387.3314709048686,98.96808886174935,299.2230548654771,137.54955359728427,383.8528904905914,79.53625790054053,402.01356767238815,358.50744672890306,365.0455360142141,440.0154913921709,401.9266912393396,232.07475030853348,418.74297616742945,445.21809209310794,325.55718391061595,91.88500409824674,400.0236094262518,493.35112839903707,257.66734015809817,141.07487954116505,129.33092611252266,499.4458256410796,102.66636115965605,352.8863323612429,318.54396681578254,119.96033063327627,282.51421739099726,4.017887419242639,392.58830487596526,290.07425965711366,2.249587892598992,233.98610178248174,371.7476154276319,327.94533581113967,64.05859622552008,153.7719300500561,180.58185846051944,68.43829641569471,215.09661528054264,193.90610986571372,84.68502201053374,320.54107669408563,498.5267838466379,268.1652006007639,409.94541995159676,122.71180306459873,10.351207314928557,6.310929659312237,467.7226967184615,488.01505263619447,116.7583785398602,255.7026527386918,216.7016016024619,222.00570222811024,238.26679866403776,406.50033680045857,385.89036011471677,134.09980949664325,11.744409732710126,499.34014351711596,87.47134046955269,106.49345812173134,480.94746518053637,455.4300329455106,224.7527355283791,396.06036453397445,189.63420655116408,191.74282099482892,52.25165749371657,387.148460904233,429.8050213260543,319.7978760413773,471.91601841568087,450.84205299613575,436.6122931334085,252.45007482843994,106.04503624618306,436.82149247290585,429.78387277056686,42.85214761798617,7.4654023787118495,377.5075353550142,405.62692024657525,342.7704758106468,492.42549545164803,323.8217319630481,410.6436621887185,194.6597931119877,165.40848775825873,106.66731399043184,157.26792021512125,146.26636495323459,174.25662897373934,349.627311481282,173.38847561724336,185.01978205236236,196.37326217194445,371.55354989860206,303.16364326980056,290.7542417197798,170.27077217891002,18.374417653244603,358.3666740516147,128.89942054147073,268.9286667355142,453.9351911960954,166.18736735412875,59.09848429433928,184.03587300331887,498.2403076753544,496.8258222424342,347.40271189913966,0.5687285025708921,329.8973957074273,340.659179816823,360.38890264586905,444.7713927823413,456.04723495658374,333.9845367006945,374.5115526798689,379.3069285501631,197.30271696469492,481.36420718485147,286.2068814296575,290.5006945477569,105.27024497187587,334.8386542804942,334.8725995053251,433.6063538300671,286.54819750087944,139.56746390087176,170.73057760602933,488.20523822308377,86.07183359238118,32.33558585544216,69.78438822869276,498.6553294423489,239.82740811397656,443.7665208624803,431.3468127941896,381.75129942337173,311.52503857987847,37.61470119069826,420.0953716918685,210.3697211120037,302.36450062719666,56.594224826068405,90.28823601352914,145.64422817038937,206.18466092267963,194.61659759285166,2.8856644015164967,479.06626478087935,451.96148159145145,482.60490545869277,285.8977296715514,324.15656702149704,401.581218150922,342.67696067269884,486.19906009892236,309.2441908522187,56.60659875089857,401.76022633059534,260.8051666388115,34.688472707379624,4.732156984482094,370.9302627136274,227.11015557690416,447.90882268108,19.285696346560798,196.51658350306738,74.70682468140593,24.528885972362524,39.930300201258206,72.0665762187283,67.20113947622596,1.942945241097227,156.9322846206831,121.72228963661996,272.5353361321783,334.23053073159673,67.31557694714103,107.54320865136991,91.41144394814788,382.4779687585903,135.28611027729735,175.85164327767538,418.94365693527095,367.36243125136406,225.92628817231574,23.395374431601667,44.350262495743586,60.15956462836791,142.0791207820815,216.329328343366,90.17371729298068,485.9228754587623,401.06170115420895,127.28644024217145,302.3836427666142,234.6088468825585,471.89158540812065,204.63032579494595,279.36707780693956,168.90939896203983,422.02555926652394,105.58564611633858,103.3783341993349,273.506058894024,269.2204608170932,435.6304241640936,283.0180179923982,399.63987050145005
46.70766878972682,153.7978092736116,403.4755182408307,307.5998373905669,27.722235404555818,4.1770742891033,63.80520221536845,118.34221931963812,70.43440912579507,384.03011935876725,278.4237977141103,38.094894346227704,322.3648724759096,119.25755531063021,74.65560573026592,456.50218026393713,31.17033806034819,169.24878019720558,239.1440050142648,19.37065955626027,104.5767734091918,349.14012965272565,495.411010947066,375.0170688879168,166.59840637213125,234.2913170288921,99.80046276638093,466.76070689342674,443.34545609320566,107.99352527461498,236.66144601096266,494.2816492064982,231.9632118071574,252.14793494858117,343.4401411519745,98.03775136834764,441.9004794326684,390.13130014907983,4.153561070656952,86.50851379272245,285.42456687534525,338.46095623388845,498.8873979474662,477.4497090967917,257.96590780774363,225.0202065083249,118.04866995763707,439.25779063940087,318.37962448951663,23.296543295204753,130.3596035174886,333.2445767406423,157.01137115444007,110.0553222393566,151.09149190654148,491.46869765092555,169.50296632779362,273.3857509684965,247.54122494954933,18.373119164650788,129.463725663779,255.04657032384455,398.48282386936773,95.85838341166375,115.10253020365901,43.81356697879496,148.00488755359203,352.50985951545556,70.54147736513411,280.18643980665286,52.193565464250746,449.1596274817628,49.98026181866744,369.17211402308965,280.1264851886282,471.57530039333307,140.13362161034516,59.22445428222806,117.66612428560353,347.45245064222706,116.70825802702245,302.62213959202035,391.6187554907144,374.6034796533753,67.66918298841095,333.10263763193535,64.56143099322159,308.15829464579366,211.76803609296186,18.065242740537503,95.21735891684125,420.62142302578604,89.39399080494142,356.28879314520606,158.01403997575613,450.1729961865104,212.135263197265,167.65491621659322,268.1815170446016,272.93807532295017,421.8799581229204,328.21142694778484,44.25871084303734,458.15181740606494,381.1577635580857,76.76092560067605,205.34180998438023,343.28620367968585,240.62970673632634,44.16965363205172,176.8542922565106,257.94231770580717,6.973782753535773,184.4534673783248,64.9332913046925,498.96677582390276,241.68359822718938,278.4961093071098,161.29759792981767,405.1541261892009,18.63712861801764,339.3583189487867,128.32500518943309,146.2462016936884,286.6652006629734,126.73929139315216,412.8319554869614,443.82160565577277,165.85537973704746,233.39767495169062,38.37107180938337,322.55053608958843,110.05954213969137,106.79841380404947,66.75809683430411,282.30514429120154,132.08396206100363,126.17973130477966,395.56099185422534,251.80618305756968,370.81269041146834,303.46002975541626,66.96128166769006,225.8269650632716,94.2688036257866,300.8641430537849,410.2661578909443,255.89000072109823,73.37602575384439,491.3862007065358,389.2947306814208,282.53003338417653,57.976679576865806,60.02146789160473,353.35531446086407,373.705200518774,455.9035637896411,420.2229523320233,337.3452184136282,157.49617166596542,338.83113242684595,452.56477000369597,425.3914600593706,131.34513106366902,94.21477336571942,200.1954209132197,290.9078026765607,364.29068420861125,220.98158751013568,281.5662327788745,473.8573307611731,104.62510241687912,470.5841525393563,84.1221074598304,73.45151202105865,272.6615358585251,356.81320052537563,393.0487263264833,126.83690784726987,224.53546180121992,470.9153196707028,135.00097386096482,435.30727712641726,479.04583092033005,394.2346063465477,104.94567563085822,421.4762982804876,383.9425946756591,110.91410166901983,379.56901036302503,158.04593523515993,457.49022117003153,458.64519531415226,360.0429297693774,226.9415840521098,330.77339158229785,169.33194003720985,92.62162059714996,163.1644510933124,334.54568977938817,300.7960712770754,371.0811862940004,78.7917734997744,482.2930503480124,186.63303083407556,266.0679461629185,244.82705970400792,50.22440713856302,332.0555813043895,428.73400033054963,335.32612150328526,8.175569056259713,481.24613800734863,187.2349690428236,296.19458545371066,223.67228869881984,16.105111625076663,318.59329611152475,304.36365845853044,87.59697821337764,435.70723935760236,293.7382224873504,33.3972276645324,387.89932226959235,163.8805301235418,329.7085797151119,280.3315179203378,467.82537110374386,380.87399937736194,340.86148465883275,166.37272187220609,121.94550147576666,289.456130681772,21.423814344995627,176.75409997092567,144.43586497153026,252.24723273538214,159.46314560564596,207.49647264190358,3.4971932919503623,266.74704092299964,250.7700228688649,126.5534555690322,230.98846692454316,201.8406041738871,353.54611194178784,150.31818093780143,15.81617716760164,54.11061262609251,132.13010523364443,177.17266904424918,3.3381940478884875,296.39117967954104,258.74222458388937,337.2814748371441,14.712149567499166,410.8623640774072,446.76708243723954,193.09175737400074,311.0830294080563,192.36045602471359,497.52729092561276,325.1096267412155,261.8419464765547,436.2022903363178,88.41128904801788,105.88985473183044,5.163415626768253,90.96864913568864,366.9989530194509,411.93690867763337,136.8269741550307,161.03393944230916,266.96217176388404,233.7587688399911,451.27647941751815,181.19377209416777,34.462609322934824,131.76781595543784,27.45724026418783,445.96336066105494,474.7861419109619,55.57762700296487,79.44313078581328,377.9981239046546,240.9215202986823,228.74801679838512,441.5958329778446,52.76311539952888,150.6066320388723,53.38749034829537,89.94118361929388,196.3823758920369,82.0731216955235,146.89640883521542,209.5902939844589,461.8411970036858,485.4223424596591,304.15968252663123,376.3649631937151,82.51242989647317,12.782487833025435,450.88197946734897,336.5540803095423,458.7239321020909,194.35132044425856,205.70442085532315,70.57413645374722,335.708871378396,5.422260328807438,316.17148130291594,130.47561923317713,370.9405214483635,470.225178878315,349.900752135881,278.82182840367847,298.1575525494574,417.8399820998897,480.56612106720604,226.35008010550905,464.38840506582784,106.68387113063909,442.12140726544527,149.3853241006057,235.7569684719529,12.491904997545378,195.81395685891334,85.92241207933893,439.3251196293788,132.31136051307553,50.932715527339525,373.80688855805164,100.84769894765871,242.69412499732195,54.72475801526544,154.06250668620746,18.123008632613402,60.208594126432644,60.32305465899363,409.7648276785086,198.07378638771726,102.9619511490284,379.36789973512106,156.42037217532018,0.709742620512821,174.80685522664356,369.7162126385593,227.1889941970202,276.1321773328638,369.11852184309123,201.18806376058674,175.47233622253654,382.22753095858405,29.94110415767992,347.8981440346145,18.235562008917682,394.79083697394634,342.00194912923877,114.61517015070687,443.36224509860665,433.4357494512856,475.2080729346993,53.53294963144734,275.9313663406849,351.13836085921633,113.0995842662692,224.42606877797039,0.27348979737523704,243.85272707727268,255.68141617672617,292.68506906716067,228.82628358540592,408.90482730656515,492.2602654826554,150.4375722005143,186.5764326844536,460.2604138040816,494.4420852943334,26.74535201227729,369.77586288673774,310.56519423134677,466.7931129839918,277.15886781214715,200.51034730819904,10.409138746720947,454.6493576931775,60.27401944895977,353.381792704096,229.21769547290555,286.38617634846037,447.21357894308704,234.97023885482506,173.37420074247245,274.2797556111493,119.64830783763769,256.2105255170494,239.22933906132005,122.41122186350562,102.31105318102951,258.33569887648935,478.1629651778844,111.85291671052683,466.825230695074,312.2934722452609,359.0761422107554,27.076816239804625,479.77853412645516,292.1190896780241,341.0919346399092,373.41833040086607,82.42459070304281,26.23012943288555,193.99121143921616,288.11129682693377,400.0062158343711,463.2752169665953,14.85860887382129,214.40085145917647,274.2056145018818,107.89126057407755,311.9107659800225,385.5433977646429,309.31788841785544,225.9260729194764,396.44744028845133,52.737901171258486,33.880582088030295,497.5270142723925,464.7806051516651,244.61207182284284,1.2574095894911097,139.1704225923971,452.5691701550686,185.39664891808988,390.59002225189914,144.9134397564124,73.88526385800776,90.15510843751102,395.95407014402855,101.38426079037144,277.061846741372,174.89585350183262,60.06486302394365,146.5816145579119,228.58693268074083,127.78842461709405,174.52087701033682,303.30088515744075,431.40996888556566,143.44083187534085,299.7995266132191,128.86090340288408,101.35306049278775,4.0406231160534105,383.47653910477334,119.7244144435422,152.61598774416396,487.03105066695883,254.92529755928427,226.35954662921648,166.96882394390568,10.256485849479303,95.93857991369254,25.636861768883634,438.86209889583716,349.1245392223898,466.2120013815928,187.52487459180455,351.88450748633176,340.15499275144504,187.96350524994503,226.3236490727525,393.08041935720604,337.4400768240178,83.29517177906398,414.1618236505268,276.6651474793277,128.07227797110733,42.61554765924719,478.0697055983633,26.700214582936088,403.80933216952644,11.136584247438353,462.85056821316255,273.98939602256206,484.67348347425724,73.5017661175637,223.11052933897014,155.99733335727228,141.88984043671155,85.01030659806446,183.9672638025554,386.19670264775857,143.7077063270984,142.58776280919656,196.47489744285895,450.34208747709374,179.53320860890148,233.73919515081337,126.07432131930673,479.6697706405005,262.99709507365867,269.17613163403706,184.7896352819201,5.718285266723743,43.603714403697815,191.6705599724956,403.24999283292067,193.35235292669717,413.3701116932532,313.14702708787166,372.0470660366356,35.094721373596094,401.1885161915573,199.16914956806508,208.90658249302064,78.27183253624031,170.44868112796362,300.3453086243997,456.35872344211936,224.6864266978003,251.1256465808741,173.3840678047101,242.29442710479725,254.43008158854653,200.82506002810828,88.2994685279686,119.97645839933763,22.96194806969387,275.8024743868199,229.35691079150882,260.97476315973586,323.39615615074086,31.854384144822056,479.9824728645227,156.74041690863615,158.1580014779057,164.2004684765378,167.57833449750913,305.9671449042261,309.31566848390304,428.9232007069845,10.064054048345373,250.08757185875135,239.1713122921133,151.14226246218166,80.86023228768963,399.1163813151418,77.44858302129526,342.8458056019875,291.59132895519116,470.0168145135831,376.99698099098833,48.567332561884946,88.63985487128356,97.76796709806396,282.9080468338733,228.95260720963805,411.2661019078124,39.22525678849659,381.65433785110645,386.4444971191614,459.3673419233558,461.3598352538121,431.981380616919,68.33377775535132,274.2373297965787,224.62037312261307,121.53164531663523,354.5824992112413,458.08351579152213,429.7068269475747,261.88176999964026,287.4885905547433,434.87982002269877,261.673935185888,82.83673692777754,161.50283636993524,375.62339324758614,325.91550139579226,123.60196836848081,240.3656930089494,325.5272772452006,149.92201325580544,398.2399401055647,295.9340034993181,400.83507490983317,250.95999452005952,85.03384416120846,285.0833390972186,464.3341994930239,260.6770353919495,38.3591326269998,350.26623569303507,334.62300033312476,389.2606377859368,444.3581253554799,297.9123723727474,320.7069399974312,301.17120378008275,247.1063944550057,61.56314695322496,386.9502271872035,115.8187181471545,272.1039889603583,451.5990439343754,341.1861648107858,128.80682673719375,333.6751698042718,267.6931916811295,390.09901133889963,260.1131051838659,334.1162863747244,14.951094096597062,498.9714767215846,347.8317698147603,368.27777534752244,408.0140682351742,322.23950078440777,380.76527127347674,386.88171335407964,379.29431671889165,282.07698775614574,153.47333254456285,151.9212133420453,219.01367676703032,278.26407306575726,52.576431290962674,123.56764675885223,257.12524873719866,277.8205541077997,45.2126798912349,111.26662408974607,165.55481807250382,499.0913809128117,37.89325449179981,421.9084099889968,255.0523580590177,61.971651246959304,437.6306499907028,45.03145157106425,63.76064919145008,163.6611150780229,22.16777786486951,449.2763014394898,206.5388973520746,90.89357958076234,433.99100879796663,65.10622862518284,53.74231726333606,91.34188530881259,286.59984493582897,363.01376211196305,436.71260432950305,145.10329519025444,485.68160472302867,443.20572112943125,439.6220928962416,146.24638033578063,413.096149019146,238.6214578724498,21.48896619165003,268.1187412046328,12.924863975200928,56.04726853632952,218.57275952001166,45.30811473668855,432.59313555035305,155.1885071428874,113.45083890267593,205.26281840047085,273.2892225569514,264.9854591832397,294.9637211383001,458.9180905544493,499.1222904351493,476.7908534343789,19.690091417760904,434.31519970382453,489.2024588691687,144.85200163959817,85.89621189025254,164.18543491889227,138.81463344770646,210.64053299492713,174.6907078752788,196.4451228185848,252.68853249122952,345.76103444259036,147.524288307898,439.99801275283477,395.636425539301,311.76229843921055,299.6979482828531,338.13578283082876,42.286133804507905,181.33329912840057,211.95159910203114,218.6250873076992,265.0443902889873,440.4261781055583,62.79810845466693,390.5758397485455,360.5069982478194,95.69111728425167,125.47811460089231,170.10258963689452,185.2692610733912,121.57608941352343,106.49097581942618,439.47609538285406,247.4582451437256,122.91589163903616,408.1399007676716,356.6271324003305,448.69829870094486,466.94544000256735,144.09939920235098,437.74280228990693,351.3384004866466,38.89777923266563,485.37578191510335,482.54665290659693,239.62171301733193,34.717916263604934,77.26963470977715,27.70332874638909,232.89088815269747,353.6518095812272,365.3432455716744,79.61196524485653,212.72268754701767,176.28398716671916,399.14307836262805,122.9358408706932,43.165223194374825,268.47891904441997,494.0411179225321,394.88695403525384,6.868536209274745,480.66345507763754,228.70673941488974,324.8169201287475,460.1280654983958,454.150399824704,180.01806335775711,321.75596100059465,278.7255337483832,220.8676051438274,139.0738011592698,380.66122330041907,65.2422543421125,175.42442295852538,79.0928578957349,11.57464202113484,333.8772468078602,421.35938841237754,478.158798526967,423.135415310042,299.0762568932167,350.86756043511866,146.70395682002618,224.14961612929918,240.2060188928332,387.6622378670502,403.6373991030643,331.7413696055456,258.0151065872915,273.0995484604514,177.67576054781438,282.4780514474471,35.877377667766886,91.19517229578882,200.38379518490046,371.31915137847676,475.8390123093547,388.5855171886104,169.60825549734153,221.35481928190887,493.5065947410694,272.3763262088449,133.3085149618951,303.66723489243185,377.26608587859346,154.51720363122385,123.36837515925208,20.112910415411854,275.01188948912153,79.72838655068082,33.79775215219239,171.02383859678332,256.3567993718619,420.0980501532219,337.1095035901626,124.54738998854997,240.06056477181588,163.76026197038345,367.4193344169978,274.0220573677078,128.49172187753695,121.36375748519262,312.71156032491325,171.6919314715179,242.12605978483103,475.34134173196355,444.3172894212033,398.1604019905937,162.7908291248888,263.6242824518913,63.250276531689856,424.41897504241814,355.0903833064635,432.8422975339464,298.09031759724485,192.70886430600015,191.46667520509968,122.46314846180655,159.82924774060348,96.50308021579912,287.36923291591245,33.298246474354144,442.4508401945449,272.96528919423105,359.0077477790826,191.71015159138204,271.9513602056447,474.33917122815745,93.88829559949174,399.5255760871237,53.393174505012574,128.3444737419967,462.4801368699277,335.70239152815856,219.9793308400396,162.02743947303634,315.8741255368258,231.6163296341311,340.11030392871885,390.682637730604,324.31916489108585,121.64363599416549,69.34492378880886,472.2690387664349,243.22582086911976,3.2554446546697036,105.91064447310217,132.5625261647444,110.94387423083107,314.80911446611975,444.3671133463644,497.34548818736425,143.10599444341733,156.47204644942087,303.8907789738664,167.5447707176962,66.63126549810111,152.46964364559346,125.81245045034834,29.47809160764442,304.6542983981519,70.88523358869232,303.64510797857565,460.41682021586223,452.6058848743168,137.12484851828654,275.5159503075247,497.5018166338334,491.21184403591957,183.65555071488114,270.8793057080902,319.17554173607675,107.53812221833286,430.86810412059634,441.5964209294914,393.7374899373519,336.74874605709397,291.23124483887074,112.48816056127237,111.11084343506889,284.96556056260465,483.58468114003813,354.59433950805214,105.42028471363201,177.56954311743755,173.52096061300148,295.9582625542003,215.51074427401656,405.87485156777836,332.1987002159704,109.9964379436612,322.47617944306035,330.3778630362305,179.61778350691588,252.11611946829422,196.58068498385057,111.77149277224075,292.98104775777296,477.78136114124635,443.95577046730466,361.21287305700804,400.3751837348576,237.54241228130297,91.9148782280918,307.8414519831423,328.44651512631606,271.4532375699629,385.2234070174573,436.80212527704253,115.03846352962377,68.21442494688846,335.8965245253003,470.4782426473763,61.69532222539659,264.3176599026729,26.38611890067044,131.98416498685256,198.5805828294966,321.55218248443754,386.64719284193086,92.07469718882616,448.16276728669726,147.06167292348294,155.999407970893,125.13130973747438,166.00336010103567,492.3578445779723,211.0838025499362,283.00994537720385,240.5781062765136,57.55397853040051,217.85493206585372,84.69108674080933,414.0294961357561,264.0153969440553,65.73285777429876,134.46105985780758,309.8723384620648,350.5315152856411,412.8845321170303,199.6677203574659,200.18598082104648,224.92801568773174,400.0381507445136,480.6320773822454,379.011518483931,369.5941604675722,199.5801364206078,468.97149564291453,378.3984131591283,68.8974001277472,378.51005762463416,360.9438992757517,186.7208547892158,357.3046243677173,303.36742399195145,283.77346100030604,434.04816850802143,215.65859510393437,361.1014938022149,9.431180051810706,420.6741630998338,355.340117216065,479.43352575696997,266.36472522410844,467.59727564939703,313.6725602643848,387.28487191845136,413.0459447623868,65.58998325902988,421.3636516976614,398.2534511339983,24.24303829474095,485.3414417722775,457.73074444994774,60.03468613668972,175.1692789001446,60.164597663565914,111.90885128843247,278.5403799425538,380.91711653923426,360.6705481346258,104.90543216055498,178.4981801461122,19.15932091126654,63.23835933152677,455.602821110307,36.77818055382337,28.868341074735792,173.58826356323843,125.62576749497373,68.36449698440845,460.93507355041453,66.85490197176274,451.2116141309886,385.78955864470015,27.583638580480464,257.2176298463958,49.97123114594848,173.40984706947793,54.44832208247291,23.843853407379324,133.16245851052523,285.53534913563016,147.80669817727755,183.0731750673827,458.5393942134411,240.1399203396387,67.49729927201243,176.56041577991587,449.0872246621497,158.91805897599565,460.7029184520696,223.32548372762167,184.47026329162492,80.70096541107885,429.3912084972402,127.26385297811515,372.97610082289174,432.30609924641,5.445198322207467,147.80846670248732,114.95141718210556,457.33441177843775,193.12680568966084,246.85008781003742,92.24380752111988,18.725326031233447,360.78375777584125,110.18774396442771,310.36209845187744,225.11956385453925,58.82773264735225,241.18266356236805,114.28957206412377,379.10185252999617,384.3629764631915,403.49378110808584,235.70438746186002,164.68705165203207,297.79360327733787,391.179431862996,155.210547486635,200.82876320167986,152.5860540376749,478.44490320731444,415.11774522566935,418.41123350345663,386.9670163714573,213.01339187080671,456.1398548783778,86.49488261855481,24.24980251365705,485.8820964958624,407.1913582140395,346.31596331397026,145.00524202566484,307.5975526875232,274.98570594860877,146.73872334530552,18.923443873474945,369.50657543087357,243.2639088837172,120.3505048956796,267.68740397167016,169.17330430070544,252.0789021440817,384.3010325118114,496.47645848032806,11.275844588054195,395.22601608109466,462.462923114633,229.5247675905636,293.8500612202095,442.53787214411307,224.49087277102691,100.72117589954871,397.9238993309656,251.63849642642106,68.44388870588958,486.8243577212229,165.2503282517331,63.80366096451917,218.82918484016673,159.22659876764877,94.32192818340518,494.7397726571878,265.79813215366727,427.7942736702601,313.61608445712955,399.7602108855066,205.76158587929828,234.1454216528166,419.0846610998164,430.7167998900073,463.0977155636611,289.9346984587716,14.312046147475609,440.41835042204264,114.88111762206438,68.41313353694989,431.4845700139401,213.29235506575228,129.49790964770054,335.47399132124025,139.2334445258323,456.4001904718142,45.34958457587868,66.36439670739675,197.97737899116547,305.080808847653,43.032595912382455,246.29234775514058,104.85676179312337,409.30188191439385,201.78617951113486,116.40127051762184,76.68484821691123,492.45895613882345,343.7233701795044,445.54287248356087,250.20212183720358,76.5784194289918,15.862543765385483,448.6246032460747,453.13993621194624,309.99361663309895,383.3833873841078,468.7280606447735,230.9626800458724,382.5739107484798,336.8956951140833,430.8373907827255,391.04810317723405,52.46603793631755,406.1391122701752,10.633397850424942,159.29762670381004,497.6720954078916,220.67866086766526,301.0685444424866,214.91891011840804,7.267180914893867,115.17994076390615,50.81231447633516,432.79670644345293,328.0689998691729,442.23052404402944,192.76054897135236,350.86058744598046,272.8207749775314,364.9249907509398,74.36426157921483,23.91707551507205,62.9399502423405,333.38111877613613,155.47990164928584,171.2492715045758,104.78168130009385,272.6232213775249,3.85929490591036,97.01848267086,153.5092154512566,32.44354143985079,254.86175590773652,21.833776891616697,447.0891877654913,15.337621746657316,357.47040276508625,441.1666479407623,347.13291152819977,312.0537165306859,204.91977620480296,366.5160395608918,41.838511516675446,79.74203883480335,173.70153846709113,383.8560485350238,222.30069912494994,177.12967786767103,294.4629655623953,415.0539653733714,343.48642188301255,36.149425273718116,263.9320547328327,206.40264678625292,457.0226349449,236.80828801407384,254.39947717145523,229.3848093845846,387.9215171754139,150.5948888746579,227.11186986607407,487.7784305523241,292.2120260902589,99.01884456113741,54.53899715582455,421.278519826553,281.0828170424987,256.5722170972599,383.2306991057945,180.17007524894746,461.61725664890315,209.17952064021787,464.2940603565533,336.8125436197675,101.0025895089614,217.46509861964475,350.78634859651527,117.54282353081224,471.40802555694256,412.048630886704,243.4264813048461,21.773868966555256,334.17997464732696,331.7883089172955,390.015057754305,140.25532024087002,418.90674956060974,287.9118292729431,301.7562802299325,114.97792514847089,312.9319852257994,416.83287632809953,231.6953613119964,99.39442028582357,324.43835817878755,216.5034645202592,366.38821299835143,47.38759720144125,118.09107162452148,106.63774408790039,267.8424699430072,446.6772968311217,391.48253872816923,310.478394043046,115.71678150593307,232.18993881995138,317.4008804856686,15.144237416089945,409.53195340056953,454.73673400517225,408.15850119024225,268.9800522101464,415.2836813181852,114.90029187196288,177.62659039253464,149.1199750327784,366.2175510529058,284.55310392977503,256.8234801490224,89.98514452650963,372.2064287065334,497.1947701105358,422.82863432322694,317.4107123853913,244.10940733969377,353.92747270589496,171.33492989843924,380.4832284141561,130.95870204539256,30.7728606251611,179.74580735173075,182.68587054278268,189.29356537052766,323.7752712238118,23.94149757555808,494.5152140278129,99.2085337837898,351.5052002916516,28.550857520979356,134.10970404482708,467.9535195792002,120.80104228046939,413.6867480293245,224.6281119988079,372.82954063677334,468.1015108135321,319.08668375177336,306.61458095077137,489.69259503649585,329.0364250127599,486.57522105522975,210.66605275987766,92.87750529317596,43.439519520207746,144.55529646640574,235.0998318360889,444.75915569076284,58.7213974463297,419.92464354194067,235.40918927893034,360.16263083882853,321.1565908941633,273.782790905302,397.36005326541584,53.420067394031435,400.53232031016574,319.60992142556836,184.66174698900235,106.74692021012628,317.04472983198343,178.49790659051672,296.2105323836397,119.35079680708449,241.10071021941047,165.85984278351006,12.348296388806357,482.9432310800816,98.9191830607541,78.10948224132879,368.82062231493234,300.1702105093693,82.28066195638523,276.7066376350969,447.4733314464206,64.09577261684495,434.4236274178619,142.90073798834467,420.4646061029628,429.75419940667496,282.8333686698919,284.38647691268034,410.53347473258003,246.30802553623727,249.4177242580045,451.6823154463958,316.8061978954541,258.1315255669252,299.73316707160694,195.8041532167273,430.73310503142807,378.31666488172885,193.38040212044987,360.04438004241905,474.1748035638841,358.2311274758997,227.65622550362113,163.32235244433886,319.5438507060218,179.5200267334511,407.64855765574964,485.97605951253905,274.9648948215012,51.42170292319875,59.06607480397824,197.98406969043282,339.56995625483427,90.61419550208672,378.29034378245103,326.226031614676,17.308492973471257,191.22693121790206,273.96696786638086,201.3176608898551,376.8879226683042,386.23569963415093,185.0151736319654,196.42808615777363,448.04779742479786,112.18355771452221,216.0737978218329,207.9294524833207,3.8637467386453683,349.31741261084966,76.2579143091373,432.02364237987126,160.4191585020037,148.6806742890348,14.87923793219914,119.50119570904438,53.49627091262832,308.3972597778078,305.5138656539409,411.49746768595077,217.5282065617014,99.14252681581137,263.2646292172358,373.69287701983376,239.42886775085282,250.81992970242317,241.5839886607601,7.9240192031219685,70.3651678535992,146.05381390197203,188.2975770472753,57.383443912835006,376.5391869370647,486.0568083278052,183.5341959596914,102.16100376385617,74.18369341478915,342.79723931741347,166.07838798119235,339.9472546802763,154.43845498062754,426.8706344324826,399.3399139121575,283.4853456200418,215.31460677036185,442.0300050610806,61.2792758184586,28.19437689855603,317.2338812124025,387.2709805739101,363.3432217380759,318.423068632301,336.6589300977209,486.94240985625953,54.49949002530802,363.89175316245735,30.9405721477643,291.8411725584194,153.05034579676607,125.73397117180146,397.10360069130735,344.8505782479354,484.53006992483233,439.9321257258978,433.43900828576335,331.47517111976407,77.74905852617803,487.64697587164386,22.989105097226346,368.12047484926546,6.2035743162668355,194.57274251007078,449.7179826214933,303.7834289593204,422.24064897684514,177.48062169080288,370.77506128763895,396.9674697220953,450.4691894823185,223.9612879738422,24.327955370665567,106.37986445824083,156.96753513880506,119.37181443278733,115.91553617656287,447.6185320295944,320.09487367211165,317.96314750322074,121.1699017409869,438.3385775496854,347.24644254846385,470.75760328638864,36.33526795109488,352.9605442289448,4.855368149163819,63.17543860594904,388.16420154926675,233.7161357196164,247.5943834577218,470.5612638719853,38.56550776980699,143.4663982657403,136.22013018659106,192.1094725690334,177.37412891774113,98.02080805437835,217.09352102377804,319.930555947684,59.371333814048135,132.56166309009149,344.90487052020626,23.96156690968121,96.91507645052855,52.00092103996323,457.68795931305027,19.725351379836166,188.11877483462052,100.77714485187933,303.7769695445046,94.38080027155749,375.9672836704084,210.30107712091421,209.81240311299177,343.42142484868924,485.84948821037744,75.72627346503391,158.3043830378922,7.354308096900574,252.49829971539955,66.91589481563692,15.022191464697187,191.3350339868648,229.68269410617353,66.10464210901773,453.0894076979119,20.682702872462155,200.1306544629765,473.64259374330345,279.0739157327835,189.8559220578377,95.860926276707,383.225190749482,199.8316408534032,169.73871465440615,82.82188833570164,9.820063703503745,290.9162299192758,123.57547607369045,384.41851082482236,27.024710039796286,88.05614885363805,336.0023108009498,453.4980280761491,71.6297471095499,93.53626594403896,167.65542529403305,43.448269279919515,292.24721105587304,294.304562944478,316.5378590792242,277.49222177324583,139.46237987424763,178.7008360550394,291.83387146996887,119.37912059189382,320.8662960907778,326.4879849089943,96.42725443138283,149.77694149672843,55.361397691184536,304.7477500069041,353.0312600735602,443.6601620097467,79.04694057027056,284.30960856220736,300.44477906828257,12.221997039711162,60.84108068309696,79.6704614809281,187.47840614653572,370.36504547320277,376.7498445359611,330.59858023691544,341.5207600009692,466.1517295641267,365.96386679255215,214.7736929231843,442.0705869655286,273.5792935354612,449.71435568010173,380.03182070324124,71.58372923589145,284.0629374073591,217.52868833195106,251.0625678229687,165.1519204225944,477.34143528755715,282.46342528677684,248.25830685804274,394.48629756069795,105.65577969216983,235.82005658027992,334.612799102931,317.4451141480594,63.200393982129675,424.0463255933054,428.5763227487157,470.7467487890799,107.39754596029644,297.1611597468472,94.29185391859885,431.1689707032861,495.11297027293824,451.40013881730295,115.5810845125051,483.46258771799836,491.3161377237617,2.0540573924264782,293.7422953514496,180.087681823697,277.4859890843878,160.90253459928877,241.74697741137285,249.65513417980563,160.45773045124284,338.693696442456,188.97961116623785,20.979875817467185,266.8074160717475,118.63859752512617,424.555454655717,309.4179386793361,19.178003384159926,495.83747125688166,89.67442587869229,304.98153008276336,229.72643765369278,40.74318103300062,42.57883652592637,124.01428821443089,106.25573115168241,132.36778233608277,323.5874752863667,366.26626279128294,420.1000537352652,15.345042172075162,351.50220881144253,27.095183471252337,20.457761094728465,237.90369408053652,95.36955053793555,183.57192679460138,239.97159311118588,246.6150582749525,1.8708195960029372,153.7902714607625,479.9426786302491,361.25418634389337,169.0733511484993,463.009088145833,169.83181783366564,394.84333475747997,372.320343965528,351.2579647821406,130.76569006805917,489.1605741198862,94.37818392777902,107.98294748873883,284.3277934485377,458.1933188871589,149.7953024918377,147.92885394674383,155.85868230337158,374.0034555216716,58.55074764929519,213.23770474781523,42.3603370374408,287.5410934882407,467.06340270600646,330.052703562934,447.66303700164383,38.64095358891312,263.7171712887121,32.673455966510446,395.18864509658925,102.54085506569099,203.37314936153217,428.6779240048223,112.12793854601327,168.98175680950933,404.25815720808254,1.5046061253078946,153.68332112754112,16.71209687555025,477.84713450239343,305.4372927056027,352.05032154981626,489.5157772423157,45.097190322071654,186.1489741011937,424.33112101501735,230.22868938501117,352.2324292747973,422.74882372893813,49.45495365923186,137.70070330579387,415.977165418924,162.16501326756278,221.0933501516773,175.3284562133961,468.2091218648815,144.55441991094415,201.22420097120818,337.5092227169914,88.0851512390603,94.85298217640803,297.60438542158954,109.09646146369067,202.5948625321634,78.32162220273392,332.3783018456786,268.2755642282648,142.37300263406323,273.3818967720098,254.65654866645164,455.1318600942838,2.2059849052402103,314.37673213705034,412.3900696188196,249.23991189560303,325.44923242981827,465.85660629422955,444.2021429728491,249.3846305579741,184.03121219467488,34.15059753911931,367.1759971105295,132.97856172480576,381.05407834836933,383.1272332999717,170.34986636877113,407.82306408230573,253.59783785791984,27.073303186267715,391.8363632958394,171.97417972161267,141.1363194701007,49.531066097900144,216.99370198857233,310.15996271762504,63.712552670910526,280.91855777143945,320.17874131081294,225.75112622468214,22.78161293841724,136.3008095999742,145.49164976160793,238.98281900098632,1.9256135284762554,260.07460022509787,113.714945134829,316.0732598642599,394.67922796386887,119.13873074495751,222.9204986916774,378.5588712216569,64.28133156499743,333.4915801854269,235.8071938028961,459.10111499123144,168.83904483587452,388.63863336803956,30.030378981058313,103.69832022094772,435.78248180231844,77.55000664132949,351.4841281578358,432.9363215221698,263.1590944417653,93.47224151292983,361.4320723711743,442.01204141720535,203.6257806371569,499.4318863460558,326.1704552527558,13.084294867210966,154.5011384347728,410.60502617444865,108.8623014937466,109.84326704434311,203.1671331337976,91.54513110552692,57.15167778942887,56.74869910757019,434.9253360279234,141.6927073656184,47.90587199802798,67.93178504653424,429.15479538949256,195.73735907695095,95.74465235066776,88.68196047846693,307.25698676094174,318.1387754584083,483.11652772053577,256.22906989871495,398.2309961158745,2.235031130269738,0.8222175225036099,432.2935492957735,309.8005661142913,293.2975995963638,341.46343334973,147.13080030193876,158.54093504415079,216.16686491570735,194.82223755515176,384.56845260420243,303.8876197708981,241.86762403888335,155.7651472837462,200.45107536003488,397.7568066253162,289.5329440111996,394.8084662485843,410.2363452823017,88.20625298356121,188.88555794262996,455.7930499843039,456.5742993724848,56.63678780946329,372.35423606535227,290.3004329763836,77.27515012526354,231.8437928926548,383.7756512539949,106.46725546762548,436.2869328700021,239.72578460277816,51.20381740244051,35.97690808519921,321.82409176280845,333.4333983601811,225.13642393201604,397.1373924304416,227.3075965787251,132.26845012321536,31.80685537597855,2.2883309182246125,11.171195334358009,342.30363418561717,250.8387482903258,30.765133860671035,450.80732067293883,89.46589754683998,387.3298235069448,42.322254724889596,450.88886368091164,104.43356596642373,438.27927658605034,247.4137216357497,64.05659625526422,443.10719400505906,112.24793701418051,243.4367858801308,414.90842009216186,442.22743775643755,308.82704215523404,468.4326981307805,141.24845169578336,274.9006977274156,410.2774425836198,373.44386958234537,217.50126850758,47.969958462023065,354.20350928258773,299.7433248818177,232.78762434906247,255.82696176868237,439.9768462695345,228.35001740634758,4.566787897064051,271.2844401103879,362.92684272799397,315.0582916713204,394.86748416180643,499.84317008394396,395.8155658253004,205.4384661332241,156.13723327945056,362.5251027512263,409.5764804016802,7.974828244090515,144.20617190653545,193.5418166704752,478.6324205970527,241.46016155544987,72.84280312879704,171.5910962226298,54.42342964450925,217.50927099034456,3.3377025004824867,282.45587883470074,468.5380875401353,435.28397241367895,435.42678646884764,112.36048339595011,159.84628640773917,266.5083620408458,466.89353647324856,206.07280674553817,424.53958186226583,373.212898087497,96.24760960311485,54.63194623386747,282.64736614571973,410.2825968365179,101.68266177217194,484.61734711468256,209.63660406712563,410.69895501968915,309.1387720834221,236.63757926048262,227.16117748853708,78.75495550557682,223.92854468498902,312.1231907794508,3.328180582297835,196.58337248403456,408.91166720069486,269.9371253733498,425.18455609672884,110.46781062262079,31.802290228069573,7.408458220156677,482.5066190489257,447.3807654791053,259.73577985506716,113.6425559339635,240.13714928933882,489.902052261972,387.13249509905364,299.17915379347716,384.94743065741534,195.1278820653044,346.9725319990365,369.8895153787873,78.48094653724964,352.46345174246204,338.5329350186255,2.6570116727738236,461.733024931652,50.673086158330214,272.67604205331116,275.21104099864056,43.872776266596304,352.9121790286439,372.49285187850325,167.90867499527073,52.345139673651175,291.3318122053161,43.63739779866255,238.0579371271484,391.01247777725655,333.5364925257689,187.7100519401001,154.12806744057667,109.3786115298494,260.89869546021725,246.00413565242752,139.95837109987335,334.61932390798137,477.3783675159907,220.24488070129829,305.5735810200111,392.2509299613982,332.9450348858572,29.764726512021944,190.36916984772844,444.56256644933444,7.791665256754843,227.09568031689543,317.71324130140954,156.08728684210604,370.1789361604854,421.84608063814176,492.6545729084969,33.514844374599505,17.62474731758179,356.79865391195216,235.78103198851542,467.18609164410765,237.7739410427755,136.17009994853535,416.9813612704878,52.547005879090506,120.91285806775598,407.64449250945717,337.86351552141525,466.896205240876,153.43535646534357,361.89278271451167,238.93793607610553,71.3166221020452,386.2599885557507,333.4622814805704,324.5170710874879,404.536048522325,107.25596549520633,25.224264780987717,172.64410238134482,434.58192614169104,275.4837730716812,353.1404948455712,385.58849728433734,111.9562948711179,96.32165757716076,217.5469104539633,398.0688288792255,234.66723782875155,25.59446281360711,430.04427412237584,293.74335691655693,331.34975023479006,230.7855431640708,293.5001896987436,81.05375274410758,227.77408532712835,334.4044900094704,391.8502855476756,325.16590311632024,459.3266687659911,5.419944036693048,457.18160650288996,111.7286146642269,372.46702569763505,460.1050777929634,145.4602758842059,428.0781194914367,278.31368011873377,25.355968233850334,457.4541443982004,284.3245015135741,166.3422465767257,307.1926449436134,385.5897815527109
475.34023957047174,331.67083925740235,32.33606322082178,444.18106673121235,142.63632162793365,399.6267708139124,421.7019618385543,329.08515252758195,36.77970387771984,194.88050210886138,143.77573398571658,111.32539364700573,157.28583667024648,471.85747015394503,224.69175495275178,460.28013968204436,329.48517572480927,132.43683075363754,243.92000344008784,227.85086830965707,419.04185104407117,223.62307739899418,38.941676287133134,122.53026705208275,490.44986965812603,333.06960663296707,393.9920072555223,159.29965627728953,323.7061458074679,469.8782611085761,236.23135085951685,331.11677127194343,49.40414929836101,427.5246767447165,18.11422715703165,15.888520724835598,237.1113688741901,15.438681124629872,214.80959198689953,381.4287874203782,237.14757655420382,16.644613931177943,413.223034338177,94.80393024635092,149.4475881330269,279.8582977409113,29.60858999200361,440.74403402481477,178.31541537942118,16.361746915438736,245.01698608564226,188.1011008770434,98.48334170898477,453.455331362245,395.9005441789331,365.4503562185963,17.50185018729089,237.95995985906455,152.43107656911053,131.5629659601667,163.9468540892745,384.41984845707134,79.05986305294488,158.7219093383892,99.05026932234678,78.9096390653447,348.1741411002639,434.0678354087954,42.23776094618004,26.886367983703362,410.79374702215193,91.22171400387136,316.2474749532521,457.08606667860903,89.1347024070312,52.71773395093704,100.53622798300432,336.2916288715557,429.401695853989,438.8544880971902,176.5971653718909,376.51598292161856,388.4521995581416,240.9365999903515,318.6825614321616,267.3091348667797,399.54388880206585,45.774649282160404,205.1197016049756,70.3071672933151,203.39331051071724,205.0311238166721,56.104165263205886,497.6700707174027,114.82060508755515,108.68292834235338,120.98081409416334,283.60541005857687,453.8757661361088,338.6477451474478,497.91672744019274,109.0682325658261,193.96531749897377,166.99078294923308,274.814429999702,353.3648047833812,236.6516199466344,217.06608643167579,89.49115396672092,144.60168219395692,184.77349263963205,100.0753314394956,342.51380110582255,75.02576833948204,466.4064997207234,422.84479078841787,195.95385466955167,461.46142457881683,176.07818975652884,72.07148600721885,176.49225197167405,469.1353057873274,246.42652806687553,32.14465955997042,330.274872959099,246.76641445039954,153.79342106584332,398.1406040071866,188.02423842920436,343.78032514789766,187.94753318553515,377.96404484646484,148.205379857682,83.14662251048827,116.6674000272805,309.43065338825954,339.99727379388787,343.103184576103,136.84000604501577,177.2545122250656,427.09016698229726,426.7901619988544,44.28890155271914,179.10351630101178,13.370584166287891,99.26232098510829,132.75722926416523,477.906048365703,181.1373411762428,242.39501886870596,452.8008857683127,198.82678842373352,320.6452201183385,407.08804474255294,132.56913408404597,19.65121866044456,212.82106602455514,348.37224384998274,160.6568668704456,186.2094857438889,477.7985841026055,326.44989213061586,30.842031581687802,455.1580685058229,197.26914103087134,310.3980783740009,393.7401693819862,64.00653496965691,430.7311914248799,135.8909495410519,461.5453756275274,478.60299631837756,307.03731790198157,229.22542296293773,216.86810306123422,62.40541383538195,282.9157601705994,486.4604274861203,317.9286699942875,126.90608026644173,179.6238801001539,275.37190985787726,241.96853584810796,120.5318587031945,164.7845354923107,194.052585283672,127.46502491730588,497.1491495736117,171.73334201819256,480.93704671291005,354.49976861478575,138.44366373747985,194.8451596322683,299.0284509870245,493.53623676462263,16.04751235126556,51.67989970329756,460.3048456996188,59.10852470146294,420.9018346371281,95.29259214692549,196.37924652999723,424.5230492665622,124.10223157427086,422.6864699393087,139.75254011012157,474.2507168559074,63.58244693153481,26.226692565327557,144.41516711006525,217.51526773985873,97.50299027530029,108.77274352123672,205.58043564939615,250.10676469136084,89.32878071984507,111.86515307195921,248.58312081109958,130.66263169720838,41.100741776695315,200.8136943752013,222.0374617794152,168.25388945620756,48.72903408211271,285.4228039946109,39.27608032373936,369.48141725370243,408.4551404176666,99.64365669855191,115.79235505951452,214.71863379927842,27.114416259859166,282.33980855611094,40.69296469346501,204.12569771504724,118.67493082553644,19.580865746406385,253.7597565264772,415.80315039381765,122.32705220192058,11.243207700136592,496.3231734185989,367.34065665489965,344.621718341047,281.4637400054659,142.89491511322322,305.70029628709216,454.3389576917405,17.181275708459786,100.47173003375465,365.74159339305606,369.38066381253026,177.42665100485976,302.4852206318317,92.73968982145314,244.36007410333028,319.82878919319995,8.423427946974925,299.4175489844301,476.2098415386156,420.5564131193844,416.696209009752,323.8007347636222,11.307651627813165,174.7181565127972,470.9244194822633,263.05670192051275,210.75859729899392,470.92879590154394,30.589870221010894,144.71047403090725,260.7505413778249,49.187951935079965,268.734675761442,396.7369976694663,14.158957531149486,402.70890655923023,96.5417708415312,26.156854915797332,378.3623004796198,149.9925403239124,280.26867076576696,385.53784667660545,364.62997865861456,347.6641630786756,336.0940449598154,90.91572072393878,296.4569428795321,341.83656203720864,258.6999027329522,464.70702937886966,323.1145110244552,65.68081133143328,103.54330652909077,454.39863614925036,410.1155164056801,464.2915413132721,323.78020815776523,192.94446279034565,247.74952027745212,91.34967937287358,409.13138626655996,470.8384867835355,386.460241638506,181.5964810509329,371.2992320098523,151.05207106652813,302.4338463449113,448.2121604837678,233.59924413907123,156.95056787135601,130.9466018145032,124.95503416346493,93.35250716759258,447.6188897419616,222.84590024487576,227.98969958884086,212.40730867908658,228.39234008040543,113.17650388683109,296.86085447528313,422.6786135044186,392.0523981710184,24.13146117066678,344.40520015369486,137.46209544367437,249.29671345221084,15.22163848468966,159.14702328103115,192.80339472596057,335.35581351584926,87.82089297400341,162.60044947058648,371.92144310220635,332.2220416947754,366.918017849817,396.03661831019264,416.87564407952124,26.32212894500241,381.39890916341136,461.69310256733246,181.38132488843928,396.7080758062386,16.8118280666546,91.24393342267561,324.25609123329326,74.89995519768577,324.5704437185265,177.83779210966793,276.9769179828723,176.66568373342696,151.79725481894147,392.5889997034627,191.2855975934159,223.75151081739847,182.5358484665838,154.0712934511254,495.5517298191849,228.49443732443132,56.04680711994098,123.10675868262577,383.6768934482097,64.35308159147823,29.930224056195943,488.5846019074641,450.5668664496903,288.45171873946305,351.3613954522525,440.50591928041507,175.43142999406035,420.93691116271214,63.943832630018406,250.45057230764667,158.57705401091178,237.43714594726904,301.9748761169033,72.6365049354315,124.88902308393062,347.3801702094101,20.94922459889892,20.99769268438234,133.74961561700061,273.78908281875505,205.78580459016038,18.102803463020457,63.72823312831133,219.49551202578505,261.77088369129956,377.2960157813981,116.93409511693903,269.3181519034801,377.5125126009341,80.95618418231537,363.05760562987507,438.8161110584679,372.9180037700436,198.32362205429556,217.28553992583966,394.3977501604589,261.0669697284461,317.51080891018796,25.734611995753497,313.3251869450425,120.05159480043598,247.57232199711854,105.4047339433033,420.2421902707673,67.74452627116429,74.4410403149145,436.7808715795615,453.8614289234332,290.35630995791064,346.81251573571734,167.47275199388517,171.97189093717674,247.1517353118281,291.726541734082,331.51141590876927,166.74699355203188,242.96040120594003,231.58620779453875,433.73025209538565,483.87716405493916,222.74919982730123,66.07301998425335,329.14721839243475,304.10176617553395,34.56104199732501,385.786399378657,36.18798449394445,318.22307106834813,352.3184172222549,378.27723694818496,66.78587419649385,149.51523923785226,141.5471529424665,452.35377457241043,217.82021402779867,169.90079598840248,140.81671180977096,437.9982744076957,490.7763219546381,167.0830561668878,468.4733485245538,469.8721111480639,153.15038542523106,64.56984333529381,312.65284652830593,404.67224603546094,217.40034712222916,81.0872770848094,58.034433901094864,314.24033890227525,414.9916095612438,151.65586423412097,466.722447034066,91.4810390799648,331.18818523515347,264.5621105995879,69.93948472837924,345.33276844731733,211.81080902903827,261.86428586473676,349.723109579512,147.20844789545112,437.2705830753063,332.87676959204623,469.60638898127723,111.05510032196975,494.8351043914362,484.47479164932577,402.7762678517413,460.610592925416,492.6042154671109,249.7929991719429,16.180136594919293,160.82399866495294,86.16319859393145,138.29293982614433,434.7061022532396,222.56412202194537,291.5193177642722,214.2372724336264,54.732385041666056,183.67048362598405,170.10704751884282,209.21381677575434,186.71076577608264,71.03391601210363,150.2450779318682,56.18136858049966,54.584506777662526,128.7954106721544,181.6377203826572,189.98874578314695,376.3045548905434,327.4501364321199,378.4357611262196,344.79175654320665,164.1466794356695,233.5242646397258,76.52546683824674,424.5193939271044,139.31550153491634,402.31731023870014,164.3734962029947,175.3417570933129,348.51448259252487,134.3642256019774,142.87032911258873,222.52570064097188,101.86117911397952,341.6603709413177,38.91580496945502,28.44463755076593,389.7164027843718,167.76586218102508,332.3993719333196,58.301729669624876,40.40313764272685,77.23516851267725,259.3297740061718,18.787757227816503,99.08440808423974,243.01954349121274,369.72797356347706,214.93620741017827,418.64852121698846,118.60546161200841,216.5861639895763,183.62169053829768,274.8871420554664,474.9085342590872,105.1812290723501,253.0651916850496,61.08642453136209,11.441803825597619,102.19588676631386,188.79769837118405,195.9507444957923,203.19771346579873,263.1175147126261,113.01778841814675,210.8127187594387,293.2511835422725,184.2610248212685,181.47713942463116,369.48978346726705,124.51170486711372,303.7698992676309,240.7997775543193,93.87218940129321,135.77613123053217,124.16752039373819,496.9545177465769,142.03826647186852,84.42137873191491,28.548931259494704,84.25877345885257,17.400885247798147,4.353858660516852,137.64102795827887,341.0044991586124,317.14674639320145,261.94036363564857,408.2995991550487,325.85864708189507,277.02354285600154,320.5063512148701,218.30761844633201,125.35530731928051,110.75164119517622,306.12129587250337,196.3676105776359,383.5600803683749,375.0718480758151,138.97364550024665,386.0784558983595,424.87708204185986,300.04298166921785,476.92654981640885,481.04521380231057,224.2500173314894,255.19405014228664,384.05778964915527,349.7185621068518,166.09100471502057,495.15434964777654,411.3311417251678,291.66243878996556,17.877219217904194,171.5818102061473,113.64777061380404,236.10374419664848,473.5561915511055,380.453355144566,61.87345560204843,292.7549158791552,494.1709042477243,165.2684554073683,461.36676340239677,414.2782704027351,251.57934250690843,424.25730700599667,397.7845824035136,423.0718161313728,116.11683930705658,127.05148227692187,37.84282977018438,163.75317272387534,298.16453504119323,383.1153448989141,65.11166767986832,108.55314701048152,210.10209043252348,322.03797276609816,491.3645773073997,281.0562827385994,356.12340986221534,8.893157595543933,332.8287821055146,277.29060673300773,80.39853980028094,358.58261620366034,484.86153351158544,7.752679768764759,444.0109455801592,162.73572186744428,49.362064785263,463.113608452472,130.3049136304706,255.34503099127343,402.7361075567383,454.98924420454097,181.90607995004544,121.6035120326932,428.8689811522822,224.40149034952904,292.1724615167347,144.7590046071036,461.50129362226465,314.7526489271675,36.667044764768455,106.87608418005334,453.7101424435416,386.2189752684481,123.02020168173455,405.4764184350042,320.05029029631646,474.2488264294489,160.7538549510415,369.26658608196504,234.131823033938,412.27064863341354,184.2782345816514,373.04469786050066,174.79417005986858,373.7676800357336,449.33304867708307,419.3744122599502,456.0604637917895,93.20402839837327,206.25809924547517,95.29764536104557,197.01984020595503,168.65545964058975,395.5671435951383,374.20476621408494,68.76269752883296,407.2564581194307,435.59202752620087,200.41444316285938,446.22557230883297,38.49980052469054,327.63825871777794,27.935057862466973,343.3911807613662,423.6977154138522,213.91645624672944,467.50521956378975,219.52081271261292,181.41839317117314,470.96399844944864,258.3313001453682,61.47738645165229,178.64015483101136,418.0097308744716,29.37102158387239,302.4940325454045,380.6355285341686,449.9826689131823,332.6879382211789,132.47505737728758,250.6768694908228,411.6658375054023,480.6124626247114,70.44323021078192,337.53804020667025,88.30414168726591,199.10122416718247,21.74123892297669,30.780202004363655,244.6032797462841,160.813823767554,330.97884942590775,178.95352682694138,341.65613748762456,147.20113694165843,433.0134745390224,181.3526269130199,327.58288380817436,342.76507700870155,201.77330710117107,258.6879311666381,48.86038122265413,261.6010974927791,153.31858674228866,212.82529660460625,363.12052013034,196.80019636761432,417.7841313766343,148.25750996087166,116.25765231181606,434.8941902770536,223.61588747434686,80.37909448037594,359.80455217393677,267.6506203200838,36.2553980452634,219.2182770762478,226.90599738204327,217.09531890679946,127.24575867219151,481.8379310446074,13.698582762446343,414.04148786739984,91.27745793101177,459.2754099113981,123.21257814322529,211.37772693860657,243.9115720831137,423.9986828414348,91.60959544009934,209.35422684413456,231.92445400691892,102.71090641644237,298.281637089417,453.0110115931439,246.42166107970604,317.44549774427986,228.9382991920979,32.32499220367191,182.5154038002821,80.01694479248245,144.83697194507965,252.01045485243716,297.0971902797599,238.9971983554402,224.39959944770055,392.33499002573234,481.0084586718615,335.4788529027756,324.3618684743195,306.26838046222196,352.94472226653284,312.82231439401363,59.346600177244305,115.78520815070308,53.168229378839584,386.0087473080274,85.18753319212585,279.1807096994918,430.2888581963714,125.04709885493604,132.9220578435345,276.12999684535447,421.0628163366199,326.4021731646801,185.32512882419456,117.24122861125925,453.2313818720636,173.53120217208945,184.49298066077336,400.672162793935,454.6229340558862,164.75537939604678,214.32768922676814,80.53347169122004,414.5453828673258,224.93429706554357,426.35603654914405,374.0513847143708,125.12059524165092,200.26929458854232,316.8376280787835,328.6161405589859,496.9800006248866,422.6088549245323,141.51813927752798,365.16940178617523,286.1070895451452,402.4010783116634,229.03041269114212,199.80553494544955,425.21966303887314,309.0182437000951,39.97103123773066,374.7334765076248,424.5791083665985,237.37653069975667,259.6610358146368,183.30387566693867,197.15063193477843,359.36080547830255,301.08867312412906,58.02118763003649,482.4204757382666,428.6455191082423,379.53128154411735,418.8214429889359,299.99692689939326,265.6797917111349,57.255843972453256,379.8874288092368,69.7548418960377,200.17319066442258,146.45584158788898,393.47285529798773,328.4654863607287,28.91597485334868,140.05876052557159,137.1164909479638,231.45910870650914,361.8452606894291,93.54459526028164,338.97657278804337,298.75920552390886,170.12663462234377,444.53878234561114,253.26511745861325,231.23024295095428,167.26932655932598,407.31349535057734,30.577359398096082,446.1036215116357,367.26808720393217,399.8687180040602,418.3894305512173,299.2965089206953,400.8708329326572,382.7931335225009,382.44702503663194,8.358961545614719,493.0465712200173,239.817701115279,10.933130076950736,237.98669233641095,40.798776378999754,203.79884029230539,361.7654772071808,127.48371896878002,267.41396560994804,65.68519118062616,295.2124028636382,288.49158813500827,360.0799331061662,151.23258934471073,419.66230976475083,435.19695641354525,359.81590444946204,381.44499006235236,9.175367579499161,475.3680584106614,259.6541572926283,88.73923748133627,99.55549936274588,128.86315732515246,442.5431976653449,395.8274381257051,468.3357144904638,441.8784979579052,26.096114885976185,476.0536087669555,368.06241489726756,56.31887164787264,248.89956901281263,191.7786260372407,211.22044162810988,445.78405420884786,50.906414181741525,241.72539682188494,283.5104713598858,113.87684307330115,84.3352826025855,447.8078558426673,319.95564782606357,259.06429862508793,223.306819447053,417.6385804099576,18.8596653110088,55.88779628232216,245.27185349935715,433.1517174631459,125.5773116130125,86.26961355335389,458.0924745008822,348.36548994236205,267.8431343097599,137.992792084496,18.153983157933208,127.47138444172107,165.75151979855207,11.063871300729833,253.16239130770361,129.19039060827802,418.81978854240907,381.0337552884862,307.70729726944063,426.2229237138387,245.25773604351437,235.77667331406698,410.78108146545827,95.33638776090886,360.8058020441924,294.681359820174,128.1358198346777,493.9325051646974,11.665060531882155,485.5608119454703,447.52078229415673,466.89568580763927,22.994480806256824,217.3164608026803,41.18563035727424,179.5685610881394,240.99022551127734,181.47601058793893,329.79687332231913,222.10862512424163,406.91863835572,478.3199627701545,350.2079253638885,65.55146640061204,192.49234476306103,260.75253988788484,197.44162635075324,298.9901612868832,283.6676714568503,370.1936112014539,429.66349001287534,34.60208245910423,178.08142192981984,457.4150789993799,375.7183701211875,433.05953095603945,114.36896793412077,15.17420302835748,268.15541649169444,11.283214949440957,321.88544649334887,119.63841808592484,434.07013208301294,290.4777625034172,228.0267082663262,201.56170189875272,361.2677973032685,192.00537219011744,45.90483686971963,165.747259209732,249.48486888065352,421.36581409488963,307.4095921959194,322.2055340303227,478.6317650603866,123.60908699212337,365.0841958226572,443.0141117336072,81.9460520948032,477.8219594062414,180.87560309353208,337.2548447254793,329.9761070750297,214.26132999250612,340.64783135381373,167.73877381987157,378.0597681622844,134.71675949996586,139.3213402084707,202.73773037783837,43.36625672240441,465.2692893390053,229.78167013999544,395.686322910921,347.555307714651,46.500237485933624,20.183685572922382,366.410561039621,226.7047008498042,117.36828913507308,429.4085015970038,462.9249942698605,256.7675473403881,229.73160220837585,320.0439841480268,11.939859975632515,389.85852017109534,122.77937585803211,57.46780259493806,382.25631408374596,155.86594529514923,394.59295742320785,333.53599953582886,285.93915056555204,209.6275762083607,143.2473472073998,193.39341931671373,233.127426769397,474.9443918143128,413.4307324647533,463.74372662057596,175.87063444085783,368.903919907009,178.09186580245367,103.26673790132523,42.469604139891146,128.65663687926283,386.184321546727,272.92537381170916,246.55549861177656,29.50938999370617,370.857771059274,74.8350780049149,468.4908953602002,293.9720831253727,448.5713837144528,281.5474220403781,160.1089485528695,108.0497541322391,374.3557918185196,73.62495995778623,155.45941599006392,328.4203908872328,253.10561129450483,119.58600751072107,306.1475021164704,28.951187280392922,345.41401516815336,129.09533942328727,128.73458528915205,321.0606864979127,51.92394732660488,489.13484226305314,271.2799517860477,143.17770993153755,424.62391960979295,496.19145473879917,432.98979064216405,422.4661177171204,478.9421691654359,336.2068630227164,337.1071367295452,416.4580391952081,407.90457623986015,238.11962502501467,489.71289721067666,275.0198540530657,453.0818572145946,437.716515871898,369.5818495101453,67.75180112863383,266.05221986421594,67.7132464346365,244.5446760640242,460.25894875577984,49.67433154029216,170.61086502230881,342.66897952235985,427.08244143440567,337.8662624504116,6.964264139207699,279.126071439176,413.2918771619329,321.15484597314435,121.33923706991901,126.17701480434707,389.2778714978969,394.30422248595505,486.0402050211015,417.94080155786196,36.05502063801036,137.15312834132027,415.3116713188991,164.24044776857895,420.73197072400666,67.13856136743001,134.96843116527978,357.36033783746257,150.412113031958,94.41787583345845,101.35415920806062,325.06377542003565,109.06015237397848,3.586510015692601,310.01531906065793,229.9129299784824,490.14918947670805,160.36944433593558,373.80968582401965,329.48901393965275,278.2369607175131,355.97891074477224,480.88872408453506,404.5526448676738,133.93352124587005,481.66676543216454,76.88139955055723,437.48253466662976,222.19239783916717,379.49660382874714,133.6377067871072,285.31701621427294,157.44464466396445,34.54871274473981,99.07261279393614,220.007174058705,463.8788038188278,67.04619464795397,76.20353126540408,390.19802043076817,367.7529127892129,349.5904079607692,490.02819274219274,278.0807865721273,168.06748248716048,408.756110356619,352.6958936293825,216.3716930224821,147.45456334689288,396.0830182133481,66.46281772881967,498.76264871880204,408.77321341623895,423.22487538403806,444.1034197168811,147.23834124128643,462.1496011413653,116.21219664168653,225.47339829855756,282.3322788078108,357.8190487769715,469.5176809938629,451.7903807294636,485.25524488621,259.96295019184817,12.090283431482607,391.6834405156269,493.46321147525356,374.8270175590103,330.12157918716986,385.45698893166576,417.2436157017872,457.62718659512865,270.17658170757164,154.0171601482523,34.18820422310542,174.7528455028616,185.7811528741053,384.62918964222297,393.9761314341067,403.9567872900877,30.08980326316413,288.3259534440641,227.66985609154233,186.58316497535148,55.1074935253591,321.43863317833075,326.3389415035083,63.59419876352457,281.020014954251,10.703586068188887,474.0836245360644,366.47884196219707,202.2893634858406,150.02856043020907,480.88099343954724,63.70837634665627,384.74452285710856,4.5355140977721415,155.6618885958102,142.0311878146254,247.39785627981388,154.52425792176206,317.5758163109972,130.39155499068477,33.162075405161865,426.34810319626496,436.63232140720316,6.325006189575156,1.1766136692670237,247.90384222316348,220.26849342051673,420.38190472874794,413.2409089875142,209.40587400155803,262.83164662207133,286.3420074022325,425.98119586156906,353.9196861754092,84.1011619635461,392.0852157998715,19.422199391069427,423.8061294896118,126.92909321462164,491.2633904849032,363.8339717810369,193.27091872191232,91.49345536177889,414.93592867927515,133.6524730009666,55.34513252374479,376.1134141786746,359.1208046239798,109.20045224503983,94.62243666968051,78.17186579770896,389.9332161677848,57.79904217170034,302.30547966993026,24.414293196230506,186.2320715044698,183.13482027761307,458.85325886003824,43.111419198072156,160.0256303444763,479.8806792682729,41.56862525779492,493.7767971002765,185.688484707557,58.7524409066697,75.58225440938283,434.69621846086187,290.69842462742963,1.9648083775717917,63.74063770862265,274.85421202637326,493.921457486068,97.21885760976635,237.53423851127286,442.3331345218494,103.07730904581108,83.10810268531193,31.10464641729238,286.6375601021412,447.45252187476905,84.65263270369134,50.211145483932405,413.01098300534363,426.5880023594384,439.74350468227897,326.2117978643745,431.00316833973466,62.75538683718879,299.23872641549235,2.2402370859223586,126.76323102073172,411.1182391189333,327.5019751662412,27.212478077331514,188.86951266429097,156.26027207840787,194.61855551864016,344.2342715125667,401.92899430718194,134.2234285745396,245.59763256914457,243.72789995184675,42.77941950636832,114.674736744739,471.93553832426124,419.890169786977,405.40641464046854,369.02927167067486,114.12772841598978,176.29109850737584,449.5670037261409,423.7579334453426,359.1323961433527,202.87183283552807,351.26598783350937,363.1322245031915,349.16346282615467,180.76693404100374,37.039840052371595,45.38431382804753,458.8913985888879,18.087726866239272,292.4033572733703,257.7988800246993,106.06496933914528,378.12965182669274,159.81932354697898,44.99017810676553,22.176609956976456,248.59046239703625,363.2979950189331,128.79316138360474,124.32731771324679,318.31481074701236,363.29692194323843,308.30754855553386,151.9345287907442,112.55456519829016,498.66763073064493,399.5816750837351,324.6028168842819,89.62302703496461,396.81868572586035,494.1667482294668,361.3457356434185,306.7988754113997,296.79124843960597,416.5924759553079,492.8917699605371,499.33701179023956,92.59440280146919,483.7036268204799,87.11543682783163,413.72934824959674,100.97921088475914,379.4330965993185,150.37977019458737,497.17125331378406,422.00870460211524,56.35499474027694,130.86645243034044,262.10784254148655,206.9651422506752,93.21194614760542,358.3975612211668,50.79552017863337,288.63392928778194,129.7192251560953,409.48264055795215,369.83388176223974,71.81712775022453,439.35173112140416,325.79240181774065,389.41494642670796,268.2128950947851,356.30326783056415,266.87034830531906,64.48630866557387,428.6200479286672,170.03733670586922,363.3887010935912,327.90190086194787,458.40148122399904,321.01374551768555,165.52596341442614,145.95276050059536,7.4648231351769905,282.21792903808034,28.034341882223977,144.03504030853287,402.0851864380248,55.08293969113509,203.97126867906718,349.82278767668464,289.43463751976844,70.56115711170274,26.217962555861785,469.34140931558574,170.05443917626306,139.28022160649334,426.5610825644761,176.9450169446113,56.62795530409503,478.63628824019736,92.8900955767386,357.9230953739251,305.5587978562165,460.64917618842844,428.03673558314995,7.640820502254453,345.4714245472443,147.90875475474397,294.5923515947844,119.47704656679092,27.251934143952607,452.7392414400483,453.6185561126051,281.2867323622265,425.1739688437343,457.60860960477714,333.4896648748162,107.73567376941313,63.79192129602645,415.2574116283371,211.77197042256807,138.33631941920387,334.596602993357,23.353056676608087,78.36484561327944,210.33026386781583,9.875353681657595,480.4570799365264,375.3927145825242,209.6880846843312,291.13951957672157,360.3251591547269,111.14881089168959,5.095625625595124,336.83187269556566,434.42906846998653,455.54712717068475,12.247458401416944,337.4681237336996,58.74692433210959,82.56167292199702,392.7213899612362,389.2143083393373,60.84308820440998,447.86716485469685,251.5921727838909,184.090912294799,42.24315225351194,98.73930873224135,398.42332104590673,421.9721436440479,194.06251274355796,147.95860104229004,353.64745231249054,92.27250704286072,429.86429564011996,54.77982557619121,318.1630581208711,10.247047651324948,358.4080097387374,40.34639084513858,0.3119947862830763,112.12403776022956,42.403599933821255,354.2326666152358,250.02673463872898,378.0778167414461,15.390048286013979,161.23220189101778,56.07383357438683,116.6294501148013,61.20303722270942,275.7068772157325,303.9506009561598,403.5473076165348,295.7725761547333,16.610240781185727,59.46450008126203,226.2645201326025,407.78091021177903,124.89837447154495,281.05533069037125,136.78610499090743,181.08096515941259,176.18405328540155,226.95051021586355,176.51005571164202,211.3211696384911,309.3660618174133,285.5659290858864,382.8895613810177,422.993373253159,80.7633185041743,211.88165281569076,202.53395938387342,339.8042228406871,393.741514719247,458.05208398670544,368.0390659045695,483.71708279007976,247.56608708269113,18.629270302323864,189.5921706479804,310.6415275048919,185.15418063820044,57.645473437860026,381.53367036766,412.56772976980164,490.115185756577,401.6207348874884,451.881768306392,346.22976168593675,119.34120840630608,379.8844622216258,466.04638886779793,3.6835590460248535,8.193634935636462,455.46299422801053,298.75340126338665,6.803751424065307,427.38809710921623,234.9077001786013,258.89029615918884,476.65695831284614,133.1051891121663,224.49003790370992,15.431819778568002,168.13966232807908,487.2447901736543,210.08455170361827,113.38386619120344,145.01618684331592,349.6296366821813,478.2487983149378,25.388518198025565,76.38949243984577,93.87232665239186,472.2000563046493,193.70573560947275,225.79929926258012,191.41914761790036,117.92121805315465,450.501460770712,457.89139015965503,134.67173953373705,114.565316275129,57.77411328197485,96.21393092915065,432.94542206064494,136.74475417882164,386.9121162922843,20.605897892790882,337.7510994455085,334.759226527794,494.4730031062499,277.6566945579758,68.28006538973963,327.12747837951366,429.6704895797338,209.82773626346236,276.8810108674978,189.46912010016132,174.94926207688167,33.628491717253354,284.9874504638402,232.0484439296875,138.66942739709626,325.7305318469488,107.78931068125641,103.00798918704945,496.5348224811206,36.54908782965533,260.7000352237419,23.626412920498886,485.39179094505323,379.56567399768466,263.40616812271475,138.23903746426274,219.3139264022534,254.916760217765,491.9106894624931,423.22605999807075,191.08249395569172,313.7151676020354,469.36888981919014,281.49350291002037,57.93923814489382,378.6970924259805,33.272612696679474,379.26869204231724,341.90666103734077,259.0590968234435,267.78544653671634,153.1351924432877,207.06534968373902,436.9248311582842,148.43038520735595,463.9582332711365,61.19925039992013,445.5380925611056,448.2193902291685,98.98614807045341,437.4234433252596,497.43453714050986,143.08304532571188,161.82843377486384,314.33853568733366,4.371391749193599,26.483472886696003,71.0829974689744,12.946157362313638,336.47941557498444,57.08569333027902,266.00961645486325,327.0678407284693,428.7556755404038,304.77385664219855,290.87656011748686,261.86872592211813,102.8253175447435,493.4219298995461,124.96423152878371,296.5411630672527,494.5695670328158,0.49575455236938737,227.74610374131177,452.6301513787341,150.29679976149907,87.46740539908998,438.1066759989193,133.1180176177128,209.00134866053628,116.18171302499236,442.5311774679941,103.03626610330319,221.98120146672522,135.03072564663015,236.0667184398284,203.70254598358113,37.832126524972864,135.8308645569275,232.13084324342003,497.28063268439286,245.45212588583064,213.60532527882276,103.16233564681015,75.89463369364502,368.80509992689247,418.48053297162187,105.25692021756883,279.73341239334246,289.68036713657506,374.00489796935824,435.48868302094075,129.36768167167335,171.04382494664472,259.42304114397774,255.84604901026347,2.385689971673488,440.5764282654103,16.78969379368783,4.850942073451659,217.52165004051045,466.7870454976562,9.681393871363465,287.2503549956689,326.1670914582602,146.57889791683132,300.6429376961526,303.6059696163005,343.59157574654114,115.45459205073621,90.13489266429382,24.374642944216873,289.84031034027424,107.60446797045009,288.4773254857832,4.702299449957148,433.62400557368403,215.71100616053195,492.44215464702654,69.90570475358531,487.88430582608436,206.67245381414028,344.6489071342979,137.39661176762058,270.32656915543845,150.33412887328018,144.62268212398848,249.81528987732315,481.60136007415616,24.101677921967436,360.78037375062036,32.853074042986265,196.28853968968008,286.1883619466057,32.396731561065096,178.64856642298972,495.0542858109256,99.84481095645687,474.2966686838131,457.4769456016224,447.79823344527347,25.303628882961394,308.94513491776587,187.2022430636696,283.21932392118555,491.09200051926297,468.24544513280335,43.41694423290665,312.416927918127,491.536605515741,11.59381834747586,50.398957565733035,335.254175204688,320.9652326881658,446.6205685443876,2.8690084228912283,425.159819188102,476.57240540897806,319.1641959374287,88.80816936039632,196.40237116982317,335.003236244043,423.60441445369736,424.9171980040439,358.9569333767764,155.96003899621758,228.8140845724131,441.57669254823725,174.63379718828247,354.17474755714176,339.23815517998963,173.83664477700572,136.96129161240432,207.22546389741854,194.73760629187336,141.4656594056361,346.46425149427466,432.9346175673455,176.75777962776618,66.04873231625719,192.19323303387787,399.8197250200695,355.3488972168087,409.798538848299,45.48620833482686,83.96842243042136,15.94783307327219,445.28993614175295,227.66290900633462,476.4293348004149,363.46849521462076,68.05891309391687,223.8271244659501,395.32168542163555,146.74091748323974,302.0132115590179,6.1812304320133515,88.47869617402631,182.3140777209001,220.51447613312087,312.2309206771983,265.6720394312221,349.20496185178223,79.10062019995657,111.35688016488338,353.57881919915627,158.80242062836663,443.53526710172525,131.53046045949407,276.24673669077237,30.968001539389444,122.24204217202511,75.67774657100573,355.31976680727246,499.83574538202333,294.0897235996853,188.36923315931193,260.6312381830081,395.01128867893027,232.78615093748334,188.9609262097908,231.1351257671745,194.67690033077568,288.051345568617,403.3859427070458,56.70034317041062,396.57807777984124,44.49140677777203,149.30890463132525,327.0682529496438,228.89228131803307,275.3960937836002,444.78351527286014,362.26797077642357,379.2313010012195,478.1918397187737,496.43342190676157,307.86409911491205,227.0787638521705,9.578464570614564,479.29872641574514,317.94020341238416,173.23619763911185,66.46039315232422,432.1417619866983,107.50152924248118,230.96640630648994,460.99613036416827,433.4207671240617,256.5707989388288,22.24406962057457,163.74737139566432,118.11556406400231,36.48167846747013,499.9090795911062,256.4194563206951,158.55732427402202,333.63687309799406,424.4686794099141,94.99262746072206,288.99617579354873,477.57916971598576,289.70338066626704,221.34262970685464,192.50026661240287,301.7007580153737,91.70499834401019,466.31918509789267,374.45998603788985,476.7920901998081,492.9829165538163,464.6937605624898,198.6250363515656,11.971310117573463,2.802721078398518,155.5747063130866,227.25888987515808,301.20117986359867,186.7301824175518,126.45015670280196,37.25417206732001,317.84871829037957,202.14626913904692,237.98768968706025,304.07834813125817,228.45760658969604,322.1852503754888,364.8263939415106,24.87066042031849,45.76994577752791,52.8628493308082,269.4659821637353,240.69203492928304,149.51094068981706,352.1252491314056,12.503913144831792,298.7990619719223,229.93421157617993,416.1310920493483,21.336735961284383,208.64897024147405,196.60704443631437,252.2663662878754,132.56707499556964,61.913245183330304,238.043275601433,94.01149591283797,181.45119705326684,47.89351473523501,262.780650607837,177.5553626784384,12.62257052710386,305.64670629823627,165.88988757947487,343.04597652139034,95.50445158806036,244.7164376330086,481.58560114051244,179.57978427066567,335.9357575669491,163.94959757194522,490.304716449324,45.75942694146068,60.154612804582065,442.0826569459849,422.0916760963742,138.28014371640418,141.98133364894662,497.6302144702616,245.73784575405443,260.6118138886726,86.58949676271094,170.9902284300755,241.87414234689092,309.9504885260351,16.117111036742514,373.3893133992462,173.75778024799203,110.5256278815629,342.45398435146944,396.27569636880554,206.05430633885857,164.51100861394457,52.27470758482672,24.96636390632562,234.41236693472877,147.6582415984744,208.61081276349336,163.88434874599656,57.85939152837011,285.53986643424514,366.93391664076756,353.0575479597684,64.81893941632055,1.0555809533978056,400.1790716164166,194.424958548766,499.5711027322654,56.796733220386365,110.70778303354534,279.0752288166188,314.05678174474053,387.0812566876487,76.73403463355372,333.92498776238375,174.75381216030266,222.43235427718074,134.48982782043362,433.0599871995169,459.1566715191759,238.88248565912744,256.0794826253348,289.74149844461243,364.31609939268645,442.8639328738747,406.77037148387797,317.26127915668246,131.07852039321244,394.05011058411947,208.85953209938558,259.8957233424191,436.82011790902544,74.19844789900998,289.4742686274997,315.25028771699095,352.78777511242293,439.918222132305,439.85876055592456,30.795112433087635,441.89524196972195,34.01832091823781,350.0912674139177,101.9247235696718,174.9823326574571,251.46784992255346,384.28801648544095,220.453236591509,467.8252486414302,318.44067424181134,467.7853197308098,456.349142224414,8.650993206805902,398.51506736430235,42.79102135010188,48.37614053040396,153.37745054392443,208.68664906007584,11.146726162872877,74.37376771202875,455.46615681277854,450.13866966012205,407.84561720467207,310.50547718886537,327.75923590307116,250.73489808224437,93.56948915548774,348.1672064704963,360.59548444912593,158.35158426627112,395.4316674451938,81.27747430223603,142.70239020655845,100.51280458119815,323.31418093354296,253.1345146206835,131.94984863242797,23.53086177883057,390.8821446230289,362.43111138904237,78.46491998813082,486.9709038595182,426.1300555679088,269.60445012239074,271.6483363613413,64.54767757119178,413.321313054506,386.53312996908437,308.17017037737054,76.54688173191637,243.30570694491422,478.92065340949785,241.77477055341862,485.71331745145886,271.6051892740263,491.7301165916468,220.0196899454741,310.514440481964,387.59260317220924,323.96515122629353,321.95399560708097,223.70661630876737,9.447444231967584,269.4629301316932,55.7001198745915,348.1146634975263,367.8672534336758,302.0122428691485,94.6128446469392,482.57528966383137,431.0085138770999
143.18619108178692,241.9979969719539,425.2165504966971,240.51574115675007,178.60206523308963,261.7336124831943,197.51106385202465,124.82052881943562,188.770389114976,114.92762527800487,67.85041267066983,21.24723843238774,478.69385988997374,140.3771378262385,404.36019897930674,149.251000245131,188.58319468681717,437.40006415185434,213.57515743626027,257.24466620339746,50.0299948603099,132.7129224539076,307.7595809725932,464.92792677655353,297.59246076527836,454.20179872929407,380.83801316787043,251.86175330581716,430.01806834104235,213.8994697085682,51.88248013782759,374.420937837462,216.6333378228409,25.237137290184897,224.57080715713963,152.8461263473767,121.44033037326929,157.79790187504517,157.60738346302944,450.766675066865,77.7325095911619,72.44983008688666,114.27208666602967,436.12798163040395,9.630984399338905,410.03860621255416,209.3155144833853,17.5831703569308,301.288532466417,456.4945525264216,484.76129986447916,437.4720953439806,10.131679004149186,333.03374849554586,29.99106768986437,366.21804657998985,212.63873782220978,210.10858211280097,172.61711539741427,460.92462575100836,486.7352590238387,95.22974222961538,61.67066261884907,187.30032643918483,477.2825407746524,30.07612550942612,34.368724478009035,411.45314583055944,9.361143767419422,488.75247506822836,408.19028698775537,269.1007281063059,15.370318633734614,64.99297334441212,254.58800303822193,139.35926681231743,104.11830647111431,192.58771326279967,355.3811960238655,399.1814712126119,72.78241571076389,328.36618910871886,269.7567661551865,178.81055020922133,179.21175854851268,404.02938449376217,185.64247245942184,175.87923428094976,21.17018972980983,196.85190862753993,162.59543584039415,437.98581624013366,24.577246053512635,244.41023637900378,271.002257857806,384.7814687349338,227.2185657717673,78.79124774251883,257.7391059680426,169.1581788311885,132.29769801491076,184.42970867122443,452.3909531988773,14.982481450591777,13.238935436208688,270.2580679380172,151.25224511344703,64.36979338491916,156.1902342899923,215.5038466246938,93.97541185831565,194.19608916323494,158.69709146883255,233.38702523296402,461.2971765490681,340.59715086671315,295.7545213633337,493.03378942678034,194.01854805366042,426.9001446097684,25.572746367821807,110.78259149709008,209.63372498566463,29.252321366818933,138.01122203823752,329.7560623551218,397.9329751457845,78.02711033356574,442.44845198669503,98.02605800646514,434.85072773066156,140.37984440393797,143.43615001528576,297.9182296138847,196.0756894887023,228.12524253757383,46.510878509240015,495.80329584521957,94.0618829399265,319.41591694888297,234.77296819772508,476.56787923306086,109.03182958060953,117.16610457668891,391.09174017340587,259.9316827663647,54.86629437139457,392.8735822258788,287.6648613860876,335.815303230239,398.29174848140167,217.0147734039624,158.23441383861382,86.33564435705537,444.62976038016694,192.45733302690326,34.9157789380361,393.8741600496473,115.37263918778767,39.576046977194025,440.0698706957067,185.24026165603752,158.20010950741053,96.64001486511847,343.62218199179733,478.613587883237,277.53123374230256,275.1749550907714,186.82784598990077,32.76642644841882,350.7709814709863,29.517818188562917,245.85562201286325,43.245264422088205,26.37643591659533,465.5318553474201,419.7542167742164,238.38712017829977,434.8689833461031,73.88567466487417,33.624471261852804,378.16915463193305,477.74047654845833,293.8451245712825,57.67333859912438,69.86217925021215,270.16219819764876,282.8332539325177,42.994537807550245,283.1292839191322,343.43970204620064,333.9374341405551,218.49392762556485,60.09647740557777,445.4525120196682,471.0795035638915,211.74589356883155,285.6470569241939,425.47998919042055,39.680766682569924,106.64905582575157,421.0495155952625,363.7659716077387,34.74009978370329,416.5487281519285,326.57135819426526,164.1319166608095,130.4232368354653,361.8847043003671,12.18299270871398,140.76270117397,407.71063666235807,313.8798251463358,280.0154273756158,315.1499264457252,451.9119778529763,217.54400063887758,256.3820202567765,321.26049431658987,452.98151666219,352.32100295501476,166.3534954327252,356.0799765247479,5.250418744715546,414.9168536946626,362.8569793121229,356.3209713594384,380.8962238689911,468.3341885242237,496.68169655074496,168.21761668607988,405.43566671881365,35.8759145674023,257.5669005979155,175.46397508903354,39.28987402735584,357.9010127947564,255.35999728292586,89.04665352647567,387.54945312914896,79.10865307118931,213.39278494677112,335.43543134381895,460.2450168956256,379.8566826511408,233.13038576040802,393.4568171194068,141.7112699800208,72.02280845194286,347.4822132284633,209.1743272058797,316.5267996680272,262.69381184605004,86.12016799506405,313.45605747324163,16.190967427960278,163.00536384547505,319.8488564916465,248.2578077659235,424.8545788920681,7.86180481389559,58.93018042805781,40.23084480039296,163.42780344898244,173.39708574455847,170.13430594246393,51.45166487619007,487.5983830555133,432.4403964065347,134.4597024136447,326.3734187532246,346.5919253435346,228.55977490189306,225.1369704543466,146.02354914577703,321.22637100833435,484.8811135375246,229.80919783903587,141.00795016536432,469.53378308399914,150.05795602691592,151.24230141184609,204.02638638468935,392.84641413976743,36.11945754339685,33.26031124050305,454.0511042834408,376.96721273736983,452.7163694930777,399.637270984931,156.0054468875549,137.99111807936777,225.52672276485808,60.76093275224043,336.9101696467908,162.23391178052793,436.2130509447569,61.62009669228807,120.19012824137143,236.73370887475227,457.1428173463184,48.5642962958277,493.1313042235654,278.1980492623171,162.2443486360628,443.2640478602342,313.91052647585883,317.1426627142022,127.62956577881701,358.30596241254733,444.5457481953555,225.0643429107488,248.55562759131632,135.71480386268732,335.2250328318762,285.2893655824414,492.2932809310062,189.7601198753604,473.5313282765,385.7817938173286,41.561460783293924,79.52307750574877,338.9346777346501,390.46804173868827,260.20645350304727,446.7591132116297,94.92008209020241,153.28678323971067,289.0340075500121,443.8747029592503,177.26765101848025,341.7817544142498,485.6418985036526,461.4270475788157,164.98641284683157,39.12983316498353,358.34252411847973,439.26326430885973,322.3044178725112,334.4874338971336,185.64938487981127,191.38831085318643,312.55885145321577,13.904823578989479,406.71074074488547,73.28168971965165,246.49673436290703,105.03934799258936,236.3972045855347,89.52405031665084,204.88730468322208,11.716146348006607,97.82476040519583,86.97702617702157,203.83736576932216,116.9871006216388,112.11999226796354,281.68033842026665,197.4667129060747,75.96710652503069,291.3357247510857,194.69858475381758,410.86886866987265,339.6098854104021,51.64184804258182,324.36482390826194,348.34002168470994,101.80176427010973,286.78304068634463,96.13584385111385,103.02160971048436,329.80733997581405,492.54682266798477,498.53019545385547,441.95260929799883,482.90121795136986,327.4302394475065,193.85198472392418,475.8380695477637,241.7275348399101,264.2235895634753,136.56283592515078,449.6788928562865,205.9224053151888,433.78856172996524,450.41352296498326,200.2489432423294,409.6050052057436,176.00600141530666,281.11412160919343,370.7261565906849,454.21726626265706,0.6271584011060538,187.05281789203048,45.05063515295238,224.6846458932142,287.8109516771629,273.7878521816322,29.335481222935446,437.5976773148604,192.0161905064916,153.06371468398967,0.3440768619504264,277.7036699213397,405.71306432109964,249.1326582303034,207.00269317529074,446.4985178945291,254.89330494471503,21.9182331932235,182.01685900864007,63.95935911655493,216.9511626935598,161.88754917040742,297.26013301684065,61.88253160283308,311.60860449033646,452.13170640778344,260.56358258406476,347.7708676372553,499.163453769256,244.25359748198483,125.7443350418872,475.5271495954554,481.4017219943497,58.31303444042657,328.3450769881086,452.450640790934,246.4260386904183,45.33283004792765,364.83030076176624,85.4924351805959,273.3405442183962,148.26850782918132,499.314953979297,242.9112013663171,483.05115184739776,306.55834925794437,486.61371691469833,156.29766296609532,402.50918715453724,329.6267122385003,406.28502974599803,265.3552719759696,179.27899407246244,341.7564507660941,406.43158621180555,18.78374665804544,36.591476682882984,251.95905877647124,38.197271681801595,162.39076536291068,64.85049247551017,236.96120381713527,200.19683903836776,68.68899110135767,145.31406589670303,114.58389260901892,25.844773412408763,199.62916893224065,33.25522420096755,265.4826582103751,401.64197772689585,74.30241331709996,225.9434133340085,190.53663668967303,66.50082644803828,367.7582368831151,348.2459066326041,200.0795488209694,454.1733888199906,412.98122984335816,403.15939663186265,102.78615094056953,82.34596132541483,281.85384987712,164.07717200893595,105.44266647566391,371.898343845432,406.5235343090248,147.24153802240346,226.28261638901066,76.53456787761509,98.52741050863206,417.8841018214244,382.34621073076494,17.588291096673647,343.0644121476111,221.3695311692823,108.3551112202254,141.8183673285606,453.54235451909364,372.9297207840131,109.76536210450527,423.57376487061134,425.1693959517113,141.57297884499138,355.8603265286926,486.43684607339924,150.71783552721874,285.6934391748307,28.69796576160094,23.131996785813236,463.9673411391962,386.17978254363493,92.72477982173055,206.45889326790768,485.34867604206875,133.55501387094094,22.400668844899275,98.44811995393005,5.053266473573514,457.5129653317611,450.26122476981544,382.7910080249191,255.10883032404337,76.8016398326632,467.5278033886317,205.51142103447123,483.47809616538956,368.014176980467,57.09900553987585,278.805653871623,259.83383613615814,492.38646160819457,5.349917818346817,390.60953748182806,324.2839227977273,410.1774095777861,58.390660399198104,495.23400267465735,428.57835494730637,268.93803467561224,283.0394530253325,437.5737328338784,176.08070694266652,454.27774218337544,265.24043841603475,180.688126151757,335.3851077405043,128.0562330414688,355.59759118492485,197.1280839850668,135.97073365074962,193.4571885312925,452.7565609829746,82.98410886761098,404.1053778583137,65.65144443022287,300.177920751612,209.49815691561068,97.55242818484527,322.5601949267306,179.96168289675353,273.0628634633057,91.30816019613353,284.4566108340227,166.14958973859473,338.5449943946731,209.12459702209873,467.4880504409377,245.59340229994996,315.317334599166,412.6705550013008,180.36677940539815,153.99127926706203,170.34648058495128,453.4485445342116,333.5311312958073,3.871857902841558,445.4739296207461,426.21959008318265,231.1923315711777,282.9216436192425,73.49950163891266,489.3461525294389,210.49129460429833,469.88129241189733,178.21466224110029,431.5954835506005,457.028378112376,332.7310042711918,245.38954371465744,34.77716262856212,70.19481975978326,27.74628432613646,169.81430718426378,0.7486383055415602,377.05645375877646,454.3525513141561,396.26488910946983,419.40713343906975,247.70540292296067,262.26082472922195,234.96420336356783,392.1764767559829,499.58891994637185,153.0510959818401,476.87054193016917,25.676789991797065,373.96863189310864,123.8381113433873,212.60540188224226,163.80571693804603,296.2724573612846,318.81595718424774,264.6234425648066,371.3743030471637,332.55937301131,406.7130998895714,67.09710728559986,303.99274697812575,408.00702987837064,296.7895604264227,264.87524414184,323.31890733177056,384.9758728391992,74.96628224239672,283.0477503983004,28.62500089889203,47.3095410573221,204.06290563111446,69.35960853655592,223.82504511893003,46.68316375981285,262.8537635433669,223.56867698652778,353.5395388212277,409.51540161432047,214.92772835778607,451.4782288713503,380.59332969692116,360.2849865271371,1.1598329836752241,337.1873168722882,127.11744386543295,494.7728573242497,113.65934129616062,224.84204043425243,459.97788530499486,121.81163622307095,132.5049996251057,327.2962344535729,249.78196133223156,119.48086203256175,143.27447499150009,120.44677502610234,280.1784515871143,174.7633671367485,151.8155258876669,285.8261119295704,332.5541322305265,224.3556601882083,190.67875761592413,316.38571236949105,49.071729671062656,210.4870159290862,193.45340031937263,152.8651117825735,107.60817826054547,186.53205711589354,171.29481856017748,462.5058797942296,271.68294441369767,464.92873325161406,349.9606030460721,133.62057026668006,492.593615544204,309.38105359868183,357.60744683214494,135.16992910212034,177.06647786437767,182.21280986486016,14.410507399507555,366.16442318526276,441.04628404960874,162.02911790202222,255.1275742192463,67.316151897112,175.9319254884366,50.55557092979779,43.07504615633273,417.213660855033,433.53797715713046,76.70804379812357,239.6737377384942,51.053351020647675,374.06879697716744,384.8444376480567,434.8960648162001,356.0362009371525,480.5356297542024,368.5233116767383,360.7655315026521,454.87008374142727,382.8158610065806,391.531908515679,356.4222671873863,386.4715992797101,362.77976776210335,276.68509530920255,129.00545433072742,267.7536669491805,117.7509172302053,437.807767367649,349.60263927523795,303.4426122062743,334.5367320383884,372.61253698458495,247.06598865995,196.4248011545135,212.6540564728153,53.72151693485316,78.87255004190969,291.1248306980158,463.3952972337595,84.2116117617523,121.02019259312935,332.642662724478,96.9180799258983,378.590362300814,313.10996673351184,190.5539047483384,169.76723272436124,314.6471765342262,282.8193379043358,120.4173220178666,127.26095230818346,356.0242790602219,368.5334430421616,381.6598948069348,13.562694320562729,316.8056780006064,153.3625466041455,10.67589375649758,190.0533054406861,385.6777591322069,477.44556629531235,155.7134838878636,224.94331179795606,453.0297295144245,297.9926269632011,67.99371997436704,284.84746774526735,315.10400699804774,4.3077154179217425,298.55481241789465,187.3145598748907,160.82125222202626,320.34019468436,240.24405719155118,481.16453263408937,78.2887653384054,200.13527176644968,449.52318915112676,192.40718791079308,101.47349547644107,298.3270457780163,203.57196036950958,469.26110646773515,483.28936107676986,80.84396255575982,144.49711008087712,105.95490459783768,448.9301797640206,306.28783212764324,455.1356700618567,365.73583298270705,205.37699595008775,439.69999040357504,371.09716086721204,368.85883520482804,208.7837840281318,150.83728761365066,84.2105104273187,463.24830321304495,390.27198076478714,152.5302860664855,260.85396612775287,150.82722821540128,163.81488758244163,322.26679298022344,417.32837774785725,492.0133678382948,328.8583341906197,316.17858421430986,291.20584256782945,154.61886729976314,207.11781865099493,64.88658503183086,380.73065795249454,212.1331458610089,95.05306437678135,289.0707857745467,117.5299829958108,467.7116334445225,450.100165402003,306.1901735581223,3.557806770666194,130.0817878645157,225.94354807794926,381.44197922351304,246.3277590834428,151.88110270630435,180.932413147486,439.33137559220074,136.31321844393545,226.80958299262272,364.9908987281252,5.251165839131211,150.2948628086458,208.0180951490308,34.68404741073922,66.23005964939549,309.3714203961306,386.70984640734315,219.2339974453592,176.9033023324922,5.381907168477418,6.264202104771799,346.979715573348,344.45110289125313,28.417219091577405,288.65612563260515,152.74066255536678,97.78539583197859,153.647229840751,323.2668190897713,391.352324998307,327.7388190937875,189.38174552682207,173.25285892733504,243.48335165156388,482.64489198644253,33.4159237880362,210.9068323517846,475.2287216980202,162.44006954680634,284.52247251588744,497.1731029628281,401.38360103197033,0.03435356032649439,45.629222895667176,257.91616763006954,394.18492495883174,439.8471841061177,264.59342107671637,342.25580268391485,235.21369394995062,16.214211161822366,72.64951460152419,215.65628196327424,399.30933966233624,431.41416231470305,156.52370319771364,465.3110928715963,199.6492550421007,354.54921341214816,404.0948883304995,479.9573770311378,402.18599696826686,476.1135902359743,338.19473798835185,227.7189155716759,345.5945342718476,393.30684720657376,16.8057346510872,224.96380561938022,366.6320228323438,240.0068626455298,143.36763800839563,13.243299086117267,256.2770150221955,239.63223828213543,141.92806928329148,367.3821256990455,468.5733944750869,462.12040141171644,16.694416151542214,248.82467553472503,22.535081891683184,420.0357074444618,42.05937782585223,178.82914153181062,145.18224463233298,234.68620189442203,436.3975369543981,399.2765738053171,291.94592384803775,392.4328538959534,144.35122336319174,203.44260026734318,27.76975708159507,310.17345777337465,343.3187580131671,46.50616588866702,62.44039165603321,362.5578384117922,235.05303345559685,466.4958327434937,374.54988224930344,26.10081942626008,407.48018690937505,133.54457203558485,8.651824196866887,417.0257528330456,226.3289918572935,11.860856156287959,113.45776243438665,169.27075354605924,404.974796593893,472.84033409914065,274.161683710813,8.493498914715403,351.97692197692777,342.05267958006357,460.7993845603159,266.6355665074735,427.65865441136174,15.645055332261403,266.5933045328527,199.23121296029478,391.8525873603172,419.56854265104494,252.40241444226612,265.3839341301902,5.151914820806402,157.19207675274154,25.15403199539856,337.47239278043827,370.3330104059967,330.7932821990191,483.9871818155383,285.88054624562005,420.17185465207035,80.8087079807468,257.8970699279633,261.53807789361497,29.17229583989428,40.624631341066085,252.48034621998832,43.64442993529954,220.66127841540978,398.60436528180526,175.1543984590866,181.19531519546973,333.6170797343557,133.23465378379828,229.96313670308777,210.91362308687007,216.44441846196645,292.1462008304505,121.34912556372157,312.7255230169611,372.89788037013267,368.6582449464179,59.861105437654274,202.95739984606809,107.63793400381999,21.94989386935675,116.88252734144916,59.2427898154117,172.86694029798994,453.66519700685086,389.2137512454155,123.59687774949558,48.33329658905045,399.4302245791732,115.26518952784204,155.76084158006336,69.4356779530178,191.50906731101657,479.04331256714596,73.92829179486587,87.90982788998153,93.21211424274428,319.0322645556997,240.64863671728614,429.5979382575021,288.4954173493741,78.03295525331983,307.6358422081712,51.814222643732364,7.962246744908419,150.97881090263837,298.0742683116752,121.64525231565315,457.83814371918277,469.08643387402066,147.33630807518483,295.76542737660515,78.41749051480168,439.69146141192454,126.95485853383853,422.75451530661564,283.72252679374776,305.19189575393074,116.63413461927374,283.0845888847536,236.74242713001266,345.6405815368761,472.119000561106,473.64305015253956,455.4403788881344,74.25554710389287,252.40676377064875,52.0599533623623,130.58189151536726,128.869067554923,195.2623663035331,486.18951371403637,188.64195527912898,332.51329583190466,133.09409935051693,134.867997575511,370.9154963705199,493.03006040957973,329.06796943301083,226.96186736535918,37.14313535074648,215.7714567349304,288.46796909807904,246.18712613990206,167.02101710021518,244.1561143445075,229.4261370994724,20.37080457525281,471.7167120655692,201.58316242234693,4.615003098334903,141.76951648962216,128.62306280457713,257.975700374448,115.9649413006465,17.933891143549097,351.90997214521923,434.8475400186487,384.77794179208917,153.11128517159815,74.2289355779014,86.26564884217697,368.99268842428813,182.36257851904625,302.177604435012,142.68474985912582,410.50630465993726,78.82963343050098,290.7127048055487,284.41600043792823,185.69065128269773,421.8008232673453,51.52300443822039,86.50034999343819,78.29695485122723,210.00387735598852,409.73313488862874,331.0284782197892,28.049465724248325,307.3737635686086,451.4250412304346,471.1375539192944,242.4079334010043,460.9034616639308,253.12119348517191,184.62116681990548,429.332850529849,257.7939668593497,243.77145791042986,440.14186050732013,499.2827898552822,347.99835880483084,45.032130923807316,134.64868346046939,35.62007769965197,247.46483350006653,77.23231260353286,10.311210375707592,366.6969428419459,42.01721002720049,318.1476494704804,272.09627248161064,451.2757926993729,285.3373800926988,287.32108586613856,464.77627806267924,360.2072299794171,114.19585956960121,279.4392045511805,294.1678957180745,243.63448052564362,309.49458574201554,490.43846898700247,147.95553391634837,362.5809318586673,107.94036347223795,52.879154609944024,429.65216406984484,81.01641352585376,483.0011251563243,473.54982820763587,429.02403863187936,409.6903243707065,243.81499818052592,244.960202241219,154.31935823872817,460.1936312941264,434.48151850553484,423.45185327657987,185.50796274611625,487.9776254663742,150.8330045537274,460.4731818651162,77.17162715571557,142.09425277239117,135.28157956969523,197.11831481684106,250.30107648326862,134.70655023746252,117.71486076788018,123.49356978957404,137.04258019220634,93.24490398557323,90.49036370233927,40.11086235439038,17.14915022675839,413.648832233803,451.57895650420903,494.163799767066,458.0366453575715,185.35352316207388,97.27294267881864,491.8794802274932,288.6409016800954,4.793728172048651,163.46119195244063,149.50505859006253,105.35112085306886,253.25461365301487,133.9758438514514,80.89968560129468,386.00204192654786,224.47087773334312,213.80006802001583,280.2080886081646,281.62351483804724,349.1762976181815,247.61222590013782,8.956914779584825,142.8126482361571,190.06499724408803,445.6158298343153,270.76776482222306,370.35500332826297,434.11160098895886,237.65246561571897,458.10960698272163,491.94740938525064,284.8281720911534,17.98881349946857,244.2040363662893,7.478615765088237,105.26431398848274,198.1746283000862,212.3135127482695,475.051809943587,56.79136817460423,374.6874970955777,190.35938337642338,397.87953020766554,66.02259749831185,103.0464789865193,154.69612944013912,196.93269036686263,476.33028272853545,350.1448911739865,75.9453300160386,380.69418184651187,379.68906047665325,42.75451984786444,355.1223108022616,195.00547014286283,81.42622816505602,319.6566240409418,54.61472681837504,347.0911785555949,347.445803660175,270.47205550324423,115.6510087858052,69.85777601412796,37.35269041817008,214.11075391653984,282.6511635525398,445.02603759664026,440.34800515628643,221.177209276063,278.7521932837813,499.1938192499763,448.6778279092326,354.86213740692386,44.828143277521995,329.2962951076371,182.96149977530106,307.8121528375538,145.69460399784512,59.91698750330543,442.5178688166227,168.3677264804234,390.1518931448926,13.097352246953687,42.86655493277697,358.1071518983722,262.93049420440303,427.526902564513,329.22337876751436,434.5831584653468,162.24614506736052,165.902474501596,197.71947056354816,83.80549819152522,434.9509310691764,172.81210772079652,396.5625850325636,475.2173115012356,136.56462957150484,133.44601763742446,294.9772944374307,442.7316709298844,320.99791745412637,254.72974191618232,72.0681779952686,100.37958685932624,426.0577070763435,212.74857797373414,94.73373895792875,22.478767256497555,25.262558801733558,446.0427203642594,361.13490444409484,421.5039585363736,20.94645092404135,174.88727369662638,336.1297520274966,308.93186006679724,322.66829902744814,439.1531681560758,427.8982081404037,469.6561514375787,471.05420766551373,371.1675820791836,463.8205165923962,475.322555294816,157.5985811006807,207.2436754294054,45.765256171920065,70.08682822992051,485.33328684193543,233.34092789524146,114.55833885631218,187.64759784649692,352.30310106995563,109.65508669347979,413.4163745705231,113.28438578014915,120.26018727379312,155.45696849248654,138.44930575086212,448.68379205024894,175.28697535480754,484.43222239477814,4.378363605120117,294.5039237296938,494.9337328518363,458.66849400150926,23.644567201677958,53.67286889545508,326.94328600605303,295.788674520194,108.50462692000829,477.6987400988631,463.36634635841403,407.6117452107353,167.7035667947131,89.19818742064228,136.74921068356454,128.00638558220794,498.979124930239,443.14112436676385,210.41519341497406,398.9475075614685,463.61709339332356,373.50349531368147,334.5002889778985,246.63332103134871,416.903695939786,305.7320493856041,220.14298382077675,316.10139628327613,259.7312031824636,130.2495636174778,454.4205743956985,326.5967959786385,248.33062325764988,339.26755324949403,278.76000653283216,433.74472591553325,46.63134442350686,75.55000106455189,188.22736543664337,413.4804445509872,149.66300743266598,252.97045219642118,491.68381912574966,213.22883084197642,181.7454987076817,371.14563982889837,47.56628717158168,195.4723768175351,494.229808444875,149.35998965552426,469.944488604035,448.7476530408217,32.47522311487,400.94002372626534,172.00673683337737,452.0111279675748,330.7094114880083,373.48523430041337,333.45258255715385,148.5255564653014,275.3260621810997,337.77133638724075,433.7870457625962,480.3784653253255,15.083870003880728,374.390335985724,15.769575088861398,266.3868252374394,325.25280625726066,332.71141984324703,384.25508381999526,404.679848704811,334.51145454874523,344.17928483190326,336.88053400659226,7.886884980871034,411.4699935737135,280.40745525810377,75.34183862549493,119.83985697349425,276.8966728932973,107.04540539410701,116.19669564843416,51.626098611317396,353.64688781469204,432.2062563989546,250.25059515433324,427.78689808356387,285.19350203844914,351.0496599339125,276.7528912242971,48.001715984976215,433.3797721171973,442.971407226754,395.4850547345289,386.56095686701104,142.548907273861,146.30978189616272,10.426821013551136,65.47693896992185,178.43583300838478,407.48647011376613,197.41277726901845,281.9488138072887,386.30405703475685,308.2461633321466,31.667221913736164,133.59620454872328,126.6126187178978,391.00282797690886,186.39650786297284,68.00731462815452,419.45299604229,19.041337624071176,183.74065325218731,4.648287343126056,215.79929602345726,483.40804292883035,323.8128376542897,162.8788147613288,360.30917676970245,97.78528915378077,205.5058311694673,97.3875887335805,35.833230311325295,142.23135539053078,488.83761047253773,288.4250865496439,181.72407472851427,88.94252858699808,220.3385161082978,28.489576058683685,159.0377732797591,436.7025665902407,475.1903079480262,408.4115098162319,337.1016219588575,458.7335153424677,400.3581099831145,218.94191234256095,287.21910558257764,335.67252001912516,396.1516051713149,118.01458970060253,495.05324754351506,317.1107334034731,420.3639556130055,360.3675115684248,248.31038385306863,295.23866943324947,393.74196997764346,402.83359122897684,208.82543169394796,24.642796137765043,433.62187566370847,181.6841762596283,385.52732238345,149.18069155969465,54.08394386929238,204.2977377138054,235.96784236205494,219.2153249154821,123.51207798479386,136.61436564493533,171.92479451247382,278.43240641418623,12.887362600641216,278.07293803670694,221.11544240770147,484.4221817286834,178.36864233624294,191.61252803369334,451.1652983178082,177.54659734042204,495.32595041446586,14.656505280563003,357.33057237478556,50.92204619882018,32.480973818201754,19.50480453250153,258.39118089657694,142.37269108967598,103.47979800087947,75.8151401337182,12.6696552928669,446.0116969538872,21.527814843491754,294.6238741628778,134.10601645120312,403.3126944978958,42.35019709718818,266.04502684083064,171.08688426952457,146.96475015981292,373.85167175557996,316.31114663625647,109.74153695174377,202.73450201903066,417.92117577409135,76.09149737061477,71.77375930251739,114.69244633496878,51.1948332035666,50.036404613453655,497.7114852507747,222.13402406748907,453.94861103532855,262.6963742479486,207.37234228285973,9.592643601497864,194.2178043736229,478.9843824503054,247.45455736086703,49.10367933647697,446.98750573136556,262.499346843507,406.58780506734826,168.8924680400936,73.84126923086114,307.04799905531473,151.67103855512997,309.37394504991784,155.62083248618796,30.284998278442053,306.45142743980665,297.7958375430701,385.2462596852033,196.88937289910302,109.81711416370831,256.37862768792763,259.7132295915662,43.92531561553148,470.47570904746624,210.05140774668735,490.79131930036186,105.47724263619685,393.3165268200397,319.1476507161725,425.0807090246934,2.2607227801738072,316.1202917057522,465.991531848525,267.22338126262827,433.27380939459215,424.70324652862365,225.24808452216084,311.5686459566097,93.22931656403705,453.6571509733266,112.3964026070568,422.4612104045993,335.69055102347835,25.07320009205838,153.55854326577617,235.2305414889806,132.31551983983337,47.97016358772604,38.47384430560486,22.265205617023664,472.60716936359205,328.39892642790386,251.08937682526272,287.5734129004817,202.2696672564951,379.9659184968043,187.43912152822645,48.70515705178913,433.8805228010164,49.07704221823528,141.93071275909725,344.2650889619339,129.76213208374944,216.66841913599853,325.0180894530067,157.8467696707262,26.7713493733297,474.6718788598201,15.930934758237147,93.87051145741022,52.376383547519886,86.94983121909084,468.7554936430001,456.9408387502688,344.7126483247857,280.10924578096865,18.34725802135395,492.59472860577705,408.52271133828,140.79481978495483,83.51141398452322,299.8122726148539,18.406023140624285,20.657442888306342,218.49676830280768,266.45892396133206,8.646219773148667,178.4873821546437,187.97391273429176,486.05410332778376,242.75248263572718,6.382697667707826,241.18733343616512,146.10193057332683,236.92311273680878,187.92018943756156,264.82450629181756,6.318533320642528,319.8720446266611,218.30895939117352,393.66716533633013,499.134776822521,17.95023190598066,329.00540731538194,357.4887365606317,471.969561301051,236.46769091646834,463.46324137924495,470.65717536049453,487.2780461174185,358.71826184598797,268.01470213267385,77.15776375032529,134.7159830557829,480.5902876059946,392.74371980398234,413.43338772241555,374.6167794754135,469.6596605944235,428.48517860757164,368.0456297948172,433.7295385868986,23.05291474757315,460.1515757977178,316.78176109377813,34.10153029429341,189.341225111308,261.032834120438,221.64527150276396,410.865407519718,215.27267990956366,131.28305474222157,192.78634004895144,37.78136490899553,163.1758787416821,314.31531157739784,154.30758413094043,450.11807543234,232.95042356786266,88.47726088680207,62.49081173289272,193.590449226813,256.10806619980406,187.47613456244778,446.6107627792302,491.04396227694554,85.66685259255429,167.5680942283533,376.03657987115605,298.6100803657508,354.51337230519647,95.5733263017104,280.6855415290983,184.38065227897226,2.91601335442504,355.4642205608043,335.0680582370935,380.9472566742498,403.2480967598783,238.68130122947366,216.10950875620887,484.58296522781853,323.17918440624635,301.1884553861422,401.1399808185131,474.14547511003116,141.8767674533647,378.07092746783746,495.0842661557312,244.82437029451032,290.58473310102124,257.3879290288331,369.6048475385952,495.353444059085,353.30572221037414,465.6587188571326,74.79171786373806,71.35112880483702,299.1854728283115,0.649367831983716,67.33174824096649,135.6477539111235,299.6510786510849,451.1537009322363,335.87316439811207,381.48754919125105,173.02611726177796,392.38017535911877,248.47134115681257,449.8731546224634,211.9691401755587,368.80953784326914,145.40039033042513,104.58151297921908,345.15919023558513,118.33174711220545,242.42215914040204,282.1352734417514,386.1783408276693,267.71174531117117,51.6311342639898,115.43533344493167,155.05740930457873,191.09746912850346,5.490964183548163,398.91684389965826,148.03988593955802,279.407495705842,125.00478582642971,202.46390537630614,315.1583216442906,205.52121218270264,21.421357609312743,17.491679304247832,178.26376718120125,243.99943554097842,83.09499750292987,78.94399928753137,103.42969859338913,200.43040966201104,90.61450829799806,118.3163673138497,424.8173856349868,24.485441341186075,420.90577871400234,304.1831122209715,38.588383357911205,55.86431344337495,136.15355801026413,178.87142273547823,26.226407302267663,278.0689776499076,343.26879301663934,65.91975579614656,166.9603439245604,25.459460554345004,491.27461581508015,43.47363991005737,368.10679088050307,280.64825181406377,156.68485198440564,217.1332871228418,281.31335533978597,499.54850216168626,324.74105228155395,141.52334732260286,433.9652184202495,341.57797961212526,236.48688049098766,330.40184713995853,350.53559633975397,444.7374463739223,240.31795548559603,80.04118939312932,475.1553813580936,208.13833025751515,391.5841609235106,371.1636979722302,257.55823138708394,315.7502140412573,6.306573319863229,299.7004131775549,128.42802427410416,228.04005480515693,161.21219561731425,303.11369829410535,314.2870034123236,327.9516525981063,411.03374288663366,430.3404989435758,61.750957048501306,243.52975867400284,39.48194296986102,1.2410114343413547,74.1188377548908,162.93303087743078,377.9335293373048,150.71559838531124,380.5556509798688,184.5240640260064,128.30050361201145,364.32454344730866,207.51291975485643,389.75094920987476,14.935159227318028,50.86072810857234,160.49256841480874,281.800130661379,460.58499614119563,434.08899743785616,455.70766746708875,251.9438513904675,265.94121336917385,246.0524834003483,281.8849236678728,332.6568764679475,200.73735236489532,468.88730412050825,488.7862941888727,124.36992975792016,275.4550081315213,100.61241387789327,450.4363699429619,424.3854964037629,20.75609244343951,29.526532729009457,421.09224342276843,180.66274318350645,342.51921363407143,46.18037596203794,145.48419273638658,172.46651341170167,443.12960675461306,189.99477001974964,205.95186665318255,33.21443757410808,70.17824361072982,132.11476725446087,261.45771555566307,364.552095905481,56.27478334468594,355.69389840448116,170.3406322144294,318.77123176686973,65.04090912274468,315.6064378464677,291.3280986460371,137.54282987861248,344.4011110234566,160.78096064455826,394.6149630498473,163.83666011426345,368.28075501935035,265.1072283114618,462.1649954778119,39.91043908848152,409.47450392574643,178.31658980929294,166.48884647808842,385.2142893742088,448.7295418614814,348.5633896560524,351.9415482070122,16.440876836124772,496.16969584052913,191.668535048932,424.14402276373875,270.1955628723869,334.63312385609584,251.60171507371427,61.63357728398794,200.07544465100924,384.2508525205647,437.7009317755343,18.438692690582236,246.73348476930957,14.091013897289507,58.50604935204829,50.46393240133879,110.46452314039529,338.41338019406857,433.32028121299646,74.62180597360523,109.52831536407959,239.1105079641405,302.94455802039147,267.84793229685675,312.2870860758899,255.04202922345524,7.157802849349526,435.0356524480782,46.81564645228053,41.08818312683277,494.7897390520959,130.25049884266966,326.85221440862244,450.6451955221136,190.12433741163716,396.5066128621459,148.08424549384318,326.89486218039076,392.00931093789677,302.65881830391817,325.60383967896405,188.97167641012268,294.2446153917507,271.2771358458759,183.59547604790473,265.0203328915916,76.91933586851036,328.29321559247387,440.7425469561971,347.5733813204276,190.9422207363754,339.78023027825475,368.5007421547054,199.54824368019652,348.7828392059279,36.72501677665308,431.5097998781208,82.27911462988024,250.9719325540904,64.29007154104383,333.0718913068997,156.6956849569896,57.5317730058289,402.70725143268976,466.50648534873244,182.7750200225669,113.54945137559919,134.7201056463548,192.31988090528458,210.05598154618554,483.14856155118576,220.17141959500307,119.27962517001994,30.746520155321644,257.42643962724867,160.27831085464928,262.26880092563204,357.82310569114554,198.17530855957628,451.3922230711403,277.3710043436411,397.6484289950363,104.89491737816209,33.80756909836141,192.41113624220824,4.4470928907247025,206.8172942236211,369.1190213868058,175.15544224325686,5.783796148593645,364.8085837033614,165.03991221001974,245.40765336561392,394.3509653530351,214.81045998991928,417.59297515259476,474.1375000610961,126.89468204980814,378.7292383012163,10.005058238617636,64.61682339542752,88.85731298501798,94.54978393307844,343.2463459143157,202.00158096987823,182.35058861003168,110.10878608056835,108.81126609562558,431.25072341713735,26.169225393647967,182.3230205205668,404.520033914398,294.5867793007867,1.6928280260584128,110.99839038839038,93.17588928152377,179.86420298881274,64.56578788976131,6.1752419404662025,292.9725823476779,383.2904489006292,225.4698700851175,62.9808010867321,455.71950945490255,472.7943475170264,71.74351508671751,210.70030734221547,33.25921192414505,64.61024098288648,237.36120725212788,445.35646772637426,103.70111344320115,18.583943187217123,367.9498219001061,17.561341962592124,251.4125318842555,39.55403193920498,204.7368575416793,251.5251860194812,355.2175158235128,350.74578637386986,200.57567123625032,478.671979032863,295.5959046865728,474.47718411112925,414.28338941746887,12.757377018446869,246.31301152425067,307.7637009551903,291.166068084096,178.5142446023301,9.11256887569789,329.55528557433155,403.60514043228557,86.10493674103436,265.15817202007344,22.252821993546167,368.6349469385625,165.4537203609402,418.54781815482977,124.57098208099782,255.08535919038295,324.87495985329315,156.2614847984653,277.7433903645499,270.13514393888,324.47657153248764,149.06562311939163,422.2792147282641,472.34446494664087,497.9205337456015,438.35372925520727,363.70885592734277,231.77340137973147,454.0670787622102,237.86957266510385,164.00540168826,225.89230393647725,258.7382149611366
231.2615372212196,261.57812072485706,248.630975637057,4.253037343021515,469.2305248810255,4.274103863435186,292.33417489580495,84.31796059950119,381.1268582050233,496.8236137773288,254.5955235809575,399.44473121132825,0.38369670769450304,176.6013797977048,133.20670732173323,327.7789352786298,225.32439874224818,10.509093015338255,344.3863762923231,230.72816808948664,191.43507747953532,327.29848102637465,74.38726207978263,20.30532599837115,119.45251425507524,163.67531651258832,172.03266712232812,135.4293422784746,480.0536269632673,239.0869780714618,489.76190006177603,330.93170385574,142.9815154023005,435.2513483703269,148.74193659689067,32.038379437132114,222.07309854186207,439.21135675029313,136.42409313461258,236.00593494095097,253.12547064662078,496.3289434925486,344.9140860688349,230.9500978577186,257.3417124762883,322.65132388477906,459.71949256958055,224.33246749593027,159.39161297675903,301.35143874166874,353.35255994372443,212.1237316702679,168.09494537805858,444.4841901839025,139.76602790001186,409.8536895319672,456.57601232933905,352.431778089749,221.39327598495805,382.6244726249134,278.64996437964834,328.2891042180336,294.0176119182854,85.95633237808813,328.34228115418347,51.02894935203322,476.5501909405868,430.77085179287934,420.3220042874484,213.22438873156406,191.76287027668903,330.6672461689524,256.4863554399374,434.88325991974455,495.85621772114905,106.898256535722,126.12050385665529,464.65721239037646,70.61388026676502,172.4594106664744,483.5500115026137,360.93814344502147,433.10870218268684,461.9712667060182,409.215194413785,236.1736909852993,225.76007660677737,479.2151971839339,236.249243331205,236.33220524956133,447.59257736365805,277.3404405651342,200.49938420345214,64.0632961316011,393.5032896184495,223.39537962226402,172.19647263341554,375.3248988116403,125.89721356490024,137.0667018271176,95.80039281526965,410.74793083971974,325.52923264418587,91.13541207103282,359.78914077063087,288.2927126067617,1.2836297619930326,470.5243838539093,293.91996009973684,433.89355501360143,395.77554299164626,95.90619840141551,332.2069154435241,315.52215241359676,55.92023864341134,442.26465216761335,219.11632748019326,454.6081603972432,210.46627519886036,176.69795233829794,44.07320388734037,321.36119377632,84.67747908673762,478.35007771648065,26.612982207393276,7.086036986028333,461.81033116358924,59.97283223114258,46.111022559126745,129.13858946269218,95.38273373148087,113.76908566376936,232.11926202562887,367.245199872365,98.51162890922444,482.95201519425217,466.4267155289261,39.671936526343266,79.86371693445737,330.8511096237977,377.0434437050661,368.7920155638725,497.7797527561345,239.12717289447465,18.436820696138888,197.21288260601432,0.16928642537228367,62.88192358919792,128.3157706984512,241.09902617548258,349.6225120862685,265.9379319238498,89.12755764487856,211.10327126230433,281.06497864616495,21.373178694016946,339.2128744540678,285.30678996362377,41.07925501793092,96.77440066244075,2.621515905773475,305.2853964994496,477.4839813873814,284.52018190347803,71.73884616033082,193.7437431390742,122.4644513543856,35.740044205048285,365.6079606299537,311.34966055395205,10.812029141966384,178.12674996324446,266.81073131577097,475.391962175752,217.66256893690849,6.473683613250736,301.59707174781965,499.2960299312871,140.94270604926822,454.3750142793413,431.006883877491,6.944797897274868,422.08181578027285,203.1128039641265,97.01228160064213,289.0111141138918,329.5570763605707,383.9634753063183,13.859867317571496,136.0838710730335,133.07389627151372,275.7625979077673,376.99184461424306,302.40117730353603,8.888530059405541,317.34772984943163,462.41369252641005,389.4034330530254,451.3535570990806,343.08887441946905,138.12886692480865,305.9366733667694,15.646920906828733,101.86212163261355,205.25926617408552,73.94210857633404,65.79370324663769,259.01923196751164,312.4062858118239,342.0210437456267,370.54174674147265,380.35476052499644,374.0189379973409,255.43173818751197,117.84518748982342,138.84136452435243,387.00535035880444,205.16334973197104,340.5080289441681,299.56387062369527,384.77034916810413,304.9669743243279,215.312565295545,346.35211962919897,480.10090863073646,281.89543035227234,269.5808103776709,247.85770226135145,184.73352477448367,237.00209877164824,466.47771635690646,40.80252572850313,26.645935239946628,424.41497500312477,401.68204232043985,444.69194555646186,319.2944105689687,382.28419670208325,86.80739721138819,77.73213388356909,495.56315204243214,78.20130601090646,35.67186784454385,5.08524449545722,290.55514232325964,413.11932640314757,192.59718654937373,380.52051163510083,322.0080652945842,96.16847836002196,230.60934814284457,105.99771034731764,491.7015946351785,204.28054149618592,191.53197214578572,92.03880486497007,298.0628436253239,226.32167529768333,88.24698671758935,472.16884445452985,446.9899386553576,480.9583514562042,17.342217675236416,40.5919732176862,346.0447662177049,165.22919767459427,228.42304017771087,306.44775691115666,488.24799447239377,406.85996222516627,40.64086098346581,379.94153994514613,481.07939795780476,407.47564655214,353.04047792094366,422.5707067928146,325.9965894541756,93.90471507376463,475.7137933078831,26.691268670629988,57.73229449980693,258.4520321114719,498.6163738968347,457.33976791250814,249.68657577067933,266.81896818564064,345.8177461515005,28.64195538688552,383.3428308940367,83.33502307262819,151.5237124123554,413.49928396500155,237.05337343845494,271.31658687701656,415.62513794900775,27.55511504361191,244.603092949011,485.9610092128935,27.706582891791843,4.3172542769543405,88.71862716001183,466.4219398250572,57.085435328249226,119.41510247810028,414.3861515336671,240.96454148184165,293.45338345673156,185.8484266993044,184.8742383457314,459.79122346478107,88.13378469156552,162.0449352308353,76.21195330845038,109.4370361978817,161.80721906197942,73.25308270891223,40.345151684840765,484.3851162040151,251.37189199840304,359.6325555854304,472.07585398628646,203.72500558963614,243.17013015857057,41.43717873431213,268.2465386948527,27.124251768294695,17.806488064382954,9.609444985872184,494.5744314791265,164.89236346448476,39.284005023010046,141.7472718221386,39.21427909914982,472.0553786638719,307.2309268954091,340.3836691073902,403.91997074582343,374.6377235284761,102.18871660886758,184.1560876331312,187.7512375091013,408.6710443859511,185.27205638538058,401.22738525388615,360.0950137556877,208.9039023784155,155.90725988789973,207.828513010706,252.17963071161194,219.9567863133018,498.3453084232303,34.705857972630874,472.1318941324662,41.980413953688675,257.0263866789251,481.52412980861743,455.25789618842043,12.896654295301957,14.827106879836238,417.2154927863559,283.78735957755384,425.39603536078215,91.54357884678416,205.88771476124995,245.43833309603824,200.08273719268993,86.28913936417793,26.448273253509402,252.38811155333974,395.888825245543,392.381025991999,466.5057061626535,389.44513016367796,131.82733689783376,480.1696236813296,93.22455848189381,166.81249059798543,28.211402837823975,59.64470052187182,75.3412657886241,327.9112814796397,465.6184890028605,422.4483336041587,58.308971680884,170.85854538677125,63.58072113495572,231.47690061173927,415.4679133323673,498.0718651597325,165.81756900514873,499.71269905593505,389.27047817379093,241.7986434119843,56.11933274477965,15.051916522435704,245.05115282435497,376.2221972669213,113.87993143739699,9.451392138615732,224.74734311312395,91.87443035857228,305.5841329772083,337.5445744569216,465.97139161491,189.69017540456633,408.3974172955866,280.03709123737826,418.1242833175116,112.97000986125427,274.93420562949785,378.83294655751496,175.90647259030578,448.69214793222494,406.90630483851305,161.93622064394742,499.42383380723055,201.90462244984565,223.55270400150644,401.84377482769014,146.95597838794694,466.3976753212304,213.05323363008227,231.040676040986,112.42393708589088,43.77499247951977,159.23838764277727,308.5485784246126,345.90003668171295,303.28904176080493,349.64697220085725,22.422433042037337,470.77560416694564,438.9082059736786,206.837982619137,33.5923158235984,170.08698571578557,288.89454209408063,411.4119269061994,348.33543993409864,219.27350966661098,264.69617405915324,372.4146359793069,458.18307008372904,445.9620468281938,456.54399409492794,388.3433061161282,309.47039132047394,457.7542266838544,157.84736313486752,254.39338890913498,401.860683377688,76.74587085869034,299.49456829189336,433.44711065084067,60.216733317638656,250.60978680317504,264.0614417374753,54.85677253561416,138.98397382097338,193.04177809114432,419.54619561942434,68.44209730806311,487.76163516996263,252.71545775187377,155.48700920956747,142.41777516001113,401.2891578068358,335.1414127622335,169.89952238605505,494.52263854275753,65.59378300569895,433.4782401327353,344.8235642045532,34.1465659204741,85.58193582863215,475.98060768605234,146.69214544235203,232.4281585529191,479.928008508387,282.1634036408129,27.565488444158348,451.99530927075585,274.8821568374684,496.2705008624324,453.0388591323245,462.07333730195455,33.72363529958178,494.14566957048646,314.2788858284177,378.57858636321686,282.60419179685783,56.006623875552386,64.48466321740753,151.08322336687473,497.19601386538767,53.586602032513085,165.75714858309476,86.29133214260554,240.73729404916904,111.6870538263246,59.728347458528894,371.34928269087703,312.2056152723018,158.39596942301287,442.9014069956493,101.45282862477912,390.29472685927107,391.64573251014417,206.03834565716545,194.01716787520257,56.870381400740186,482.91278089438873,49.925868606299936,12.408828530853565,369.3048004425368,254.37378833484436,204.23055583586736,116.16010860961062,136.15482891039267,37.385094926196075,295.6316701182787,450.3302656641991,218.28771796870876,462.4329246493092,59.67877680248379,191.59046538062879,98.99654012731301,432.2218220818872,445.6634483149589,404.5301799351042,50.468677585116914,54.29332371752338,264.91087142697035,129.08345335168235,393.95706460517096,389.35407531971845,42.52741695060952,230.00617775183363,197.51843553049474,197.7996022329872,297.4898745599287,33.369029602070164,237.76643346399544,129.21573976737622,3.684205062853607,17.023298559558253,350.40952713220753,374.01023072347544,272.44374401716925,335.3039508144057,278.7510208971789,346.4184160008261,87.93118909065312,194.61385669980257,257.6442532695568,339.3101982243423,355.79068601704466,308.4661128475243,282.46395250304363,134.8591864572241,386.47266182815537,59.986186086488594,410.086292599669,91.87370049284371,181.83978470035765,31.13501779821448,135.26687968716172,54.48307290128845,372.4622019737807,286.7612987606969,432.28606549282466,302.7118735484975,170.56310289273412,322.8890214396422,67.88111257738333,382.58870597411504,95.86352605966763,170.7404089320842,227.0803061101191,147.74447984938948,193.33381526600968,32.49390865247687,474.15661017099865,410.8243526774951,174.06278494911325,225.69872085229002,123.71409896910868,158.9559228453052,437.4938815269612,426.89198273158036,274.77017022609544,136.73389370813283,180.4750965963816,153.100341550923,191.05068193414883,347.61466878434425,98.57449044204203,55.95450561515569,495.4825275470037,278.7640724705697,494.39714737452834,347.99896395684175,310.2057640407219,492.1034383595201,452.5259949849815,467.8428767479457,354.3534081231552,295.26009383748607,404.9037692503711,39.762579991945216,287.79771343306777,446.2010201144885,340.028604936914,467.0947976306639,182.2533675393961,309.53917738493914,291.4633970391226,424.664000579937,64.11607684894982,119.13772836582947,216.7419233509948,248.48515687370698,365.67447448427095,446.93580372161506,17.09031244531345,217.9636935659523,246.18583888719127,255.96419251798548,450.97007528958136,203.2828961048114,285.5373368842351,330.89611675049287,25.3523770632188,44.36050948803666,21.30172142230191,78.75028339610296,169.3782982490686,181.43940661768542,255.07506726108548,352.80447456929596,364.62060133927116,123.09293443075636,151.1945511520782,401.9306359191698,168.4646171319276,62.94842141239177,166.3039642414248,104.0125287924552,453.7746711025983,82.02555663782157,270.54737763863585,134.41098218461173,68.78345088530935,294.634776590451,87.33238252928882,452.37562377928896,251.04069959745036,286.41235744524914,322.80536123329597,86.41501592927897,95.46573985023376,451.30637099118127,399.33497945320704,128.52795913292593,189.8810303797204,181.28420572390746,172.20884246325784,188.8005079465635,80.73585293334423,164.9825263598187,98.24555135665297,94.87102828485322,91.32501097079832,351.789518220684,450.91137903092687,408.3429741850649,393.9923293751943,483.03723788364266,292.07066650583005,79.83573080074751,240.1550120194349,273.25305344507063,339.2936927783503,318.3238224893711,489.8314711108519,16.287810445430484,321.3039519169427,296.1045509175627,67.70413591569829,197.9446527954763,163.8845872418642,491.9055736661758,5.23840702810624,211.9626975169615,283.13988111630823,265.64327149316256,28.02953519922502,304.68624975849707,428.5646248897552,440.20555245610603,376.2625939759877,271.3563103534405,70.9395363113221,145.0564434016361,417.93085290019525,214.87400890417914,252.53392534171132,166.6160858302827,355.42152534558664,478.2637314633233,33.376091462822664,423.3081384628274,102.47228573578992,498.81113853424296,38.45910260105223,212.76237395074438,380.90811061441394,109.65563340970769,114.9045796604653,61.16201388991771,85.41590062387183,490.1759329331589,411.2959874559156,403.72851455986716,155.05222670157966,68.87520874398179,410.8941690649212,411.2976869250731,376.89346951838627,186.50284414743334,59.720522646243836,480.04817616511104,375.20801633163717,282.4493525647637,454.2842766354126,107.83802336700398,45.6669126771016,358.00602390569316,483.60810872229223,117.14498254610962,348.6959194085346,171.8423312031041,50.139515782774865,298.02833070424765,419.85615279759116,479.24844801139125,226.31563785734144,213.00794399660384,79.69782746521248,198.76801216481516,417.13702758647025,230.14910667608086,429.7662584888612,466.351194887358,70.12082499416877,450.8070784003413,259.4692828457958,155.5850246614699,448.97809003334095,1.6998319403846995,116.95765624890319,421.3683611557777,40.13264031724045,257.19210683742324,5.764681010991202,124.06001129194566,277.68238805644904,40.772144402380746,442.2016684097254,382.86138999861794,494.9351853852723,427.45360925859285,180.7365882244984,157.4586359564531,317.97496653944364,398.9734043419633,393.7457459713562,0.3410134745444604,107.13330048287423,105.74791143214063,463.2809498316398,324.52912328419507,227.76595273809934,263.22806240003075,485.9454175446014,447.3088916327506,155.4142775664089,247.54687639518724,389.38320288390577,283.5573913040301,150.70074609868144,486.8649548975969,349.8938944058508,271.4292307435525,497.3702481131705,257.42230098565454,335.42844400384,266.1766976035349,114.39923276632436,377.62720911269975,478.6076087866683,62.76500457522499,488.3768823564903,111.88881198452938,175.491797747914,441.4283059812457,246.06499952647488,341.4471602986991,261.0967315519629,151.45854831209516,221.17124972349927,39.1058765017725,250.34756838485467,335.10228919803,438.03711665320344,195.87213033062505,38.616008473765504,409.3217937615181,372.565150558286,362.93621718052304,204.68586456127613,144.4557904711678,355.47309920546047,3.8032132925634454,322.0164514346043,285.33593682934634,215.92718904009217,467.9233895224444,341.5915625618764,350.82378410790426,473.21458937918504,15.536413753128198,49.5279275825275,154.59648199217062,226.66423102221012,120.24240080748505,369.99341754949216,493.8631480411476,63.44873078412006,252.2646675886645,108.21445455533024,6.0675034972646475,347.9957449973264,484.08569879936437,389.5486395791257,328.27308173146105,78.92299848640482,195.72558626794057,272.64945193698037,297.0784441535249,179.08767157583512,416.7136508352562,331.31032840040126,342.75034365115306,36.9366779930268,132.9252032190385,232.91663335594404,18.57021539347137,126.71408146745372,62.37086597218888,317.03732172510547,412.1626492877578,328.1454402723843,403.80258818280555,26.588242213237134,12.20269281568287,133.66587079400995,144.58139051285212,140.97663412948143,177.15909769031722,442.13591246421043,211.4557919381863,454.5487595684697,341.5635209618542,176.84533349758874,247.89069137398377,379.82700747160357,167.53017168489183,131.1892908837293,356.8158110890177,459.168406111242,375.17972263139586,351.08835755379397,124.32978018297763,250.8768066762797,434.0533655864781,462.63228204491975,344.23734919436095,362.39296777821977,116.31940300796367,384.63502356195045,229.01285802286446,433.09675130524363,153.1902201814308,34.02552576795625,51.539795393785724,199.63581589539058,410.1311391803513,336.9507802231885,424.9752856700135,465.26733245983513,226.6758047528466,46.345757748266934,42.04159495703319,394.31643982574525,250.63893156577265,260.83415518402643,50.368597134035355,288.01425879198865,195.4831175452329,376.65652291105516,144.78811232661388,365.5103544910153,64.79787634959744,189.84908178910453,55.180387721212085,219.71521710350055,207.99832532116358,390.8651290406778,423.379968003289,368.3209917794833,350.30960058814736,257.3093133403929,363.13215184015996,426.3642466624268,177.32597979574265,151.2338620734941,319.67659915412526,388.727581878866,419.4333965929001,469.65237287411696,378.85819754586885,148.0872236921375,175.62008733284262,52.880080538708405,418.485891725369,305.10518911625206,235.2133806495129,419.594202456715,181.1616816421211,397.86098870383483,136.69089311420046,339.05356236055917,222.84092833330365,295.187420909072,481.63260430454903,314.5569700458151,350.6101223565339,256.1553630195569,468.54464320326184,389.98326884189686,268.0647279212949,254.93817883102122,322.299929678219,49.66721303970723,476.7557868179084,159.34821629358643,344.84381953093566,277.21540284182583,206.62732929575216,275.77805289880104,259.7101290234755,411.50135659394266,321.75354344654966,273.817184518009,195.6839730135338,404.4771394395086,157.10604295505098,326.0081740838257,417.6219404944263,490.487362716803,311.1191866341911,279.5991815563361,107.71308285751397,291.25125656515394,71.09210983682568,481.5352794636252,187.31433225364609,23.602443056290777,468.2246346003714,442.347306036911,433.48140298002176,380.5329102439307,248.8359250667619,334.81092609360553,416.89524332626166,242.33528123794045,137.2344383518126,282.7461051066681,3.801704132939454,110.49034523991597,200.81933826158698,31.92824489144208,134.4592389201592,123.30016619095402,386.757158938422,336.3138715275461,421.25944204894284,145.36113607499757,159.63063084255353,161.05137598218883,308.32659327632916,377.75206653676634,299.82523406618964,494.7430092869399,227.45613850700613,158.70027529628456,344.7496889060548,180.98015146951357,202.39362139005536,143.99074907819175,17.2415773116153,237.78396478871085,145.83538840307912,112.99689516116085,204.57678018700759,53.22005646020778,176.2886108717287,423.71071183232965,356.22838019947665,71.67204010928785,121.91018968112711,435.35308413892744,13.585373554707015,247.56471650675792,84.28162854749849,167.83410037482548,270.0503101412211,200.23458208652073,284.1614065900218,315.8729125377065,447.1508719525088,193.4359767772567,483.65083910792515,21.726749996308026,90.34140086046877,343.58446098768366,328.48648364153877,345.40404709098,177.1064886974873,185.07058011033956,392.81762182525875,143.52139107134198,233.0918599260911,492.3818362853143,460.66794806870115,451.384606616073,495.4384476113658,196.14133497133312,72.04601874457317,405.4578603492866,469.64606997212,440.21196821317864,312.3271774084479,217.14829409957764,419.7594659366717,148.32267693730978,433.8049981362383,433.1561190992718,76.25644459307456,20.770967303423316,68.48934599865747,242.26458935984869,328.44362966889844,381.77457089277715,423.32307820710196,44.84123135054574,344.46738250051584,406.9718183800299,6.6824822074290635,228.5768927030803,259.72682786570823,92.02922530706064,345.110365899372,6.203804073981855,389.17450710832395,90.08121597988539,284.7610207311142,430.2620520112567,157.9370903669306,324.7749999165158,23.14485339330008,10.670024323552907,400.36987615427313,185.21612117187547,27.86643894933699,195.99295548879553,406.38822903808045,91.48150318575033,98.09591580545674,269.398041312048,58.49417745804458,282.51118207377885,32.686010255514155,444.30241698613906,205.7092804103034,43.552089062726004,166.3151426575794,19.46906802446563,274.8741825976303,99.64172469063392,173.48821953911292,106.08217627441863,372.8310643613926,229.9632412835359,95.73109726511098,429.5830961298192,264.34068486919847,170.71201818653753,96.79771104809647,104.74020746156893,206.27849325185383,434.05333079905313,85.38646599244126,111.64995768308289,41.57217314262785,10.928020478208955,482.9020905259414,314.5285070174904,32.765609240842316,360.5124524407175,167.21472062679877,24.65202348826456,336.50953059036533,378.98624252742553,170.55655142577314,370.5465053977124,6.2929665699000825,323.4677548150001,81.3452601302923,179.83826369464384,221.76264512845228,131.91122117821314,65.05684549514429,469.55140645338224,280.05744802244266,138.6323915524492,238.4399390968201,443.10631295769207,75.22167997147511,86.67851670977394,472.34596128314644,163.567274492861,103.99663793915614,26.89916467161002,107.88617524538546,395.71793670955026,361.99621172587837,471.48017139669827,354.2726709975074,270.0779361205507,429.33664168411656,327.8729576227533,168.9286075127927,37.47398116251627,170.76287326353335,403.19732975544497,75.43648057019064,407.64964955082746,286.6340142474402,259.355781681708,314.6528971047586,81.89093826067251,327.49233730070137,129.39151000399386,339.35530733506204,55.98883519910392,349.1693622641842,373.1414060013024,262.09342047398826,237.04243591024337,17.07914058583343,36.629431133746394,455.98034427020264,405.03512313642386,78.89312750077605,313.2786072906734,164.65368420172578,476.2523617750163,223.8092717459092,2.2831310124779014,427.833733337489,248.78449728258178,401.6438856955805,285.9075092205484,437.04610447190356,200.95500545412375,246.74547073419606,151.69265274310288,115.09725877792049,246.10336848488552,31.86146485194502,473.0652867209489,370.5795114931952,87.66274708207273,2.049585500063844,159.6947482735368,299.78522858729576,306.7601031707277,117.17404891784055,451.92201727590935,398.840815362409,403.73503625247196,17.08990425475687,422.6312372467317,204.89098766023466,216.92393411384887,438.19026880956034,170.79437973100863,440.4961745083529,466.16546299142107,287.7853526915282,330.903917647953,139.98542643092503,322.80735157447276,155.19061844113264,408.93536454744515,83.34097614383951,355.97879520304275,227.86517640100234,446.50809427788806,194.5981313748842,229.51275458304548,67.75300214698504,178.71864426909067,226.99439707951424,174.01652681787195,160.40458240554435,393.3308607667016,280.3212502894536,462.43979538987554,87.236241060835,43.6483363348531,242.16455196975295,164.5403880502113,2.010259628271449,169.1603075122421,66.1714074019334,131.69929182173212,206.42850497988945,468.03852227344817,483.0855893793813,415.45942465747567,86.46096238090462,312.9955107629207,425.3341724900624,115.06659620462855,306.7517623062641,235.2781652210788,385.0869010084693,465.33530944660566,135.8404863732756,75.23744277450939,301.8933900036628,174.54508992571465,46.16069609095652,119.42209853726176,76.85575005862572,438.25371373889595,136.03536781571046,200.23181379706634,381.3850606083398,93.83426296535951,389.0033400903315,85.33096437600551,284.61657638857844,42.4367156498246,299.3647040497104,489.5248930733539,226.07840933191088,347.77031606090316,120.91509012243267,25.42940197933846,135.2274704107289,461.9650489464975,415.48526414477533,405.4073089229071,109.04621532365705,262.4860476654005,93.39530310983668,278.43970881160465,57.770779423031996,331.81963245854956,132.79591321694124,187.01273369233567,499.81120205092253,430.3873305192802,29.483388204903427,338.2028048811301,140.62485906063432,58.01172302063784,127.6976529577597,469.24355610729066,4.018740475163374,416.85990554280914,276.5184742007525,137.64205806779978,229.48032319352944,127.1900482219358,263.03766358833764,335.17208681152266,81.95477903970317,381.4955106525697,381.49739532377174,452.6713928805868,283.5328411109722,122.2533527707273,70.46731331610184,224.15544230403677,196.30612643175593,131.63726546902748,141.9499508823154,276.7542877156381,469.4357836451047,359.78556750443704,261.2415112970253,102.09805146015671,448.73025199449535,103.38136187178453,178.12757190082306,469.8687921258258,276.6778982883509,360.3667403406845,415.3824763007555,40.77342724341093,450.6162369772575,306.0812766383561,225.83166564338742,116.8139451046108,188.89612490969614,432.46110155808566,418.4796033134422,397.5677278794355,147.89446365312935,357.38767735660133,165.96616176888622,259.7486029943575,167.0297909483196,330.08294597081334,88.05858008843964,465.58815108906754,107.70830195823639,132.1590145259339,251.7550632679872,90.48675368185106,60.787320106341525,30.89907471644343,215.72415567258278,188.72647197124792,358.15771885548105,225.24752608772437,421.4205874213532,138.57945086257018,252.44824490804675,489.7082724391717,346.85603536149,245.68991352808501,43.67036283324127,158.5977581741248,358.2747435753326,363.53295230543944,421.38155887057684,193.3807036295357,39.35079743763226,0.11806514927464873,472.86405642209604,77.72768623465942,98.36915430252297,428.12241525734726,126.8024206521392,43.02799609290808,227.32834828060084,459.2080989102496,18.232617267395057,49.56791317813858,301.88262211014757,89.92527855458616,256.5926588940559,96.86204136711335,464.2287525961785,330.4336492923726,218.9830594269878,333.69159727605563,14.659440023558401,143.18624342032427,400.67655688455875,282.243956531448,32.26524872953379,452.25204138180493,187.11534855206207,31.31838911451673,192.94967989699003,160.49288435798854,290.31286712377783,262.4692877256283,133.96816095638368,85.49791122533912,261.17092507245644,59.22711503806144,187.75778401334142,417.59091651298104,208.181097877777,298.21892251214433,362.39094553667337,405.8815973919215,81.2284336776109,300.0922812477838,143.3352663446864,446.36064998622584,66.39813714887538,414.15601106077406,290.5931822997626,281.9046454959913,336.1098446992879,297.18248367744945,310.00361084839267,254.3683347878759,276.0676518372327,498.8951336370134,345.31673637812474,417.1088968586697,494.8611212116954,420.28291161005944,129.11433354614698,176.57448579804725,35.66850147430017,377.65140005995676,482.26033874128916,475.4844502579151,209.00519535845623,193.69542830291715,471.8941410806044,399.7420474410843,144.10966840207507,147.26774946583993,137.86079695098007,108.81796807320154,287.15847319958704,81.96386206483125,360.4468450236702,83.16241173125366,128.5978201680469,200.32758744674967,63.48183923731065,246.69374901929604,83.10748080877312,12.30420809203675,461.63939116382903,214.81100382568425,390.0261558836976,436.23173425737383,263.47684127149876,472.2076334096707,480.84478258861924,454.50882329837873,364.81154545123724,354.47017806123637,492.40983732131986,405.6403123739803,368.30141430286693,227.43454128952555,214.34160444905442,149.6489633930264,274.85030327087884,162.88550419854963,248.8257261415606,121.70390097991046,36.85175247336292,420.46355509696434,305.3141536550879,471.7381285926475,265.1407989753085,456.3641667180761,327.8349590152998,346.56805974106936,19.58725789052618,174.16800686473906,32.35845583339214,225.4244229647646,102.91285967491365,484.52086731162535,342.9851382351808,174.26928842744326,274.65228217976585,97.89131456688848,175.4079644330754,15.139934560709056,493.5800643235459,495.80911732206613,285.2289520896938,26.320503183766718,346.9993930422675,448.8600532299355,219.092668121697,263.4522545756173,418.06398504324636,302.73963028379205,216.05907851304406,425.2824017881648,251.66410409704238,90.44944555150563,279.87248011468574,11.561760325888681,396.24407821571555,229.4433648492004,230.45746127159882,111.81706373005152,254.818765084257,290.7848520357174,222.9881056184902,290.3389444853683,342.76192092814057,265.2310157370364,171.45824843968782,82.326371254137,55.19665672204893,58.47023216291064,277.83173646930595,83.48314767620818,191.54460358049474,205.80691627335028,220.62050073083788,230.81133580220907,76.77042387712896,39.57562024047384,299.8894896004297,190.02857539209234,157.08691913584715,249.97573642256793,448.6748247560231,335.5697707745228,431.8745815192877,225.54604417814895,392.24488491438706,136.88959940108558,471.6146950074666,39.68931511768381,400.50248976945437,404.66283552697865,128.54565663516198,374.68939138229297,306.3360240466511,278.0088893078543,340.64237374977614,237.5329104070691,108.99323558770224,47.42111911402286,74.87698880959614,256.51078211067943,305.7622528114007,387.6793834157532,266.7806745449678,327.5975513250111,244.6424665116612,159.02154918957572,108.0613812072887,312.27611130533546,250.72672846508542,48.486228553976,488.8788468005707,256.78666156946394,147.06016925052828,3.601763015996573,194.74974756508396,117.11807124363766,361.974225551612,464.47127898322134,360.7039808433371,478.4037570811583,320.4658944070277,411.55874454176814,469.4929039803324,343.03223657064797,464.75989825907254,486.4728008299844,123.74759931627166,72.7221254392617,326.6097042441774,445.92661829915653,231.3357277461628,380.3474761668484,251.95930378754704,59.02604344456491,490.3001347161676,270.7967857499138,52.30879459388166,368.93181866637667,53.46811235037602,439.7063203588825,87.56568491733513,409.27500971480555,339.1378625772959,88.39789932721476,202.53123444799047,442.3092445598985,413.4425784560355,440.5843666426645,271.44629830323805,221.4141108082534,425.0790403621131,465.21659376348236,34.83416554644614,88.25104659697442,308.33437207351574,372.69255336806174,269.53752675122234,118.63022937351391,317.7358679591541,415.1970168097497,468.1337120270294,207.27021183534228,298.20482269237175,482.12542229162267,61.05153003229441,393.1836204026053,297.2462699082653,66.30423068358004,275.6389361171445,138.29828973474162,175.34107184187042,424.4895249335683,1.005727131732581,476.3053791129381,413.7772158200378,489.27350509853204,472.93296197248264,412.4222642496103,480.1792882395288,335.4989504082272,132.16618617864762,49.279616541093866,13.128701143611476,109.02411666554312,122.5815072886069,208.03912696154785,176.3356643797288,369.95994439456916,243.72382149373433,179.20924486528122,190.37135504531105,458.90984592944505,123.58928953913446,246.63757464951908,197.76338682318828,48.42444286231018,419.66138754119953,398.8759997608957,95.59693019594829,332.56358624850355,350.8492297194829,45.79423094717849,151.07914773740265,249.25703279795718,9.389574691128722,149.18961658509494,13.792631586411307,355.34121412664166,400.84918144416656,158.99801326496222,358.0091615890918,18.064030892913806,364.46948953109245,53.055547181642346,277.8369868089862,13.022321932250168,336.39899779742626,468.0145571191506,92.8217155125714,293.98596660316184,396.8984597108931,381.0985149723069,188.31068729548412,383.38813617892845,186.21957568042686,396.04869295114355,269.55437778077464,93.07625580852874,128.63459134431122,367.37102590315567,343.7736321404016,217.64227981608397,302.44525577737795,410.713759186988,406.0975666390844,103.67015620380732,206.10417704956052,413.7698237419955,133.93895373868625,359.195089366613,340.50322677980154,246.695361433373,256.1946172484464,235.40291170230705,291.8460576849638,79.64342366174243,254.52750102603255,179.73536318239834,348.4840045292455,228.37702246086383,172.74638934685217,125.6392300907228,35.76806715093317,27.84987419696755,14.016327866797573,332.283109492059,209.46118911044863,333.27729701115504,310.72925271006284,188.50672437020216,303.9678066314562,239.65715495394662,275.7882282587369,263.49870664459615,150.79552852409728,339.32636924161454,44.30290276790638,81.18428256188415,293.9027734340429,472.303580761842,337.945465089271,343.22063327059203,474.64270690253807,326.48077494663414,157.57443615873873,153.80106124125174,89.20424325410391,392.50937437280436,57.77758752067008,134.32621747007016,483.0273699967417,216.5967644239609,461.49462983892175,419.24592087897406,61.89688437368485,391.6003130284842,470.7745037461927,287.52682600326347,266.70303548332333,465.5213393695625,325.4839994147954,165.73198977065056,74.30475955253024,428.2489736402313,150.8661634366266,471.2516732354439,12.794741917223574,0.751870566416124,219.60096325382779,296.1293429165136,175.1020703476357,342.97706221441115,424.6752265780105,435.5111271333204,172.03974462058818,465.8670937674337,443.1611960398756,416.0550332446326,453.3128379269943,100.21943245327824,260.7389266401377,447.14704205987397,283.7500797822698,55.067295197861576,130.93541218319888,345.57445000748373,141.14225118837226,386.04029148917857,309.22231375808565,155.5789357859118,188.83103937458856,95.56533156186592,399.52468246249356,66.56430844297023,268.13717975853143,413.3163946418635,334.46368071235827,8.472489691122743,71.46807957935857,484.570970272278,384.64479063708035,156.26256467275647,36.96650643913163,469.19684595914714,292.1498714854999,314.51245969425855,136.89436798033648,334.4504282417113,186.03546545667592,322.2730230507321,289.99145705534147,173.30919042203675,343.10171387719913,261.5316015041934,295.6851003972384,90.60283540414865,56.45896455929078,72.56244468952117,395.6196112511825,117.233517231366,331.18031912561514,410.1875833093238,137.88878226941654,216.1067943674222,221.67828165811542,70.99216765030819,302.8647032718672,1.659164495218024,308.46166685019415,438.8403523776724,449.8629277316351,412.4513476602703,8.773268562125624,33.30007996146045,267.3069682708224,2.5645136498308463,29.59551028296331,184.13804140775235,28.853266173150814,416.71054630390097,201.33108591214932,195.54303936393708,333.2644836314657,390.1228783264106,316.21026976653775,221.19747314655058,96.37547599203383,441.79254040488826,135.82339753274925,184.07515231799658,170.49797179172776,98.8073584018454,299.3075032080224,59.046394104414254,260.95374609461663,414.8193790379288,75.50851950230985,429.6984307979684,417.61003005702105,463.90236977283877,250.67744513133115,45.99197437863739,53.10258869048789,172.4713678369018,53.64869870435168,34.47144025125309,395.0787567438716,254.02526914017955,383.8969727778811,73.39066280565659,415.7286856911642,19.317845596451775,455.67674919506817,202.7127101224616,452.84430866161415,99.91384855170149,461.2145701004857,487.8812929680979,241.09537901670103,37.10044834217269,411.0334006590925,37.226637133221665,98.82199873870961,331.18802103675216,162.2191596901032,91.9200086025766,66.53071934678096,109.79761296663348,226.46647500746835,180.76585807843887,247.5285754083039,328.5268925434599,368.40610909877194,19.12624757643433,128.8689081924746,207.06893104892927,368.3297312104893,220.57926853017312,342.7818511552518,297.4893393044715,493.90232702039947,190.36538799733265,232.53563665715498,432.5059665454953,181.02668304709997,450.9575980585793,393.56849088397774,135.6189497548262,274.49183522566466,460.44651906428027,10.668428083351,453.24431056439784,360.1771893545597,444.4912913032832,219.84875555063593,211.5668452247418,341.73994983931897,458.9225320913164,373.2830341395893,150.38144983964895,458.16615096628425,390.03488050025953,22.97116948180722,402.0306512277363,271.03941804442445,138.63541739842984,439.6521235499345,43.01146695828412,47.179184626754356,26.18887873727188,406.1998758170751,413.5381188613166,409.75664069100674,386.65495904778174,67.30992380759382,413.5262860910501,64.11654956530028,3.7459007108618936,151.1611022023443,106.32304916037133,339.8480935352799,465.3626878239434,319.7134642579296,95.93541506972409,94.30877904049773,274.7409380671737,413.6233975037418,188.54357767227276,174.53942209467778,297.42631747533585,77.93788727818718,220.117095548451,436.17994441477026,448.37651551348716,204.95458878348606,355.27046890686466,50.26496780521084,475.87831334308225,304.7906423867231,168.29260935515077,15.962112195899824,469.1791785332197,239.53881169028867,27.82819963053512,80.6033302701219,370.1630215740124,290.38994511567466,105.85471981149274,163.60811369853096,256.76180124798094,256.12104071923477,179.52940800421564,347.8119922406169,401.79162190560345,313.00756213367924,306.3552188507732,34.45310916609784,202.4329056993014,430.653343185862,422.4844227293905,178.1439854051734,487.19393593850236,334.53697533750994,152.44396642559838,333.7366554280282,71.04581477625548,471.4551719793113,314.4534380903178,158.24892053131185,401.10639772722095,44.18374686619331,77.55752792006659,281.46392347524795,331.86057508073645,382.7136051412177,9.584658417569504,495.1896458315289,31.395749764648595,494.69558697385867,43.00086340465914,11.914602874277646,114.87727564010808,465.3539573429205,339.2229184154934,184.37765149239883,386.0461751118676,279.8344265798698,131.29901088913874,379.6381432064959,281.3796426899164,184.3290534292621,13.873471382702062,119.86256876350116,342.7784866037829,468.3952000199916,12.680106552927894,206.69210370017927,339.50937098526754,134.08936719283705,45.54176530694887,69.1190455247
304.4586457453107,217.03684501997884,278.59308636978307,270.69730210143956,409.03762451200924,466.4200771378963,138.32937146692203,82.72418265921344,408.97290785939595,130.26000888509842,128.79191960520149,489.7858769353753,333.34591501683906,224.4462906326823,427.9624978054536,251.31755079512692,283.8739050512294,343.47217219410356,196.42228237614145,237.86977034505068,339.97197565870044,322.6779064967878,474.1588272623509,137.2099257313888,427.6354738080112,377.9217403179198,393.8768798765448,22.896530532811266,454.3101752531425,88.40666827716726,383.24260971041963,172.5180120622344,261.6993052758165,318.01305728375655,39.19560519644188,52.72826572274475,236.03562338384148,11.054192460743295,268.89370681273783,192.45552113392117,332.4324118414298,48.82375510968801,26.59383763657469,167.1964939299757,163.60740526533164,237.1367708513814,306.1842494599816,94.15853932266648,146.27112580398077,328.4588771757798,28.42935812356484,100.0261382366418,258.0712902387722,328.5265876724738,329.67377199936834,224.17613776475986,456.26732584713506,144.30102051758155,440.5171108848159,307.1826068215062,304.9577522049166,101.20618148404564,331.4092279628609,444.09364315075993,297.8772805089966,125.54864855193098,431.8480618111017,439.85235342201787,480.6208696598132,154.842759199802,213.66467145860742,498.2946782748722,125.90068701401536,266.5265043100148,425.7350298844791,296.18133775433614,334.6593611424696,28.79619488339741,368.8927326715302,372.8989339835126,332.25158207017944,269.9284094064084,36.185569169766616,419.72196142215034,416.40788670448745,346.56735324362205,82.10272083712566,176.1828809043165,3.013711290480503,87.67081102390651,202.7165117499155,118.33195470616931,291.46340533101016,108.09939721475709,165.23572547628424,172.80511265098235,495.72266515222384,353.70352674798636,77.23644829865955,298.6366522311812,27.43222172139703,324.2831331325252,405.12317463110554,331.14028870787604,147.20929841329527,210.3967482899708,295.149470941175,485.49326011406094,227.54037027445108,71.38088091337147,119.99656584429025,285.7749361338159,73.43190761646068,166.58897590755484,300.4559846556529,144.14904517108502,79.50499388578419,198.9392091501766,356.1323802031975,49.3929354709523,74.47463942400407,401.81842784673455,342.2758740663436,413.47301509210456,231.45122673181885,440.46009276567804,407.9848466056042,483.7380756736403,118.36870359167573,353.6852403311536,472.3398432729786,46.06311101353211,63.27745520770728,420.52776361891205,69.82637649176388,45.62353329913127,64.55894009049406,233.73275799644517,9.369173610606019,42.461032750142955,33.13916777395465,435.54229149907854,43.75245097159047,365.28895642705834,204.32231427919456,418.36917977284395,97.23271553785689,492.23609577862936,133.53775925740686,226.1959117797443,117.42064039542566,307.1152615008169,156.4364639223615,239.28973087076332,329.2253297465296,194.67954631875728,32.781427732771654,162.0788303476313,15.121967914201672,372.8181951959616,68.30766520559789,37.89906859359965,202.25241550117417,76.12798901872603,252.61757762313653,451.5027093278795,171.22154952522317,92.75643142817486,200.51169016532617,75.99918273486772,122.2865908171381,317.81615489761447,278.8069024697549,441.85911086422095,326.0040874309301,16.52191297310196,445.44898903825793,1.1275542380990156,488.24564340889776,77.65937051814603,74.76730720674779,110.51314345069524,333.0285568445932,130.39963377372732,227.11937354803857,203.4226859286309,18.10995364772905,217.37817264858612,317.9232758233294,309.70205263194333,249.1427386048425,348.7616036808505,435.0627996313858,324.72921381832333,381.24612730718485,425.32116893179625,307.7955721966114,430.5497789550828,325.9505586483826,123.01761444938857,371.540364187448,449.4165653557292,93.80124969647014,475.5539081644806,57.86894827207561,228.29464112990027,394.4543480403355,285.01466412261595,197.92133638434834,449.3241365462004,119.9812323826539,377.350740560216,112.04385152634572,56.65441688043133,149.39199696555855,410.74327071443935,186.51750332171497,36.48113409911219,107.18221909530867,64.96851705668944,309.23011020175016,130.2325541294985,388.0602473001606,41.43504764334705,265.4809157440224,344.10203580594435,77.99796950467596,27.823097413693322,172.31843095816652,241.1744938025454,267.11659503968457,86.09163006205716,218.2324241301286,355.74309480849433,168.71912881333867,432.2240271690568,441.08605811184066,105.44828055689298,288.95799259662766,73.73890389873844,169.04602894044228,138.4813680901748,414.0922979371997,42.37138930680074,425.5154421320758,42.06445471917891,496.88342100555855,248.6112218339025,118.59284686694626,58.08315415632309,64.92961779506534,201.65640117886403,173.12331512669314,105.44821865600917,153.71465362192177,381.2620354449113,91.2485311103069,354.28007732115105,342.51450563523355,41.52929662884519,281.2353642435383,295.4013910349912,133.99642458316225,250.12275941182753,259.26654798333567,371.2803248311098,199.9095817556008,379.1989901583067,95.25162730613485,416.5423918076582,469.8269290113398,213.42816774466388,217.4512987642674,197.71223672381555,216.13783371766615,93.67908545109927,98.36288965036243,298.4072352948109,493.92255327690464,151.71314309041583,310.4489522613181,334.2935864798159,313.9009703330988,422.09735071855783,238.66213751574628,181.39299066598403,311.0385790157574,329.63984362241143,124.408919745012,385.85305911806245,299.35998735072155,345.1465289849395,172.5422017816262,487.2204664197718,215.81604856933927,226.79948525860232,33.35079690155418,392.58948713795047,103.7293619391877,61.2313204313219,31.99290608964772,115.25603120285899,168.87435961463876,123.78234963483031,212.8163869305581,191.16783049160762,254.37423379576347,8.520952764868305,144.3824111584967,33.50869414255481,168.987709229372,462.0816067040406,482.96042276103964,493.13240765114983,476.9284545621213,474.340836356774,358.55095107980117,401.22309404520087,7.681124159407915,106.08713568655403,421.70693325038127,122.44516399533923,206.70294672051438,319.2531252383193,380.0271665311239,494.8230141620123,173.10157355473277,200.4720345363617,441.563630782763,4.9680720218922,245.4375730126116,275.65202990903964,465.811339465259,167.26289760016078,112.92211616352787,61.01916987563316,134.06215358088141,213.71264370868204,55.21266470938657,276.7508755098653,345.0649097769087,155.6248415508007,285.73865470727424,412.82772304976993,405.4564051992335,34.05626089273067,259.6672025565498,468.7384473433479,51.76238321859805,172.983415249158,287.07664881608144,411.4222769395698,68.54710716164692,470.6157151110166,90.15012169160985,87.60143936812732,116.3192972455871,362.8384407835883,190.21694071405625,471.06531467691303,462.07226566885936,321.2568489686133,217.76453441938182,202.7148534497375,255.26232519543885,131.67244544859142,476.9421430370986,283.07589069513307,82.00517654472667,308.48830968108683,433.2661310641354,124.89993620749651,108.79093256359451,399.43230732661925,298.65924953734594,442.80557964148136,467.51180994591897,100.5042370298746,341.58691169643043,479.2355896510658,239.2244009955168,415.02646434339795,383.3395339684934,399.21788303377065,130.52458012252725,115.27577627632418,69.74110867174998,169.00633916166325,68.21789857574079,65.77253033696967,387.57575737357587,99.81723804812559,158.39953959236502,86.51324138467653,324.0579981468148,276.39871755892403,176.63836171142606,235.78481597010648,59.45293646471822,242.86654872107349,124.88172691459127,348.3674635412772,444.4232762209384,137.15489262535874,33.829589974373576,407.919951333334,316.5087636257655,15.985576477442919,74.0157146137922,404.4987443570153,62.20916432461859,76.09397612994512,332.8690459674644,143.63881192087874,118.40197047123414,415.35983905326793,336.5599392429563,79.73035198750983,237.88734238366678,220.97068900008804,296.69997070594167,255.9163227556895,42.33406535183565,209.36404170157292,115.22043583205516,476.51868409362106,93.52358967552298,166.95731649057123,134.68374102332197,477.14081187362683,143.1760167576286,101.39101505329063,471.08774211742724,456.49418500435996,186.69041133361642,447.4232048101511,279.0021597142071,246.09511096821814,213.6585813834888,33.536989742733894,4.840799653590855,434.0776490292196,136.6225807597518,98.80366171157662,472.34457962956117,406.5014046900516,410.6304381149009,119.88174487196763,176.52174850478636,242.4680046827452,387.33045637157153,365.9006283195792,482.7062229760844,160.84222597723087,29.195309236455135,258.3610430547555,52.65078452329636,88.44499474594919,138.566244366212,52.653982706970524,223.9530475026132,291.45060757603426,474.5790241759546,126.91430583097785,336.49933592893757,185.32488563804017,97.95108654257744,374.4191080605525,209.9373013948959,289.1757680145668,18.168785299247258,36.50110259373912,45.705286708543234,345.8769780065067,38.43870401739286,266.44443653640434,433.66029984100817,465.73591800422867,371.240465927901,348.66569444293907,292.5476716842019,293.27680153866714,123.58687942647761,415.60071279104085,351.22691069217603,458.2751121382293,284.78213662855745,494.45975337793965,292.3569520115547,0.35403375604708964,412.1819871447548,416.24728378809766,263.4199779708063,216.69717409121847,318.84108218570805,11.058428839783641,217.96607751177666,274.9507211128517,487.2299909114482,190.10278605375913,493.5965090111955,155.60642896447692,286.35908826618135,156.99878294748353,423.52662370752836,409.3641909901604,80.65163846700885,359.3295864493707,348.8686440888663,40.185101445109176,443.4773715106703,321.98645088316624,474.2295270613055,3.2952954337996943,62.499804278647986,166.94536217733537,84.79656768500315,476.35065877254567,351.89229169417393,144.37376543874103,120.60701444904048,450.9612938098924,399.3272262445196,330.8476896704336,200.84541492465053,390.0146634621478,490.18462997848735,146.39356663134578,342.52325705333027,467.83621555633573,428.0253893329577,397.93670337100315,341.0038407808788,438.88528268348,454.3803719308849,303.24337202827223,365.8114067394626,409.0084355489432,335.46723676695933,13.929776380563919,90.08468699491718,246.2100864723981,100.18372159174722,476.9259312521708,75.97091649504057,331.13608405370195,272.9107238876397,71.16685995629574,377.0149333752185,264.55059654983546,460.4865599240884,307.71442841125804,287.0958890635125,213.61196743849558,358.25621127386336,326.483386844372,256.0572282123137,39.32329831180248,433.36758507241797,237.0730063574351,489.22520120661073,132.0952599119269,434.70799190888346,356.1663674823345,19.00936077669213,91.86968080810438,226.30390924859034,305.72747834180535,299.40039655586577,431.88960530107306,76.32454408683792,87.54428196872793,254.6976462290378,223.3424373170178,396.0166899920941,380.3200725801928,248.16695207235645,2.6104573256798824,189.79454000076635,327.24893232791715,81.40609428411555,100.71223191705275,65.27663523039462,142.26269774913158,151.78172275620938,306.1025741111598,372.5993599227822,440.3162875605433,150.08015612569824,478.4826186387105,384.36336352826635,334.10112611148855,185.22120787825398,478.0593239163527,160.22257187136196,60.17661192249868,368.8373357385804,330.734987360961,154.56751012726528,425.3296203991789,160.00885801389725,234.43944857672733,84.23605242329252,402.90762304438647,155.72532492437884,101.92482238476263,413.5181455292058,238.96332388113,35.556747238015106,35.41072870797024,104.72175331534739,415.9475795710853,82.08251316669207,298.94008069187163,273.7652516685078,440.1694745477488,284.1704318274149,473.1296907934841,113.21130942312519,414.32404224965114,408.91275624742633,230.4902756793865,344.9748515029786,71.5644412018358,430.2740257321354,455.56069505574385,20.898517407484107,480.7442264285463,272.90589681135486,135.29097269927914,394.2733080741991,190.57024253752257,338.9411668523624,215.74057528733616,283.02915648545525,427.0980642013188,273.215220882357,188.97832737069086,113.29226379969204,463.44918210230117,212.61124197812288,67.58431871973819,425.59712113938,385.6866222294091,91.16723803220312,71.62455883128655,114.6834912629896,57.56324649448097,13.040112033921913,321.8953511515183,462.1480482453601,346.9010481458105,330.4760361828543,43.62194345722187,280.0961290483169,337.66545572528173,360.39660771305347,378.82937840698133,233.23632463244425,207.25026543926757,356.7655164827373,278.69826575638416,401.7451497218719,149.93919433623032,393.1585899048708,17.35203610607028,77.94670254277125,364.05569315616316,258.2054909629793,48.89103766165681,293.9882318192899,376.88239015963273,386.1550068709596,277.4194744497499,221.0278103900209,58.468841891180624,397.4038384689062,477.86675712093444,1.9204682372371829,487.8612462200119,375.1505982651258,211.75358761341866,325.49018045445604,348.01783365840737,91.44697516284594,66.47489753096231,498.08730020719287,401.9800274021685,252.16201250849295,412.76421962890174,443.934214849975,134.5835578894433,260.37739797038756,245.43321779997302,85.48162911351132,102.14750193926653,87.04890481574785,9.925854058425776,358.5577566571324,293.3490586789406,324.1298650350008,118.99047855030275,92.28502339817373,188.33879113062986,201.21203365610984,99.21060928220027,338.58094872095626,337.81322437711265,257.24938606130667,242.33319003933184,129.2007379734479,78.20069397313002,295.420110026756,492.7763780239067,351.1262981814225,69.83840869566343,226.44268564217583,319.39798742915724,170.37820618872058,34.70704726812396,80.58253012880468,431.3626622328819,190.3004449170537,274.3604221400686,495.5338382324324,490.1329259509207,1.5443757256808355,355.72591203907035,71.63000974595435,220.18023043632306,301.1412861535952,68.73409336201463,218.49892752261152,467.9401846156778,418.3811825566017,30.707575135903163,67.54647124407947,318.7082273016332,417.4260818687738,275.7207275320803,17.114064689076393,474.0134128025622,139.56457314433013,279.5097749075062,337.34696563108065,369.24560068645343,483.8204011887746,174.23843759518687,439.1029800741288,443.87883590650915,293.77683216814074,285.200015406153,461.17088847068806,305.9334044831525,213.29847314804636,480.35110992728136,41.736760340014946,432.7402429966092,93.73161642272527,239.78684492129776,48.47543533888848,354.92538783215434,383.9167471736941,226.21324819402832,197.7822707304077,484.65119220219617,147.7797224923786,5.340404280723243,29.593614746725116,395.1110374645086,338.627851956425,477.7927448688259,376.32017501385457,405.8630194138388,395.4833692291489,3.7192205485372942,167.01162594090036,438.35037549122103,133.82214437735414,323.72351418451643,220.03101875637572,461.6072293036176,260.90853600968103,466.781318676657,441.42528159769694,340.2453699051242,380.1353163116941,186.89758963200643,283.9154922695193,8.421952777343368,465.71799198236005,124.13790708527816,473.950906156948,484.85922971742025,44.75085432590714,102.19625877560951,491.6454284587158,461.36996784396484,435.7133606967704,426.1233189243242,90.41027076551312,315.19235314530005,135.28061129700401,385.5793126324927,437.15368251197043,484.3858029520251,93.67288038851868,260.5581072314586,315.7419722909512,405.22879732479777,36.37668763207474,140.88584064534882,220.71342661972787,464.77475356054134,52.43267795806844,321.6022739765378,174.00525457327188,62.384243579378165,167.2254234656453,327.2571473176143,349.2022668610788,294.4257088252717,336.8592942274389,52.75092668883974,50.61792664625464,20.96641819529005,369.37131883534323,249.7051352421591,120.98688100584421,272.0690566715776,67.04806638305777,381.5206802063341,116.22266633000838,365.4395184103587,416.31520249296875,125.77673148641306,254.18170705088693,386.64755211021543,364.5740356662217,75.56471817609689,163.04503679942417,396.43540024106557,356.52182927596635,141.15107447700643,426.767048085083,179.65805440910577,138.52785453019112,122.63023768528225,135.71796465167458,186.35132050214426,223.95869996543883,111.3357678479242,123.786252863396,363.28059451251556,390.96678804705425,157.13231875563505,353.19162047358014,186.49151425034165,81.60186854649776,397.663062678923,362.88804621845657,97.70279132154342,34.47517145247681,129.07027346532996,38.09762799376942,402.19252387959074,7.266847454940606,276.7411908621629,406.05966300534885,157.74621709991555,439.30492624774774,114.93446816142627,332.97182791419345,227.9760764618623,155.80771898607048,306.38637864782766,45.65080812160877,235.74053422738083,340.61037303404134,314.1476785365509,93.64381976457031,282.24950490745675,233.79953025489542,222.54562543436728,349.5659363540908,430.07771940863194,422.533407304289,139.89366919116807,116.24099915947367,107.31724505721141,360.43701302397466,88.11004261719285,228.70863574808575,224.8340721071227,41.04382107627724,93.50069409378197,239.39141884925547,208.32947369058618,148.38894512547242,232.01588554490044,217.31370736593826,41.9677871935687,342.0468676827243,395.9588706120629,482.8587730504413,183.4820245806973,437.8829870242187,435.52834566217075,475.5132883731863,422.2581131221368,393.839380766302,27.160807272913644,382.6137089055766,445.77731419746675,459.2652918045444,310.17615814235484,481.8016678952831,318.32346557392833,230.84212018118654,162.77735904891617,436.13480559329923,349.39646613329757,465.75716146560194,425.751592488359,3.745881461823808,470.14240564424546,268.72267480268334,48.23783318877223,397.16563752695254,163.65758956989214,18.682997446022974,402.5660837968079,359.9994162105475,419.500796236874,75.89162661551686,464.52209655928914,284.57913750875053,347.14781397607663,264.2001925199855,492.4944618463899,262.91181242306635,292.82115730734944,9.647988038885336,435.63132982179735,322.1618203053724,323.0675600507257,167.4404606740868,460.00562036944694,143.63855206750998,301.72058235127037,461.9309075368096,142.3454376608843,147.64447069388882,281.12003877090194,146.66456597256982,282.4088368988118,173.38934467836825,279.6749917040157,482.3458742350361,427.975176974977,380.7789274552654,448.9206783958026,460.10683778259124,34.230847486762585,462.6306691212627,353.2562605866497,15.037414056423392,346.84901714761156,39.197788309724146,139.14566478273045,99.80089373537437,79.27297664382793,370.6289810374502,293.45695135499636,391.5200712894404,442.6688644284265,429.2192672120994,490.346325713515,74.1336676345556,77.33275464682038,50.77998667240252,413.52150761853426,4.659154225936213,380.4627699029985,468.3059993322327,319.0392359451266,114.48921384902394,142.98039364998988,417.41366538207507,38.09900103093228,486.1434071082061,292.66492253485444,23.289459078149054,489.86561988489444,241.38665056776398,20.749783579522006,429.7117051267275,171.11493220450686,467.13284757534234,46.621642570852494,411.4801478774492,414.0552753966474,179.9621379249155,340.90508126293156,135.0332446181681,24.651034490314473,250.47934141634028,275.5684080262198,123.55921810908349,433.01231060417786,371.57709956209646,392.4438554701986,115.10449068464146,363.5237679138948,85.69978066951062,429.29076681933077,497.6178181266084,261.6398598885638,302.81948298245544,133.15585965435685,326.1570681950984,20.177334856075312,498.93904874496184,193.29505122102276,77.54144507377542,351.2619682348472,7.2572597575120135,483.84665599704766,499.41535786236955,138.39934564149686,96.23239969497743,216.31185022894329,275.2474859561571,480.0617085225011,121.7022070110234,306.9862286721709,128.4454004472127,168.98124250281066,143.66336529677477,286.2683049271616,21.834189356236156,40.27744491071073,250.87758604003037,352.0917334691734,437.42509284204067,368.01039443636427,61.28877802993876,41.439671403992406,301.9325643457664,278.3648783882748,148.96754746886614,193.74295626077625,18.59037260244173,184.05788405994338,90.9229868859473,374.7792856510823,245.84757545615628,129.79678863466066,51.47481127520043,481.35488349074865,373.6246147931208,77.04399856115057,68.46194778001785,125.24571522918026,251.44327783441227,289.6899863482251,12.786278826350916,407.01317389597045,266.2363212671838,131.67692907834223,70.13239826717916,382.77612454627246,126.16407419783604,272.1759851884071,82.70053653937521,332.4220862847315,190.58685184138142,307.5920848847422,458.58240596942784,65.36201212037813,110.21970324747716,139.80778640007946,445.71750238072246,352.1549866010193,21.86023677968202,189.51178818326457,315.51441308826475,176.0152716670706,253.28282894660225,208.52545294593367,51.0144144847886,339.63073241349673,71.49245141575882,256.0523770880082,33.21646272642037,138.90861493920076,168.6476622817899,144.76119084448408,225.68242800109346,113.50445980021651,149.78318900612615,338.52327470078757,243.25600791560703,257.46983657412994,496.23194622935404,430.8647785190634,157.62505586281821,385.67079014371274,492.714752379639,36.26625374617631,32.04130453318882,453.92767008507684,394.0230599701282,40.13283571021309,32.77739109903727,353.25995699352916,152.32848540639608,39.072473784548755,450.93824051332683,175.48407474858652,223.37637747988248,75.6734446965348,267.9151305512135,170.14066064804794,352.6909945688722,171.67722150861047,235.5085222316491,419.3809625673591,59.107160462626155,147.94827526093297,375.9104679839628,121.58082717040608,247.9782783684978,195.41814423353188,362.85102264355316,121.51960530276273,246.98572612176756,287.51515948295383,241.98653290597744,197.46870636934727,346.68838391604004,457.9033439115288,330.6574146061772,328.6184957635769,3.5150221780979596,280.5308628109626,434.9450178292845,75.78797830144663,125.04949468112841,292.72059372402776,154.43753156338443,162.74069460332262,297.06443966022977,185.01803941920824,227.65638588064357,39.46094025702085,214.63446545282395,202.0911715869879,149.80794717618667,10.231671086417371,326.9359484439576,460.8649570503531,431.83099638359226,255.9563993993384,479.6110985833323,393.41123822407417,142.7166643709225,480.82801153349993,457.3200688020458,472.8415228643469,441.453811987024,483.7948632251188,326.44096470117194,487.5452618331786,406.48039713763416,478.6988087629083,152.60571207864032,170.46773099258837,365.67730588664176,182.78982178318537,43.585617206404194,179.61949969009638,481.21320379370235,35.98410624663079,390.14357900687634,213.6987922408255,489.8263381030321,201.07254724785906,281.2428007855047,340.1813691549871,402.56314664687505,75.01291650762664,307.16999004397064,379.6846235548188,213.3729555686179,338.2334814731919,196.39135355744025,458.79375230695064,6.597476517767764,304.65480472621977,424.1592462243142,430.7345282066202,58.40719750108691,465.53789981774906,440.7201786477263,292.5036855336794,384.25376171839673,112.4634161218378,412.1006045953422,415.7304524466545,298.3822192646011,483.31355168154556,59.29264346371627,75.54663452745642,338.2018917701204,308.60069896645103,393.5779430611519,321.0446710467494,232.8531823070066,191.0271756958571,81.28561194370177,134.3920925345037,286.9063140787285,252.863643166176,134.84570004800972,152.50450663250015,441.30406267813316,264.9002455478502,170.2702758743977,449.3595458433694,187.48274619441457,284.28619491829687,88.59668406413951,120.76905558915024,499.9969796902103,266.2898649327525,380.42988051139986,53.35270949200205,137.49440932696277,465.853804148401,212.0280460698003,249.98631111449555,386.9182213108968,222.38299469990318,41.09564867627397,15.218026239657345,274.20775434899605,343.0878229790506,232.15837212585893,53.94186357405933,455.9492643750344,383.523509047499,462.97579035972973,369.4103551306258,195.08582805730734,372.42427756135146,125.28361846696046,311.4165108456311,54.79823115444127,358.3893219525626,188.62312201224162,53.20430559116518,365.60643712547943,491.4753426947664,90.85960850496299,415.45454464000034,218.93573656122194,64.30310592045868,325.70815161217456,277.9684485394864,113.1860627469452,221.44792948961705,1.0087980655777429,121.09267885363462,24.391845679078095,220.83713813294608,335.29989057049767,359.91056604966593,46.23107106205626,464.58946316506496,24.8219803530782,18.530840585599396,213.78783430470182,401.4470673581047,320.69888454691096,188.49248707497236,405.85967057585435,407.9394772639194,122.83734844559363,209.8029494986218,321.7691029974447,42.23574303332983,374.2857250931294,490.1843398859638,175.47465506412448,243.78471244088928,374.74571926556047,382.28202629106886,345.3869308604668,384.4136736775345,0.16768011788764747,302.23057316916714,463.1718032878469,78.72580762345022,426.07973254046686,260.29766904839914,418.9994558385355,177.68414741509613,202.9673469235879,11.74673612243382,362.7677819093704,362.239808398467,85.32794948833472,422.3730411261874,398.4173610534724,172.28823180368985,153.06479798219374,181.94609500673215,57.510951348680614,459.6557079746273,31.968373327376288,10.452484882918778,112.65865566039373,358.65823970882343,92.59394114646918,458.34729072433623,346.5983461130328,210.21420493086868,117.93251422507495,173.25436652451793,378.50157732154315,279.67868956656395,57.63433617416275,140.97615103597084,109.59377418983374,31.441700258102056,376.28219220127465,171.05932334991502,322.29642667031663,186.3332886780787,125.86298675058794,454.2766960531463,238.13279437068235,188.43650244905103,36.65309839758424,324.9029379355853,476.6524170248916,196.0678586576926,319.3412942087196,193.79997274480414,2.781401134496986,233.48340692359426,351.752615857125,60.48630765170526,303.6315890001886,141.0280227305168,64.2017740520885,370.9548153141945,24.581565683547304,495.2316106038662,456.1642992302868,342.296545669218,24.812911542782036,168.24138342490102,170.43608127593612,309.9315574827238,458.105123539748,207.5518409963977,122.09744235142055,18.061105774091146,228.2270343386687,35.53147104103604,350.40263714125035,213.85259726367283,483.891670319768,294.8869701064437,282.64186380152523,203.62044334288586,194.38406037073042,390.0011649170493,188.2890348690644,129.05205327364888,415.0891088287369,130.58844077742847,133.7894567799483,396.1809200165331,364.6674577001171,415.2108486481373,189.863347259004,409.23935271342225,294.26014003132076,286.1417872056536,33.34912398590151,497.3220569927894,34.576321810524114,170.13335471686713,408.61909203825417,314.5416968125583,93.5353268448243,451.7395646993963,164.7525873846713,372.16710887313076,149.80669308498506,459.84344291354085,362.6671482373636,103.35801824776574,353.50920754346953,159.66834268022623,116.32295679482668,475.4475285362015,95.24427751929699,200.53384232559353,48.21252999783604,416.83341374050116,273.67020440081217,152.91116929450348,109.19707218131575,228.03203703929432,375.2130062567489,300.02071938851344,218.06176353127228,342.21955686012006,301.6214249981507,345.1824596901525,428.2169242953298,10.517512686635088,457.9017078384399,446.44746165594484,56.830155479125125,445.57047587933727,213.52318243665013,197.66125515392037,278.4482280989925,435.8961977351464,218.47591089389417,163.62152959406157,132.61999756651915,260.24687952622946,359.5335780576169,251.5840607579856,403.04569617911375,459.31429202510486,76.66475263682344,257.10825744494116,158.42970525656037,142.0456587360123,385.58311431136207,261.5854256004532,317.893772380439,390.54042626502195,447.03385689712024,282.18245484782904,217.51347684937483,163.82344415033333,432.7750688191573,37.26625246126736,389.96736288922244,428.67479984701225,84.17035562178144,266.4925533272226,196.07583222492792,126.8759152918279,498.13058216386145,200.99369070481464,450.5121363623327,234.0596948009267,429.04355315386664,372.09785694437045,48.0246106874665,180.97351685766287,172.77490873058753,441.1830363646033,273.8555346361079,466.94041237533077,187.47351031042254,413.606283849769,240.8327023063034,444.6073355026447,412.5939579044708,383.0613744036906,240.509436285204,489.7713451283747,88.66588267856469,23.753291405421763,194.73360722053224,227.93170810528963,156.49005262163635,169.92066968687703,244.84075109646892,223.23989809248317,216.63317469580505,213.39016887329697,35.07130660913571,291.5251795818987,178.75814829593412,361.10456175268126,232.41637410929212,205.80104778569802,61.9712271529535,479.82155313562987,130.79395149930318,102.5379890345225,2.5172080274383224,87.03894671096596,409.5755406803172,345.38685177210255,70.45107293527086,101.44790324806647,92.51608110756216,344.32921663244156,431.0296056106859,85.44333668438769,62.13189334990382,239.13705036118682,68.89496469015938,166.08903160481674,436.23497132388087,248.07729657838328,417.2976350107608,445.5842647976632,149.93311600873483,301.2467383513808,61.07884099324895,127.65881597827422,326.3940194679534,337.05509151732207,499.14398195543583,246.97856185297502,348.72597282438284,434.7576602158038,336.03231513185864,185.2160222764026,261.033922542859,325.05466053030995,366.1527602477793,406.7849473104475,96.60588440397078,313.6119884832632,205.95235506488123,253.6107600061212,462.5520472979207,449.37492644294207,55.864905756416285,335.4044392330767,324.82311977995096,352.25178759888706,469.7436338804412,34.13260961708764,403.71514702037496,195.50111485594795,493.05063235793637,27.837448216758098,340.3418173616067,186.8194517837835,305.72148185186006,41.55377570803726,167.8197193651078,404.56508236859963,499.8431122092843,378.88223194318886,334.363710753131,305.10906454309463,297.49361378166753,246.04908766606255,107.33361572170035,25.760931898151096,142.43906748502545,414.4019218106205,300.29790623979983,305.49270981842665,202.4812011442616,490.36402215498515,209.56260185228936,121.64604372783782,198.05869509696916,341.28155835588166,126.8378498809002,27.026661620735027,40.085130937969005,18.408079950954004,493.55180877572946,202.12856531414553,180.89585687477012,104.66996244960109,134.33683225549376,222.04689369368984,39.53868411234662,254.44340644533082,57.534087653042356,156.30700848932995,269.88101433551816,356.56162249476745,330.41258357135,420.65517739222827,39.15716731437347,409.04219269074997,392.9655115817199,409.79859845897187,36.21215018678797,273.8535962270627,83.61604200107774,405.28165004016455,318.63205602172303,310.3606039548014,101.54856610885355,423.538362607076,191.72108272030718,224.34071484646535,234.24942179647783,453.40415092731297,116.27446427239208,163.63584423883248,362.1847131130728,90.64975889471938,415.4172082819021,93.32042697724779,111.32887993255963,156.03760378747927,460.41194280725097,141.64469332667434,321.41441542165984,3.953381963474556,143.42375278573294,385.66914365181015,314.279660962542,25.98516205788598,429.48139329135194,480.7020692817931,465.67637130512674,316.20903137781227,272.93017067700225,89.09399504266358,394.91158261923596,336.58147087223557,481.5057423318223,143.47142482578352,241.08508446929312,208.5970470009525,329.5652334051729,245.35354307150908,424.4940113988574,427.942957016959,436.31932839806115,295.3473229950761,397.4327916536487,201.0299984529692,434.68647043005427,169.48828081463046,262.42494413860385,466.3856213715803,96.94328931381752,327.12084705806205,4.998010384108076,400.4632537939388,153.03177030674436,244.12169733319615,389.7985096252099,132.4812005214564,427.7607657863339,399.62681922741115,147.97992884536794,72.30431728672009,449.4659911309829,178.8442375116922,469.92930607635645,175.95577307418313,284.8718453066776,16.306936289013308,152.9635793788771,166.82678872991957,169.9518697294798,301.81998437280873,359.84522266455394,376.4870399206613,323.71749186068763,159.52265270921896,488.0848658725332,206.89745467431453,498.493065885592,454.6809394618469,87.3948874356204,170.23578822904273,239.73173187222534,269.79035490278454,306.9782340993717,78.44115243887656,155.67475223926823,330.75674763297656,150.99482649971148,50.567034870951154,138.4866269811793,237.00473029872958,89.85852153014423,414.9022052697731,411.85979453441746,161.66772794211514,126.12490316253228,256.74052576173267,135.13215984989506,457.623807272042,261.3256294389137,103.42992662052536,499.06083790047836,406.98367687279404,3.521326180262796,311.24727496695385,474.07643013436467,146.07269707416825,107.93151792542626,432.80569188445895,3.79597970392731,235.45875311041715,429.63191622498715,272.7962761383412,221.70854715698096,345.85217390176257,49.196155122218975,181.9190502676093,439.331391868049,207.30116132187172,477.36069041716206,293.54999073684905,499.2370255353466,313.9296151498402,160.56949474846022,281.45477687686923,137.97407660203115,204.79489160412416,347.8921519907291,293.0546799457055,106.02114735383117,344.5739564682311,401.177313489115,0.6526814414181126,479.2540588452085,206.4272204028863,15.138627523749504,45.79807231983551,130.34800586723577,210.45984192087602,368.63803670559986,269.3145819815449,300.2410663438487,82.62338266516456,174.03814217376674,269.4132897806337,272.19354574895544,470.312142276306,296.41729372695306,34.99067150910379,487.17178889758367,323.887514167377,147.8307216805494,196.00800649485512,130.5981372995661,332.8473146524946,457.7973478687092,19.000953639265404,160.07242587702308,58.89660206649272,467.1656925155428,412.1055149528054,153.89637292920088,83.86302116993771,207.46714575811615,172.2277904050516,8.875464612260354,45.16865366582007,437.64201615165683,96.54078298612512,259.9474605025019,115.94608884737573,39.737281219156316,323.5392087765465,269.6217097610762,267.00953193766946,450.6616611854173,143.6525281677919,45.58112946810722,280.677556926104,397.14354576226305,395.07059263891455,258.08132803865993,223.52936753093533,238.43008191801863,16.37620053377087,366.96570514614706,251.92492969077435,219.5794559885977,184.51236272255161,228.18914417623793,429.12467694890137,105.6347029122059,364.6676183339525,290.92053666192663,254.50104342811824,377.2044933570143,381.12927309497275,487.1040367645664,449.6055927871905,348.13798765313396,261.69786504257087,299.01195800480224,34.807766871852444,97.66894045856634,96.6027721247607,443.27752820700874,5.409908296757471,169.69372227492823,103.1654381405282,290.60415231377897,447.7955963426605,283.5601627334987,96.13128812764631,299.5961350881832,466.01244757477406,55.66333469431706,265.43863192884066,192.06964863459424,103.84339395058988,365.533958174787,274.6572861777958,172.83818421920128,350.1189975261686,171.91657963726396,413.87084085328803,225.02957037970518,169.71745763633152,329.5943021174038,473.4004688176699,413.5929500659541,444.5738686189018,382.3962429496859,344.31154332773093,165.6225767728549,491.91155331019706,143.79614974536415,21.89019816123666,393.9274604439995,250.49806368365617,41.57914141285984,111.75357648642698,272.1582069897652,38.69285805947137,475.7729457881278,252.94192222073897,304.49359936865187,162.53940692909808,457.6765368958114,147.1740960999357,431.43377840339633,327.6682269552192,30.24094284392509,32.89535416740963,343.90058112758476,11.287344615902473,278.8123974828966,27.6646931661359,479.3650358614442,149.09046717487806,398.3878234473113,397.92308074308966,76.12044264112511,306.8473856643353,499.0200131598746,400.8201993453775,339.95252112166145,316.9714142228052,92.00866520718931,258.2749217339228,0.25274856666512857,477.9416167785885,474.96060293133695,423.9838734146952,248.74818812933708,32.99849568729507,200.5512795055016,202.84537676593706,144.7705799429871,384.3777883477262,418.11848644192895,332.16382512809184,357.35381756213985,90.23516846292456,247.40387828787385,82.25966656495982,450.63086808288045,315.00376706892564,67.74338192678103,422.8758338801842,480.4616144855123,444.3750027644648,465.57162544892486,32.80236326364494,432.141967337043,194.1023133981471,241.30994512217512,495.2647377215884,49.972476012511144,121.21041207060168,22.061295120871517,214.4318642385547,419.3877125394737,412.29520125875854,287.0650446020602,301.3859472549927,385.72423600973866,353.75659241911967,179.4718928052234,28.71838588344805,85.75253440960373,160.92333115333736,11.025444705983267,239.1121562182697,312.7908319328666,174.28331894285333,313.4847470520396,186.47041349287048,480.42128496051913,332.9442908194015,52.9207340336249,396.14040480798496,390.20966950816194,35.385243487485674,63.707006083099095,337.60731619755455,364.9854426685625,34.21983534861928,369.15473994729575,208.80919096531503,486.30902748505173,305.23971932106224,424.2220511891692,288.6817529633249,258.6241109486275,156.47410122926348,288.36545542172667,196.0225941093117,159.59200369769178,155.41233262631738,22.51327716823409,441.51868905779065,234.7967985880341,64.52147750668725,223.83060991622895,468.41841029103523,482.45856142857355,54.47559245986994,181.64509938014805,408.64690943499517,254.01862472666141,430.31287581602675,370.4047778170295,460.1767102443943,338.7986081485733,126.20555777538989,472.7080763849368,111.41283474427665,474.71155833975865,361.6527916299217,498.79033254621584,230.45451976109294,26.51105123544578,44.477979246096645,236.98533142179969,4.655863274640959,82.75471539866442,353.844253836469,447.7936496183158,332.29491437109675,106.55997311172277,190.41225937664967,404.3116086004149,357.28652172950945,221.91376144758567,328.65519837845136,26.05662128273084,20.094189991086807,93.90337404256871,69.04891095476302,410.9706781086104,356.6310799917307,220.74652505516178,299.26630610139193,390.9001193978111,375.68065985048116,390.6130217144949,420.7086440254146,17.620531676590446,87.8200475947134,30.147986507274737,487.0814829371977,13.59336458991811,249.8595816967223,360.0366985173339,46.202491037239504,333.35978140740644,400.3675007124843,347.0362385070685,79.92460300275673
308.3920090359805,68.96776827603607,169.7750843573435,82.94340593806298,223.11297595403957,325.8300710813047,311.19527071373756,414.1171995120459,89.36393666665576,466.18308475352137,95.11420160570178,139.14441478750288,263.35432275349496,92.07211239006958,46.75784215867218,252.73554605065507,150.4941661266078,373.6265549937188,371.7309610374037,225.54335549952748,114.58760744751545,452.9607482486343,78.043249866185,374.2651452285699,79.1662535071101,213.71331182479898,232.6765729491555,202.67262053524092,425.20715780369403,78.62451148887168,277.4276045441496,297.39152201108857,9.309900440564789,187.1728034189431,387.6072408373298,250.31069780984677,109.44440823931917,208.41265763661414,330.9762611934666,478.2180029237422,488.7276193834374,42.38065318116385,337.3143575551828,225.78836029683248,322.4107847493419,432.8942408578156,343.0686918216718,445.69607822490616,355.2614959952681,119.19159039389632,396.26407977337266,185.40024799609023,39.449638183633674,286.9269457495672,451.29958580716783,31.448375442394315,425.0011023030535,322.40976794963507,357.3105857017724,52.62711129308123,300.4572462419781,185.34511012653354,87.87771119891153,194.90025513794407,450.1382708388832,446.75574636912785,147.09520722419305,365.1207999835942,420.7145521985898,368.07512278983523,39.42228375117002,356.45858211468385,137.50852383839245,85.08335773254223,488.8183330583089,182.93238209602436,453.32857867347616,52.36545639869489,365.6659333132543,100.88204226446923,414.2266715711737,102.07957121746958,49.23127290587259,238.90890769040706,122.80409964434996,470.8763037525437,347.13952329874184,261.89046054420106,240.03623534884778,351.7023598236518,164.7189748023057,268.5200924434465,461.8009890750533,439.83188189188826,267.9056803425339,119.06937562134135,91.04616253214765,217.9416201606864,286.3376008473023,260.42415622655903,308.6091933919804,87.54226690052508,454.7308143475985,143.36957774356574,444.6444915164253,110.65401471033238,224.14481705584032,86.12912960331349,375.70864726220174,348.77280945116314,210.6047132982103,292.7866207433481,335.31602913088767,109.61363503131416,241.25172761736113,417.03662154767926,142.33525537082093,253.3991492109176,249.0602532894594,121.6340870236462,10.412748111208792,417.2192273249437,429.96117439874996,346.1651305517324,200.84084183748874,395.1503752253357,330.0186664476312,479.16472603615625,475.61493623532675,395.6545856828093,355.07507869209644,256.93625459701263,374.71180739235496,239.07464021781277,292.9956332776624,142.4050506456972,397.4843643053382,171.40249297418057,26.320995530807746,214.58603144177357,63.073040634441966,64.07316690269815,476.2316981142117,337.56450427809955,306.0942642854103,147.01096366090894,252.8030362630085,164.29648305145435,129.57664469760482,454.8585962648728,427.6164234072653,453.26233378603746,62.42619814699763,227.45823145943822,210.90121114628263,206.80739316986396,280.43192765178605,274.5246679241941,14.316630845442157,55.69887288969777,389.7810977242717,322.3977604463681,238.32385838638785,57.95669411201998,379.9186029430054,134.92847192115494,332.81960622168504,12.313874902275145,494.8741924146224,193.25456273492836,312.1792926886554,441.28899960182144,360.39870871192994,333.80219432861225,366.26585396624677,363.2581376382746,87.9778118376362,195.1045947243697,199.0675209105141,396.3506551945288,245.55717914433095,229.70340680089757,187.90734216260014,14.540248227805641,57.46867968329317,83.9749870902921,425.2014895320755,326.4707308751182,247.4028662932597,214.75207481591556,119.36083053551211,355.0825904560393,349.1556994966499,330.1928009500163,281.9705446533099,39.737326221050196,44.73630929466532,151.90072700920314,476.4028258967632,34.88529267138707,134.86429632053765,150.48005862217067,441.0708293741618,413.77117213052566,409.2710349381226,255.10137826719554,452.685075285788,122.7240811709024,81.2813022326067,12.748199391152959,315.5093556199051,151.92723609259883,245.12176828627153,316.86420050154425,312.34797057147733,301.93376274437,340.2348527438391,398.71146415688287,217.07266306439388,31.616937252332555,11.65836420453581,134.58720790548244,464.98555872027407,348.2286040552198,147.94590651526968,430.24343681945146,236.63747717853485,305.10167663662963,0.5143928755862448,433.4428869751847,496.45697893648935,304.63300435675467,426.180195881632,271.5777064967207,481.6985037878921,143.95352838254016,84.6901592607977,476.30567945198555,376.79769739809205,492.4117048926254,411.50042609286004,316.7160643925083,451.2117338703212,195.08609146362022,129.35107679391638,183.58869393232845,475.04265534808354,463.61549050740314,140.47350608133797,352.23282887496424,9.269117651199421,379.4308994866106,6.836702366193659,232.70832405262405,439.63979952975444,265.7753800833908,180.65044761209876,398.86540675470326,124.58484878473392,321.00009456254475,178.29018209473983,32.47996695298849,61.88162359753846,408.43954098788356,260.31416328845125,66.25055670057212,306.26536843720464,273.90909001980043,138.78196686555856,93.70296790924087,157.40405708459986,8.455761939015261,466.7479219034335,412.4530997970544,72.27472704745891,68.3813734492244,9.197970213647933,42.20049894051636,151.51209617018964,46.92521715559933,405.7061175200963,313.64627095646154,15.361706296004417,371.71154043400037,263.5147023275906,109.23782000721255,65.78978863964934,289.48759116550775,224.8239775984584,416.34063041449906,410.41830264473265,485.1083289754078,275.9714670225037,203.6050146677757,72.79375185567028,402.39914171928183,391.3363435604561,288.74994061602575,238.00829180318894,248.30134880027748,253.33196461073675,487.00812638650973,131.62148000262468,367.52806642612416,452.36631322297876,66.10019078226908,410.92531005877936,381.9828141887285,321.7614224971971,152.02817227313437,180.18673258329844,109.03511613052258,122.80754356659756,215.63785357783755,419.9228984799973,435.2531666169437,385.7030831530778,112.0898992096494,197.3633519193534,133.8046451706625,29.087641787737482,484.49421017331906,312.0338516049647,294.5402134011469,319.2388035004926,317.7310053000418,300.6003162956811,80.12672285993638,407.54752010381833,238.53686846401595,407.19087149014706,388.4051259277818,358.35586381668793,310.78753454198784,155.29896719669634,492.2453669405663,4.568710117967112,338.70821321776265,372.14924532611195,322.4092399168461,117.0681952745008,400.82076687652085,157.35732091870096,103.30219634869509,241.27561215512716,358.236885393634,137.99129949457216,253.40804068427693,475.51126349311346,35.38596847384529,187.54215827869092,45.46542338377274,172.840481028249,378.3928500708955,28.318929531726823,402.97213091936214,459.4307180513988,451.8840388806877,428.98952023500493,249.7242280271288,307.23149393081513,325.01974666119355,262.29016327084844,440.7235017145492,363.90717209241586,47.299872633253855,175.8388245713432,144.9713490147419,156.2122179471262,114.0394277176447,207.76828658386177,60.461165744047804,108.13002914876552,215.1905605107643,178.4276435952703,482.64246238594865,447.85224797722424,142.23297809537095,63.35478065628308,326.7973988567968,311.8404301092626,82.21425364596912,431.74670295019143,178.77325929220171,34.37703185574353,228.93811967208327,437.42332518564706,170.7060744708792,480.14843369597344,470.91077955149126,413.5290838705965,57.18578717740513,128.76272719337217,237.42187693803686,73.22951083044649,252.5838565377142,196.8935972844064,95.51792501325795,51.084731727525146,408.00019506959825,102.22463893814104,435.11188460046094,389.6943823691824,379.86415557140316,32.48671204589859,28.514791500031777,244.35103456161917,125.44826402889969,309.93328924038747,464.7799124745725,133.711585390555,434.0562048667737,474.65870927184085,371.20846773288395,442.47232974708845,362.25188310131324,133.91153049285015,25.87474380264665,326.93955273259314,241.20572217619434,104.68808138908531,236.4730292614311,319.4094948175791,270.3019966385198,25.50653433157296,163.39461560283308,381.01976988688125,391.13926503854424,144.97456161674728,285.9213537587162,307.1905039826074,62.58029409430965,320.1369331139058,314.01467053354105,267.14780306054917,234.51324540964114,371.41253797502253,127.71530644219264,334.9438520968651,454.64411740539396,176.6209136307028,24.822902639432208,38.774806620621106,265.67700830193337,205.87496140440575,390.1299647143965,81.95817537547245,132.71609126075325,117.40083406882707,277.1498732218756,27.783435199496665,222.3389242672642,418.52676961365927,397.80227022244077,132.7924908005586,205.74108625578523,100.430589929084,225.47515944051548,91.35504003755379,217.43064792785722,171.06438556558462,235.25986570560065,241.12214953903123,47.56107700015749,224.4329004321728,65.46682253183245,103.03840431283173,109.16875234637618,105.22674428389539,317.211456721258,169.93409222358508,459.8984475496796,192.419639475499,88.41737460499677,270.5808902081161,260.7626017726082,351.0164209531914,276.36441928840947,460.6803530534368,136.76125869056438,111.71435487608056,469.5160850019718,339.8236088188138,267.038586692246,327.697354808575,159.0013118150918,26.70654822862961,106.76330433008668,84.4682408330053,352.08401582797893,324.0904579189734,339.161109879751,120.84513559557413,271.0576171445954,393.5581591328516,452.7841432091511,498.2199090963287,394.4111393723351,301.86036639031556,21.502301938972344,495.4058202254672,281.83429893784864,73.74321697784492,190.16960580545594,230.2972796747118,109.43892270054911,147.38288694470324,436.62300303632406,394.70362451406646,237.69885716078682,187.28143155883075,489.08363967938925,155.23363201258806,73.41906264170429,54.90889939114057,352.634778488524,428.41936117937684,349.17974098185175,162.66244405569074,321.5619608166705,130.54028345647578,365.90162184334935,479.3531285832462,73.35422411024872,345.9569677883894,16.249496277562557,156.4772607027266,51.54616111690269,499.44286225483245,117.10982298410522,160.0282898725434,303.52160374436534,12.33808707070716,384.65988280230806,39.97319121231291,101.25971110350196,479.16523074291547,441.94487113017976,270.306862774,470.04342616386333,380.30416662305174,498.80675396052953,96.5579976042159,57.45064727967175,336.2508259680683,381.3638236096931,355.5559637923454,82.7560440910155,407.7152396514078,170.18916873758184,358.20875194868563,105.33733128411149,460.7771436056346,266.79894134244705,243.7519775860616,107.75264744029883,95.89230089409989,76.79516124215357,150.6396440465697,19.550300131933096,404.0742231679357,12.409999126275274,268.594771642429,87.7087259748981,121.96144838780204,205.05873209454396,490.67635201043794,196.24487103074745,56.17695910419518,24.370502711838384,187.4966783388271,101.52143285943028,356.968715600187,15.76576167576016,47.36517902309223,282.2366303967298,43.56459778746641,390.30791670910025,462.33840330500766,144.13236437622072,230.25562295777408,206.58516889087187,465.880678152128,365.98255541316917,117.82554624136571,9.69934085328844,497.4906165958597,203.54540180505126,403.6900678349815,102.4430685259642,92.3495315086808,182.90441567702592,436.09749852187855,457.95058041307584,297.68133471832624,22.947223353676105,453.50909937967174,334.66769264005615,464.9407946013024,71.45153742696381,475.2897650548615,281.8730895707995,164.11091057542305,298.272027080426,241.00360809684545,328.49196527260403,354.4521300441503,444.29636769963497,64.46831546598791,104.97680325977693,495.4023176866,459.33727519376816,117.35629772951994,19.75561975024631,340.15087729891843,123.83293157311581,53.447427188591966,93.50461944340616,53.73803829484819,267.90659662138785,457.34043757248617,94.051007613414,345.0666563392704,25.385701001139793,418.91956945765844,98.56783716296036,183.94595008810066,138.4791307456037,111.07521405127218,396.3733056937993,99.53822721200395,336.19300785580015,65.85010101234701,173.15778470709142,48.387495070321364,291.21852520287945,465.20731580704097,371.88761450939325,385.0307309062292,434.9847090656658,422.09549782114857,376.1546385327124,293.6458891230522,287.38732314660973,381.4742928328338,189.8700524668011,352.42504199664916,359.5284492093903,432.95986452527654,14.114653044343894,217.65777430564893,282.7122422617274,486.09042648061927,27.357706525049984,227.29283565383557,422.9936681514812,399.3781435572322,25.944978403768804,59.46146077039272,65.59830608408352,116.98285039767003,443.8774620879222,335.2745615218882,120.59236149022024,188.75885851703168,2.6486299095728194,1.2557303298140754,106.97985257020815,446.3098691946007,102.40856829727157,217.5249729423177,52.68189352145403,43.22093616174683,335.8996280630066,313.1202452764891,11.085617044930828,155.56067927348255,150.72875100690635,455.3319187903714,23.40637259367906,462.08976527051016,352.83510274572325,241.82153107565645,63.49189841285885,162.33905982171214,109.59118320102984,387.6477296313937,103.52295456979732,350.06754074340205,341.00683821842,221.85807323328393,323.1015866162364,142.15166132233713,189.95988998456076,410.2798627571384,240.92098784641834,470.6080848244027,467.3227567637603,235.9636724776132,76.64481070588158,371.6210176573384,224.60960875331583,129.05679721707892,357.38438032688384,211.72265989643952,32.28612450423823,44.37855521363154,478.95367513692247,413.05926351377417,468.87873759937213,133.34932042618857,292.1331325037432,307.47593389081084,428.31289422350164,341.7329015690083,142.42726663791106,390.96043342160385,176.21901386681688,401.080754631036,356.12972858369164,103.12049066902401,304.25730750446803,32.165116757359115,322.05345240162103,110.60867773302508,10.31710147028292,100.08360061875277,355.47339823389314,401.1413958124775,355.86358679025307,424.80354350948716,321.2931473700794,171.16158034477309,64.83709960180717,498.1596032093547,253.5988930815705,365.24976762222985,468.7517801209229,108.55960872779424,393.2335303910213,96.3179088109703,347.547796035294,463.2434477317597,330.07408066851264,154.67429859623954,392.2300474707173,115.2577774416163,336.879135158619,155.25854236225584,336.22789019690947,444.96794209196463,92.08735226562365,461.86807670547006,262.7008469996895,370.89145467232487,342.36842685974614,17.18137904771677,318.41378496594206,443.76533938658935,24.039450517853666,136.70236854101069,132.44988749624142,4.690538030457326,468.8394838904079,178.0432460508024,471.7832743859017,499.32304608693147,357.1468694922282,50.160560114863195,370.65694834377155,314.912712847334,370.4216803624121,298.21429937166926,244.12845250621928,394.16411713977527,36.44369986930152,89.46835546174425,183.6264904647782,291.8819869368152,225.27694421139392,433.99523154418864,247.38634642123358,376.7987440999875,448.91537235886034,440.2322688529374,204.54688169270474,217.62597700785147,321.4797634261922,498.80015420619463,42.243386259381346,144.05947424393466,56.1787739453255,106.38773993049905,368.30614643155803,344.05476437238246,9.789707055875063,236.39740984398517,366.9947366041058,151.0687279879926,341.5743007096268,109.0222425000299,289.40640659673824,5.97685230539069,430.49649225673005,382.3245665225522,473.1034887386168,358.87906403863764,99.21749527138829,162.60697563851622,146.50986214175543,356.2072456918702,481.13952450544406,389.75365947429805,121.68362417564687,52.25188986171814,35.34845937656789,118.80633641520494,208.99563823493605,413.02564215352044,314.1387232406125,400.820280542386,229.83369220585848,94.3350483787631,154.0515773651544,395.7459814513245,181.04553996093205,53.779548401541035,293.9359586491885,297.72200312019817,497.3461216008249,400.72247539699873,459.65842428749903,389.23233407345185,192.73409865372133,359.4195925861132,475.34142125785104,24.090270676664193,99.25249334144343,95.38589748044285,182.65737337516762,157.74380506286417,156.5242503980425,451.8640942352342,230.51374778290696,268.9727155562156,208.24917203072607,404.7833444627293,65.6250560517922,278.29724980479887,438.15182484021517,359.0079015337963,239.13413181044712,289.26908322311954,404.5177049574368,474.13796208826494,436.17371272431154,263.73060041029873,434.80712092806107,9.515862473171266,67.95284004934665,251.95389110294502,275.43630415932995,81.52685001448195,20.123133910817103,46.20983613368712,277.457978624535,188.90479975809416,122.55503125144813,388.5998897261195,93.2168178386113,86.73559804295955,8.44338013533058,28.509933088844473,372.3501220213667,49.74804129938093,137.3540557439763,477.08717511542636,400.4186862719437,68.50001254063676,374.84233280532294,85.30299029715927,101.4106070930001,144.29295468153686,392.98792980535853,467.8919455506907,338.3325067498973,469.6488746821323,417.3786713188872,489.62052828112587,335.2427739751193,126.72965564628652,43.06853933907179,435.71466336661064,247.94974260739062,419.28988969597555,381.00659921359386,194.61371086530954,138.61023545198825,470.9363219756579,410.5211805241504,167.57772227061002,1.9036071243587194,256.19024728064136,120.36551977736498,464.2710855113174,375.3968446902487,374.6255028866467,295.6799524859641,224.02907872147026,84.02501060555251,310.7762675697287,223.44645863721175,493.86635281401084,347.5344903136222,359.9760770618139,466.4065297607573,354.40274015487995,483.2421229209835,361.0078277753187,423.4343794652015,473.6652900596913,14.488835641235376,146.03971071835835,105.86944614266369,155.97544027510597,181.11461994651773,222.4123655468594,93.80583187586072,271.0234068605564,330.8460814957199,387.18991309913554,217.49688845507558,279.2666820064081,351.56214117099927,347.49562780986247,57.590550810871946,422.2419483910604,204.48351977910744,111.18885789455935,434.6699712970572,426.6944006104807,423.85463557955813,417.403092730153,415.7009730457032,158.08573765086487,390.7914346384313,258.19086455270775,98.80421075718083,21.20021938686284,109.37857290173686,424.1079564289091,435.6407351487471,287.9949464126845,108.27819722734728,341.70997941851573,304.9158691972349,219.62227573782832,32.75052805282341,55.77284789197251,53.86803144295066,219.73483354228395,158.71583910803605,379.0264147768125,84.16688446002408,445.3175130759468,24.471069983184933,184.33419678675605,16.785036303766876,169.25895134911718,112.38286952865828,237.0109557085293,290.6730053667568,4.71726634249614,490.13345250904905,117.3733506920242,12.529223556636326,414.24170770087676,72.20669652543211,318.4979277072868,489.6089935696264,391.8488188460868,187.37533278696966,166.08749152356665,418.8921271726911,237.0926456951169,87.18596280353059,441.99176647947684,214.59012270684934,25.267143442385233,470.2953792360049,419.2834437133776,333.264157952793,437.1288718213525,243.62393614126265,47.45844950763806,94.84734627755037,209.4293636199598,8.500954667208626,151.00430507655776,341.0320279406551,81.66518807376805,455.76780528826504,142.6857848374828,54.26378445586061,75.55512115027562,412.04415130160197,106.86440600645864,253.1768146332556,74.29634316008188,404.75765858128364,376.39697953205354,333.7524551829288,165.6617532970368,424.3874853519791,144.3563981160409,275.75096928650134,375.20431522536484,170.4379139398226,259.9791561490776,153.22281526514726,58.64020531875652,53.37102571373453,435.9781656721367,13.273093627214127,381.4857191083637,286.87715278563365,28.682760690739272,474.0919634595163,9.32847736870096,74.12338671149554,207.34242470181928,266.09556488243413,41.55194870567258,45.15969022488381,384.2860095057479,213.97138833606604,393.72556775577664,438.36361370467375,160.6775893901945,375.7709690908048,467.87429761338495,240.64421434593308,433.7659079830721,462.4969204475543,444.148843744463,350.453466119911,72.16209471943003,471.44784890895266,499.7211883902427,25.544990062326967,358.6558559489698,182.52773051064025,471.473282726845,293.40950807532965,291.56049534424136,255.23169930977556,449.78009724492455,165.0019147570227,116.01604608069727,99.51772746613663,370.54487337693024,355.97364144652084,3.67376935576319,498.6645741019566,380.0734164612518,471.85345788283996,178.72717934181497,214.12873525183358,259.76946161677296,152.2416281396417,198.1044226525515,249.32190916729368,237.7496586069159,212.810958133939,6.6666593565850585,414.8673873981323,158.58979963436036,243.65109443486688,164.0866365013518,109.61586537569107,140.35248296269003,192.11206525424222,478.0251103894576,413.166926845529,342.30756588759823,471.4409492972974,101.17971842725765,237.3509099340474,125.60182029720518,389.1530143927812,55.59516065281078,333.75516031183605,461.32747978542477,135.73512013482107,422.1847321652388,271.48390944478706,343.92458576598756,67.1381179752687,326.61029486146487,289.5368382239161,361.42421773974553,223.87201526252332,313.41417393972995,208.30784902034532,383.3475538618228,488.2398548681788,272.9958280785707,311.91314398143805,150.34092267609623,436.86402692367335,441.78844475916264,224.17987612326183,152.18584608579656,114.15637409020735,460.91314653173976,69.67274250062411,262.1476822892026,484.59719107844313,125.45466481520413,216.1442676636187,21.452105373009843,57.024685551055946,291.6953454854047,252.1946967111312,199.8581554735363,486.46904433860607,178.0595028637551,84.81268292699696,316.9987686956049,269.49111201100783,397.069868574309,12.986589055650533,68.61878872786531,400.5107227275503,479.4006397296721,494.48134982539847,37.35357528892713,379.75786425650637,169.15275848534978,132.62974864308168,373.7620550483227,90.39865707496003,252.31087047319716,449.94568527946757,207.35884902030827,408.8895372949143,214.97293318904968,174.3537796654573,226.3271618150241,92.13707157458556,220.42168395858607,108.85762616742467,99.06336300350516,110.07534499001459,129.68514827114475,246.45197428275645,216.3361336533564,61.78609944484914,468.61946291835386,181.68237836830932,148.3306100730219,412.1423294473064,448.6165069469923,413.14706642907976,361.57226865185265,287.67439427839633,4.791178572473742,92.83133738823834,214.59981457080352,9.856359736783006,263.7699830301372,36.37547438621031,214.57667687300219,89.28990134923525,254.19577967426483,312.03851839089805,20.04289895484279,72.10360527627302,182.03326249592615,216.77455203864804,264.42077632051723,51.910960754138536,255.19341263204404,192.5252300537258,349.4005213847263,320.5125443596829,421.904985541229,17.415217356670563,434.38618098596163,200.12367103912982,130.0766527869966,391.5377600148555,84.81759210933687,151.9354602900677,484.8983694101088,146.010749991544,293.39312437341755,157.01811564226725,326.1228211342048,75.7472747897045,161.4868846511694,387.11254409189723,446.5900642625333,349.89292045774476,413.38627875706663,66.50282644620192,255.2033509067707,263.9664560360703,419.8841242904216,292.645078385631,468.43749333586203,296.5741303521439,410.4520745672067,195.06494804192093,46.672119421404425,99.07422205923521,466.0915731306091,349.23151637856745,25.148970461729093,325.05819778556094,61.35556488840821,91.96890924951174,443.34730701463076,210.2974159883239,30.325847822118945,285.46235714771433,367.1526854273769,160.31225218061618,90.17987700205116,98.23721711950361,83.63412073516673,369.21870781141007,6.200325432268672,305.63830712238894,319.50149748750835,174.5700167817799,340.94541131888013,75.04832210314427,339.3459641058436,459.7242955258978,53.37596897409108,149.4722388476003,212.4616547138685,407.7298930168955,179.0046534643613,273.07527983700356,165.56546661436133,476.25176231450615,337.90406676674445,16.065503645895873,104.51346198833328,384.36114122270357,202.68730252116336,391.07137611470546,299.69576592045826,232.15615243987708,294.67756966242433,423.2173915401764,279.71157192152214,100.0338100456603,96.53425907717205,188.27588892440522,58.14691562413415,51.1544846113528,400.02219880579776,177.69532558824264,88.60010969683574,263.6708931193079,288.7589921975426,232.57751236256786,44.21505080106136,429.6594919553691,381.6751105924004,101.92116313778493,197.06957796140213,484.3281320041274,48.738675906911,202.102125239906,205.69177868077216,84.69645450835067,418.9026863140799,413.91569817465046,435.3656080433235,230.93730416509632,111.46587035700267,387.5067569208147,498.0324520183924,344.72300481373827,296.4189117415634,229.0165159560895,38.21018074684807,279.4325705873865,177.1401036042743,115.17706619829771,337.90011436345367,322.04470026557135,136.39136054499812,496.37643492975633,120.4078599900158,36.960527628175534,398.81233072020467,72.42398937404981,86.13189355032053,290.58099255131793,397.26112463587475,56.26796641210247,24.910130047302246,334.4911045639327,402.2458023543265,169.87788434786805,388.8274885293073,200.7416000155059,300.06012642212363,128.86858094416849,180.61404149867516,19.98285172640474,482.6927608553544,187.47672184961613,343.83672759976906,359.33416668456056,316.4598462579765,456.4942991685523,5.521543199538126,21.900918172009508,144.9408695038199,145.0303152147158,194.66494835564757,168.48275662718436,184.64004742493256,33.44609321590919,231.2209078765622,219.3466431369309,478.7291780400953,153.90110407783519,169.46903858754908,295.2298369977833,260.1951233809034,278.0681915201163,201.707530511329,184.34510203678394,220.74640550704376,210.4083590517688,135.48938091894007,169.796719061293,158.7130259303951,241.49851699561304,433.06377338500374,208.1043147216055,177.37197963399632,483.9364897105087,325.0465721334146,146.35367658531274,355.85045997552163,209.47800241913367,433.04283526888923,486.3201203052264,262.68133465587795,345.2779263546344,248.27649548727294,133.50134351566783,98.40266639591039,109.16805722747519,453.3775719539734,78.21420105099047,266.1699383867861,466.73994374671724,391.4388100325094,413.5779950624075,132.4610266033538,276.17223076914365,461.62232280749186,460.4556517340868,296.1519457338278,255.10894026129856,13.717091765633072,466.1097789452461,404.87892149357725,144.40973354133467,369.1036024788284,214.6901380411349,122.64908088585192,461.44030370641417,95.68798608467604,312.6585374429081,144.89118764475018,321.50115683386736,263.96162329038174,419.5391605160822,421.3693747042487,327.215342251986,275.95308789052245,29.33968898942413,154.05490903797298,452.4941422364273,175.9333429561224,488.5679109017105,88.91994976770407,473.2302958990851,368.69520758480576,195.21567921895794,289.8183880905367,37.64677256594617,297.83826723779157,76.57366150152478,413.8022548262244,424.02015032652554,119.97051214437055,471.3375816300215,463.95067965231226,130.74032915096774,332.98980658477694,164.7826240886473,387.1561647988491,90.87456204894062,155.08988174821252,113.99214183134032,486.45602211519935,253.21939849598874,12.531656451742535,324.4826875654826,491.5803716228483,415.2216271580104,168.74899689098672,244.08401835337085,389.75955818670485,399.77468588000335,244.54383483070686,28.508474147254994,151.82179093211218,235.89870863763167,413.99956770359313,280.95247681563137,484.20724974244797,288.4788394488458,223.57630967143504,273.8011659868172,130.87043487283069,212.131535324738,106.34216283081349,57.89522630551958,400.6175684497461,206.20072458405687,41.379470841313605,174.609789392078,336.9970041217772,209.6303924576395,231.55863125168912,280.82925927360026,309.2528910872695,44.37937216367344,80.83849731220455,25.74609302915709,349.5180404928643,401.5685164817261,135.3731524253483,413.9726489817272,318.2477697330614,459.04791488208593,254.46519373735725,197.35803104665746,483.87395181714464,476.41716048275566,93.2767285028539,479.75024046782886,486.263079038146,58.11510148411231,172.84506472165455,266.5429411978049,272.4299533881045,448.1513576900265,405.84755421224224,496.6173270800924,238.39363979656997,149.97149027017048,488.4959642261947,55.04961424423366,464.4979508357594,316.6303997226014,405.9823682366599,270.7138009567392,170.48374171451036,443.6203562797496,348.7371654902363,347.06245515485125,211.29604220870996,412.5418142849224,178.54173496973564,52.618856445383386,66.65081506523596,487.70202126863086,395.52105229141796,263.6381860833478,272.018917540541,483.7757979093265,251.92192628170912,140.5062157139526,288.5983563512225,199.09610707367702,226.34809069814526,361.3473348434005,384.0720550342799,35.785963764099925,249.2611792373328,22.790630705916413,85.84201042981692,474.7191715097988,449.2978122796754,207.44815242101689,406.06829326592543,35.90108666596253,281.0203524412453,362.59118671441405,265.88788371178214,496.533997951626,419.08725792712073,20.8832577213533,324.1484156542465,221.92266723695636,210.14889012895625,474.7462250883039,377.52070129944497,277.9645788921351,110.76225945382784,431.655907213777,154.60085631712212,471.14503738326135,437.09097925691816,402.1783675104417,289.991113983924,29.56779841303997,293.00500492449544,486.07359584693074,129.15991860123066,308.6775019093672,163.59111555249072,403.90708516551894,303.1296645981593,326.7617356533335,265.89207340961576,245.81761958232252,278.7444977235324,58.87717368710227,251.47647146581497,229.71496655603607,109.53056709557202,61.028470925091504,9.873882203495777,449.7931467116458,112.7545636101241,210.37022221162522,483.2949844786958,162.61738352759852,48.77868642172256,8.321589230719296,244.45866465503002,150.19523287013575,5.967711509396956,400.2133466284184,237.02665945605455,337.67112268354634,379.97127454639303,193.57929742238207,405.88602306182236,435.5996229680894,72.06790760695198,431.1177759431956,333.5186686545515,499.465627762269,242.35769468002312,315.90172134633593,466.3554442585005,303.20440288482865,266.5026713687463,120.0512240090772,105.16304984578167,469.8402333809811,12.580745696878616,311.8372709353336,131.26705392888576,16.063380601473664,148.73407461134536,309.03276511048875,322.8710763641522,481.9676186784606,92.50825517549771,413.4449927386926,164.8174918037759,334.4867093481957,316.98080850553634,53.03550886074715,242.20843421075244,476.27747115961745,440.31539857509847,322.54731070444706,65.45104252665706,141.11473362811333,356.9931368108613,21.514007761738284,106.91974488625688,116.45380038154457,141.24303702174674,208.7507340317028,343.39047500519666,439.64811419294244,14.659340139291155,454.51703009547253,440.8015171239145,11.810907372430568,325.9545883920586,167.48160791145327,181.63910513627008,182.45522467609544,21.23659965610958,191.6924368796289,461.282382169232,83.8492825600724,25.18242055502079,329.1674015388885,272.6329131552406,94.79380650317431,347.2659352016415,85.93525944143826,106.53588994051016,216.30619376019456,178.812823203985,270.3554787801074,480.184303557036,371.43727129067355,252.95724331095514,154.8620523853107,162.97139047033886,177.17223207598508,134.88468018856915,160.3092205247853,125.32157158420392,382.323110731658,140.6795675026119,454.7284258616796,418.38287954553243,193.50886239470623,395.3345677349192,185.85270164909812,148.9044514892987,289.8600636669914,239.47756446073714,430.40348808913336,68.64042816227217,178.85025465488803,398.7942096996467,96.46788058792177,463.9197302386911,370.3550436192734,66.19882860800652,218.1163089428551,12.714634276246194,165.30871937415336,249.84920984879471,386.9476566630097,61.10592575928392,397.1138329903609,248.2725213837636,287.9708674482442,62.67997749215798,271.8302769321244,478.2089071469285,443.1105896514355,371.25441586644024,219.18493609478966,140.29578694234058,15.740500396225043,285.00147275515064,381.16080779006774,109.54576912290948,126.70435241613804,449.69812827016756,116.57253585413902,418.64570345957475,327.3799160101757,85.98243356111357,350.65402450862604,240.1925190028219,325.11990226549676,478.5200766955293,253.98270946806684,492.58129101321987,114.38048238762666,104.14410123122202,278.1308102716896,436.1253944633238,141.91344060830684,396.7440927930165,270.64216104701023,252.8191955193777,192.31506903604551,332.58636908707354,405.04585790457355,401.0883906751693,245.22048682128306,464.85272326768006,415.2717348863167,312.76591110697217,381.931218228009,312.58770066182194,445.17689309778024,136.78510260932603,415.2531393808929,97.42897536147099,52.07284895318715,268.4135513551287,172.7253409091881,331.2033936690138,444.7035712127405,113.11050275718337,231.89159874554372,47.43734468620692,106.65325879195548,437.9949073592378,384.43053894750915,298.1411184575161,22.63708560265093,201.923343947759,320.8367966427691,342.39009949869455,398.7811014244831,387.1180901048175,481.0823566190925,172.77317958158667,57.507662858266414,483.43540942505217,335.1309076381467,67.02757083017141,267.0289715206166,181.31384320161953,155.08604691715206,454.44089379466175,205.6334625980426,417.9566396533293,122.93571060456226,299.9579590559438,375.8711227460877,296.6269478154979,406.86135718313636,137.34585314494103,468.07789835520964,37.73580370629686,338.545006586167,120.93087892376175,211.97648077030428,230.92012872873752,109.82310475011798,233.2557896385648,407.7672938606268,109.27722568907944,322.21882211524104,487.81655924641206,33.066391981965204,301.08290429023356,153.57919718082695,405.54652863836725,85.84136706713491,83.05921748560475,0.28167092087610923,142.35505709406516,451.34899140376245,83.52313825559726,428.7353182952473,20.569446179342975,347.8098290516215,91.79923178819539,194.23937138930324,3.6069860977735457,303.5016843618758,420.36526673447884,444.03675733789635,255.30095202229475,58.409998032193435,77.76734026691979,37.99488011447738,491.7300559799061,419.80402571261436,113.89320539232955,156.15507552972701,312.649382676802,431.13068742828324,98.10951224912706,111.60286785938189,35.09983837622465,86.75910555417715,20.622302563672868,45.51386163148574,187.61806411886872,364.0362695730355,33.54415847114039,125.39860517177581,471.03513691441606,470.3700396824161,39.80188353009184,5.771250000665917,424.30404253700647,477.3168240190285,471.3466522249452,113.06330421347089,314.35738386993955,313.46793657524574,415.23653414205614,335.540320272869,358.8346587959894,488.6731353129154,198.19193331382334,256.45631335823117,54.09361495662635,252.06727286033376,81.80078150801978,447.31741108351025,456.3269558468142,170.83871129191235,302.7805142635872,91.69013047852708,202.7622410712671,78.41555721595844,31.754817036957817,58.94415735860575,393.4887747250759,411.88463151697533,162.55975293454034,36.93172163664155,427.3659640077944,254.67098851976598,462.6304285649215,300.4241080266408,274.6675854635697,304.6801774897774,253.92797681248192,318.8588041404447,333.43784674325667,104.265547851003,349.09229107587026,450.27493273780027,278.05922686502305,207.55880985532522,396.0601195069541,204.63627947083936,257.1691231506584,435.121425123244,315.0471240398494,469.4462602297564,225.96751338237024,121.04647817408947,16.559522498420964,160.30358732565898,67.72758629984615,436.4503791635995,193.70828124391716,381.9496642179123,304.37369248520264,255.9710862838956,435.35824146474454,323.58357078171053,181.08829238516267,140.0155905477868,121.02669525487158,473.80946536011766,352.368728721642,473.03782200737396,409.18746621918336,221.28753047792932,223.35918771409558,210.28085312620453,58.18847166457769,343.6754564296244,477.23087197188323,489.33291534149004,128.72181090577863,6.318696359685516,468.70133922502214,270.92698553611154,266.0266654717775,499.12894134027044,177.78096118614982,267.0269342990735,108.55876716771823,86.41656579152574,323.61103013778546,165.14986984144653,144.91299630676747,49.59009448706214,229.58255574836483,87.64002290204392,60.83074497206348,125.82923441919891,455.17287408910744,188.663271193865,127.05456921862024,439.22689661623843,416.2421522714514,197.4442752895693,452.94258144321265,12.096728738522799,6.986751082279863,400.0918799078432,11.2942888786719,441.17065542576717,130.96585905669755,37.29849552778014,24.044512504165727,58.44667854381663,279.8302216856485,405.3853781389727,266.3995810043171,357.11363193855925,359.416838931287,424.47506515443865,445.9420334085439,494.38918450554837,106.20114140894788,32.44558544173975,252.71834392339903,460.90366122402844,432.425132678836,328.23453811601536,147.36618805245578,154.24279293071513,370.4089230754634,139.28117465929373,408.51490765146514,58.83262413265289,387.84025238196153,391.5818457500717,216.50154107573795,433.98461724778014,441.54928972195523,82.9902929771576,428.31130471670525,139.7278215170667,276.3081295116797,270.3422363369375,391.6996762718736,201.48088093727108,2.1731336330353956,370.10227027455727,258.00480495624686,285.02490608596435,477.1445086568803,259.2033385108542,35.009979377766065,113.87957663215047,51.72299166205829,131.4573144275093,340.0451304638485,358.65422071163687,13.898737920671977,312.9806558714412,169.59567924066127,308.8980980519213,474.2916687790364,332.1205202749805,235.551786408351,418.69532716318366,427.9270823244965,266.5331977131308,466.5542968209549,297.5346729446068,53.72094179738923,369.10641748416657,77.04829948537927,224.88229125818089,490.5647955943798,291.70420597174814,133.40293889695397,155.3811590097941,12.942907809381287,429.7715302112858,58.701102457724254,127.9833662887606,304.02671213745833,310.29739913616106,179.70746636526064,277.2827989525988,219.15520181949165,350.78512687185287,359.52001041419635,466.0615627309473,234.51300551720882,434.30680793410704,160.18131551104537,484.8238321464813,241.9493495734054,460.80448654508115,470.14522605338396,291.0100913211691,214.94951936538254,101.95095997726739,249.33126948694894,222.6750673094956,289.56659333151225,307.687157350718,396.07653714441074,486.3345774001293,472.031628413825,105.1500203796405
